{
    "last_line": 48721,
    "current_energy_threshold": -28.9142881787198,
    "linear_version": 1,
    "lstm_version": 1,
    "svm_version": 1,
    "ema_scores": {
        "lstm": 0.7560682115433595,
        "linear": -2.353530947086568,
        "svm": 0.1793831049318834
    },
    "recovery_cycles": 2
}