{
    "last_line": 5271,
    "current_energy_threshold": -0.0333804894406792,
    "ema_scores": {
        "yolo_n": 0.5302320010955883,
        "yolo_s": 0.5811293638657915,
        "yolo_m": 0.5909101205378156
    },
    "recovery_cycles": 1
}