{
    "last_line": 4996,
    "current_energy_threshold": -0.0333804894406792,
    "ema_scores": {
        "yolo_n": 0.5580206534527338,
        "yolo_s": 0.5919141778293432,
        "yolo_m": 0.556248883267708
    },
    "recovery_cycles": 1
}