{
    "last_line": 61042,
    "current_energy_threshold": -28.9142881787198,
    "linear_version": 1,
    "lstm_version": 1,
    "svm_version": 1,
    "ema_scores": {
        "lstm": 0.7148413571621268,
        "linear": -0.27506435244483846,
        "svm": -0.1059175616648857
    },
    "recovery_cycles": 2
}