{
    "last_line": 22712,
    "current_energy_threshold": 1,
    "linear_version": 1,
    "lstm_version": 1,
    "svm_version": 1,
    "ema_scores": {
        "lstm": 0.2853983634862559,
        "linear": -0.6569986003670183,
        "svm": -0.7411136978809266
    },
    "recovery_cycles": 0
}