true_value,predicted_value,model_used,inference_time,energy_uJ
197.00000000000003,183.68328452110288,lstm,0.07524551899405196,1611385.0
202.0,187.746996730566,lstm,0.006412870992789976,91003.0
188.00000000000003,192.61724859476087,lstm,0.0012421400024322793,49317.0
231.99999999999994,191.3752371072769,lstm,0.003860049997456372,80872.0
206.00000000000003,204.76595163345334,lstm,0.0028896589938085526,26001.0
177.0,203.2575465738773,lstm,0.0018509749934310094,24719.0
201.0,192.80905976891515,lstm,0.0023514119966421276,30334.0
173.0,193.97716268897054,lstm,0.002485352990333922,22766.0
164.0,185.34716710448262,lstm,0.002344973006984219,35584.0
151.00000000000003,173.97418484091756,lstm,0.003209618997061625,23254.0
182.0,162.89836183190343,lstm,0.0017603499873075634,27100.0
130.0,167.8632868826389,lstm,0.0030289720016298816,23804.0
220.0,151.44058331847188,lstm,0.0034888660011347383,26428.0
176.0,173.8718335330486,lstm,0.00310154800536111,28870.0
165.0,173.95661205053327,lstm,0.0038262969901552424,36927.0
142.99999999999997,170.93847200274465,lstm,0.0024654370063217357,19348.0
183.0,159.3373094499111,lstm,0.003360681002959609,24780.0
182.0,168.26792210340497,lstm,0.0030692370055476204,37719.0
139.0,169.23194304108617,lstm,0.0029720830061705783,22034.0
147.0,157.02720567584035,lstm,0.004707048996351659,40588.0
216.0,152.0904396474361,lstm,0.003721299988683313,28931.0
199.0,174.3951870501041,lstm,0.002402964004431851,26367.0
207.0,181.465158611536,lstm,0.0030327929998748004,19775.0
222.0,189.42948058247563,lstm,0.0014255139976739883,66284.0
241.99999999999997,202.4837054312229,lstm,0.0013062789948889986,23560.0
205.0,217.97460779547689,lstm,0.0012986509973416105,29663.0
177.0,211.71270087361333,lstm,0.001280042008147575,49378.0
177.0,198.54218706488606,lstm,0.0013879639882361516,51208.0
201.0,189.04436871409413,lstm,0.0029190679924795404,26672.0
198.0,190.17307028174397,lstm,0.003251136004109867,28625.0
203.0,188.7861497700214,lstm,0.002730973996222019,24353.0
206.00000000000003,191.69970422983167,lstm,0.0029388779948931187,23926.0
131.0,196.25971034169194,lstm,0.0034354759991401806,28077.0
172.0,172.6132422685623,lstm,0.0018378840031800792,17334.0
183.0,190.84735797659178,svm,0.05040987199754454,872312.0
170.0,190.95567519129222,svm,0.0006471759988926351,9094.0
168.0,187.12093631314895,svm,0.0006862040027044713,9644.0
148.0,177.38151658394213,svm,0.0006427059997804463,11353.0
156.0,179.20356687407755,svm,0.0007388459926005453,0.0
165.0,178.50244501721096,svm,0.0009482269961154088,9094.0
163.0,176.69633283152424,svm,0.0006839790003141388,8240.0
131.99999999999997,176.01517228993833,svm,0.0006364459986798465,9949.0
145.0,166.96619743500588,svm,0.0007101369992597029,6104.0
167.0,167.7097177444836,svm,0.0007568820001324639,9400.0
174.0,172.1409749978685,svm,0.0002583229943411425,0.0
144.0,174.86236764777175,svm,0.000276767008472234,0.0
152.0,167.57834443694014,svm,0.0005365789984352887,14405.0
122.99999999999999,170.72588795724968,svm,0.0008298189932247624,7813.0
158.0,165.92944695144692,svm,0.0007862509955884889,11170.0
150.0,168.97532702881622,svm,0.0006417639961000532,9033.0
106.99999999999997,163.98840246401937,svm,0.0007511520088883117,7996.0
131.0,155.52774482378726,svm,0.0007452970021404326,10437.0
120.0,152.64201948529612,svm,0.00033022300340235233,0.0
144.0,153.35691310231738,svm,0.0007824279891792685,9644.0
142.99999999999997,154.38004656459967,svm,0.0009107140067499131,8361.0
166.0,151.17509492049922,svm,0.0007141870009945706,7263.0
120.99999999999999,162.49749337311036,svm,0.0008789990097284317,6897.0
104.99999999999999,155.7945146497062,svm,0.0011171239893883467,10925.0
120.99999999999999,152.68612006556674,svm,0.001384857008815743,18738.0
77.99999999999999,150.7371838953541,svm,0.00045466399751603603,0.0
104.99999999999999,140.14964037504458,svm,0.00035585599835030735,0.0
82.0,132.67637151624376,svm,0.0008401090017287061,8789.0
124.99999999999997,124.60503689341995,svm,0.0009508920047665015,9766.0
82.0,132.97068486247198,svm,0.0005783160013379529,10742.0
74.0,121.4708009166307,svm,0.0006592610006919131,0.0
74.0,121.20697112939654,svm,0.0009539140010019764,9399.0
118.0,81.69793934667977,linear,0.0024310479930136353,29052.0
78.99999999999999,85.25535188158334,linear,0.0006497739959741011,9521.0
81.0,80.84647270407031,linear,0.0007599489908898249,11292.0
87.99999999999999,80.68777932934589,linear,0.0006305629940470681,7385.0
73.00000000000001,82.05694259469861,linear,0.0008399119979003444,0.0
74.0,81.87661491164175,linear,0.0003814470110228285,0.0
80.00000000000001,77.6778530491839,linear,0.0005462319968501106,0.0
78.99999999999999,77.7947224816051,linear,0.0003388960030861199,12513.0
74.0,77.6044796604912,linear,0.0005036590009694919,7324.0
66.0,76.25999420799842,linear,0.0004701979923993349,0.0
80.00000000000001,75.55048595255097,linear,0.00037521999911405146,11597.0
43.0,76.15208153777074,linear,0.0006093559932196513,6896.0
58.0,72.508143818651,linear,0.0007132859900593758,8118.0
39.99999999999999,70.4814212258276,linear,0.00019842300389427692,0.0
45.000000000000014,67.2010867705145,linear,0.00027176301227882504,11963.0
57.0,65.15746735481406,linear,0.00068100199860055,12268.0
68.0,63.04621659951402,linear,0.0005449809978017583,7874.0
63.000000000000014,65.48711202298668,linear,0.0006501160096377134,6226.0
37.00000000000001,65.98892484777919,linear,0.000573002005694434,5554.0
48.0,65.59468206126692,linear,0.0004611409967765212,0.0
58.99999999999999,65.85610806216408,linear,0.0005665100034093484,0.0
58.0,66.09710626058423,linear,0.0005753430014010519,0.0
40.99999999999999,65.16340447170141,linear,0.00034202300594188273,63293.0
41.999999999999986,63.022034674125905,linear,0.00036068599729333073,12085.0
45.000000000000014,63.458741918447394,linear,0.000575033001950942,8118.0
45.000000000000014,63.17270964795821,linear,0.00036617300065699965,0.0
43.0,61.83937144102036,linear,0.00022056599846109748,0.0
45.000000000000014,60.413819835451825,linear,0.0006825220043538138,17334.0
31.999999999999993,60.79879796386695,linear,0.0003311850014142692,14526.0
29.000000000000004,59.79638502235308,linear,0.0009221539949066937,13794.0
39.0,58.22782345063219,linear,0.0005545359890675172,4638.0
46.00000000000001,57.68473791891314,linear,0.0006079599988879636,4700.0
36.00000000000001,58.0146700608998,linear,0.00031890100217424333,0.0
31.999999999999993,57.145221471133056,linear,0.00034961300843860954,11719.0
27.00000000000001,35.30557587742805,lstm,0.0013075220049358904,31372.0
33.00000000000001,32.349312976002686,lstm,0.0034589940041769296,28869.0
39.99999999999999,31.829417273402203,lstm,0.0022147380077512935,27344.0
30.0,33.6976034939289,lstm,0.0023593630030518398,26123.0
39.0,32.09967650473117,lstm,0.003985229006502777,40283.0
43.0,34.30350124835967,lstm,0.0028112630097894,25025.0
48.0,37.56696879863738,lstm,0.0035615220112958923,41748.0
19.000000000000007,41.3210292905569,lstm,0.004013142999610864,29113.0
21.999999999999996,33.315178081393235,lstm,0.0038766180077800527,50110.0
29.000000000000004,29.01210531592368,lstm,0.01007714300067164,164550.0
34.0,28.01011934876441,lstm,0.001924449999933131,24048.0
27.00000000000001,29.02329444885253,lstm,0.002010219992371276,25147.0
37.00000000000001,27.156642079353322,lstm,0.0026819850027095526,27343.0
25.0,30.876682996749867,lstm,0.002393225993728265,24719.0
30.999999999999996,29.091945365071286,lstm,0.002403556994977407,46082.0
25.999999999999996,29.47088636457919,lstm,0.005009986998629756,35522.0
30.999999999999996,27.751182243227948,lstm,0.005202835993259214,45654.0
18.00000000000001,28.651712387800206,lstm,0.002193295003962703,52979.0
21.0,24.21362526714801,lstm,0.004635071993106976,46143.0
16.999999999999996,22.693171054124825,lstm,0.0038994569913484156,29602.0
16.0,19.933391809463494,lstm,0.004315165002481081,33569.0
13.999999999999991,17.910659015178673,lstm,0.004588736992445774,39795.0
24.000000000000004,15.568982735276213,lstm,0.005089516009320505,37780.0
18.00000000000001,18.170660063624375,lstm,0.00431615200068336,32654.0
13.999999999999991,17.8308455646038,lstm,0.004676618002122268,44372.0
16.0,16.337158381938927,lstm,0.001191615010611713,17884.0
16.0,15.98824717104434,lstm,0.0023813720035832375,19958.0
10.000000000000005,15.849615409970275,lstm,0.0037604550016112626,50598.0
21.0,13.129645362496367,lstm,0.0018571129912743345,43151.0
20.000000000000004,15.404062718152991,lstm,0.0019671230111271143,20935.0
13.999999999999991,16.970745250582688,lstm,0.009850975999142975,103393.0
15.000000000000004,15.833842456340781,lstm,0.0016319470014423132,24292.0
31.999999999999993,47.26399749767766,linear,0.00024045600730460137,28198.0
20.000000000000004,49.420935054314626,linear,0.00019885700021404773,12634.0
13.999999999999991,49.31798687042642,linear,0.0003679850051412359,6104.0
12.999999999999995,48.704480231483466,linear,0.000692606990924105,6286.0
11.999999999999998,48.59214231941484,linear,0.0003279570082668215,11474.0
15.000000000000004,48.28173485573601,linear,0.0003306680009700358,10987.0
13.999999999999991,46.67515420387389,linear,0.0003998320025857538,9156.0
12.999999999999995,46.109419986453496,linear,0.00028673000633716583,0.0
11.000000000000002,46.00917551416435,linear,0.0004515550099313259,8423.0
11.000000000000002,45.80966316466292,linear,0.00022953699226491153,0.0
16.0,45.70679340842716,linear,0.00023699700250290334,0.0
11.999999999999998,45.82122595540238,linear,0.0003765110013773665,0.0
11.000000000000002,45.62669362148351,linear,0.0003436630067881197,0.0
7.999999999999996,45.42572206541083,linear,0.0002380920050200075,9217.0
11.999999999999998,45.125902463901895,linear,0.0005928009923081845,7080.0
12.999999999999995,45.224554108834035,linear,0.00024072099768090993,0.0
11.000000000000002,44.95303999366627,linear,0.0003012730012414977,28747.0
11.999999999999998,44.8532781328715,linear,0.000505946998600848,9643.0
18.00000000000001,44.95165048501905,linear,0.00043359000119380653,0.0
12.999999999999995,45.92811158802981,linear,0.0005117289983900264,18921.0
12.999999999999995,46.017206242495355,linear,0.0005046080041211098,9643.0
11.000000000000002,46.00924172331279,linear,0.000296979007543996,0.0
20.000000000000004,46.001149417752295,linear,0.0007614269998157397,17700.0
10.000000000000005,46.788615871489014,linear,0.00037503500061575323,58959.0
13.999999999999991,46.01063135065101,linear,0.0003679690125863999,0.0
18.00000000000001,46.10041494933233,linear,0.00031949300318956375,20935.0
16.999999999999996,46.60336249708655,linear,0.0003197399928467348,0.0
21.999999999999996,47.17296657357234,linear,0.000935705000301823,7691.0
21.0,47.390472076802105,linear,0.0002682080084923655,0.0
20.000000000000004,48.44599262685439,linear,0.000689615000737831,0.0
25.0,49.010752594830116,linear,0.0008454950002487749,7873.0
25.0,49.69763250377475,linear,0.0006509459926746786,5493.0
12.999999999999995,50.468417052068865,linear,0.0007141410023905337,9827.0
21.999999999999996,49.565407835494284,linear,0.0006934049888513982,9583.0
28.000000000000007,19.70177143812179,lstm,0.005131359997903928,40527.0
27.00000000000001,22.395063117146485,lstm,0.002054220996797085,22522.0
34.0,23.74933831393718,lstm,0.0037953199935145676,36926.0
39.99999999999999,27.18849830329417,lstm,0.002767229001619853,20630.0
34.0,32.37077802419662,lstm,0.003305200007162057,24476.0
30.999999999999996,33.38278278708457,lstm,0.0035629720077849925,34241.0
36.00000000000001,32.61042229831218,lstm,0.003309398001874797,29419.0
37.00000000000001,33.817633986473076,lstm,0.0026437719934619963,17639.0
37.00000000000001,34.67205107212066,lstm,0.0031400000007124618,23925.0
46.00000000000001,34.987279623746865,lstm,0.0028855550044681877,29175.0
58.99999999999999,38.728342279791825,lstm,0.003103182010818273,22644.0
65.0,46.172041520476334,lstm,0.0037019650044385344,18860.0
41.999999999999986,53.31207372248172,lstm,0.002757684007519856,31128.0
72.00000000000001,50.05390815436839,lstm,0.0025328350020572543,23438.0
53.0,58.18925008177756,lstm,0.003273636000812985,23926.0
85.99999999999999,56.74815714359282,lstm,0.0028976510075153783,17089.0
67.0,66.68642126023768,lstm,0.00367918900155928,28382.0
75.0,66.73950314521788,lstm,0.003038871000171639,22644.0
71.0,70.6739906221628,lstm,0.003510863010887988,16723.0
82.0,70.37945576012133,lstm,0.004113195012905635,26367.0
90.0,75.02266220748423,lstm,0.0038239010027609766,21362.0
86.99999999999999,79.42083373665808,lstm,0.003233006995287724,20630.0
106.99999999999997,82.46692001819609,lstm,0.003106244999798946,15137.0
102.99999999999999,91.2478359043598,lstm,0.003929483995307237,26489.0
114.99999999999999,96.16307482123374,lstm,0.0031405159970745444,19409.0
121.99999999999999,103.21268960833547,lstm,0.0019544009992387146,25635.0
158.0,110.17064571380612,lstm,0.0042063139990204945,21057.0
100.0,127.97495007514951,lstm,0.005851410998729989,35705.0
132.99999999999997,118.5748194158077,lstm,0.0030856610101182014,17944.0
111.0,123.89928624033925,lstm,0.0032356089941458777,14282.0
128.0,119.02937129139897,lstm,0.004859545006183907,26795.0
157.0,121.30409896373746,lstm,0.0054811849986435845,27954.0
141.99999999999997,149.99954366324576,svm,0.0004715270042652264,8301.0
194.0,156.24171000753964,svm,0.0010970720031764358,4272.0
216.0,167.87528834409682,svm,0.0008187829953385517,7874.0
218.0,184.66151658394196,svm,0.0006626039976254106,10132.0
155.0,198.365346371176,svm,0.0008233639964601025,6348.0
204.0,189.69965971740461,svm,0.0007933930028229952,6103.0
148.0,203.9639537212727,svm,0.00042663000931497663,0.0
176.0,193.98515294757854,svm,0.0006688299909001216,11658.0
168.99999999999997,192.29973708684335,svm,0.0009977199952118099,8056.0
160.00000000000003,181.72364424351645,svm,0.0010742779995780438,7446.0
167.0,184.77911813133096,svm,0.0008455110073555261,6409.0
156.0,177.37842180637915,svm,0.0008756839961279184,8667.0
174.0,178.85416648723034,svm,0.0008581459987908602,5127.0
213.0,180.16805430154344,svm,0.0007885879895184189,5982.0
198.0,189.61393437891306,svm,0.0008673260017530993,3723.0
145.0,194.00728060715298,svm,0.0009248819987988099,4394.0
171.0,184.44225159361318,svm,0.0006753850029781461,8606.0
138.0,188.43884733829418,svm,0.0008799009956419468,4456.0
162.0,182.98337345047972,svm,0.001195144999655895,9766.0
154.0,178.8055784794934,svm,0.0008328209951287135,3540.0
182.0,169.62507557813942,svm,0.000921130005735904,5860.0
139.0,179.09323805396147,svm,0.0007559380028396845,0.0
158.0,168.79815101334233,svm,0.0006901029992150143,5249.0
139.0,174.02600401140842,svm,0.0007358869916060939,6470.0
148.0,168.45586861488997,svm,0.0008761390054132789,0.0
137.0,170.55675836343926,svm,0.0010163349943468347,5554.0
131.0,161.32163263810077,svm,0.0007971710001584142,5493.0
151.00000000000003,160.795675191292,svm,0.0008739080076338723,27222.0
152.0,160.83141987214313,svm,0.0009820840059546754,0.0
154.0,163.55791890502522,svm,0.0007619279931532219,7202.0
145.0,164.11513360521877,svm,0.0006758800009265542,8911.0
144.0,163.52666165164032,svm,0.0006464530015364289,9338.0
135.0,165.90205817001555,svm,0.0005120819987496361,6103.0
120.99999999999999,139.9962459504604,lstm,0.0014134060038486496,22095.0
128.0,131.68514952063558,lstm,0.0033008129976224154,34973.0
152.0,128.32434892654416,lstm,0.0014054890052648261,25268.0
152.0,135.08501455187795,lstm,0.003135841994662769,22949.0
159.0,139.89612892270085,lstm,0.0013453870051307604,26977.0
168.0,146.25478371977803,lstm,0.0012780260003637522,26612.0
144.0,154.57272484898564,lstm,0.0011743100039893761,42114.0
184.0,151.3080160319805,lstm,0.0012324180133873597,42847.0
144.0,162.04559385776517,lstm,0.0014917829976184294,28443.0
160.00000000000003,155.10498002171514,lstm,0.0020546790037769824,56702.0
165.0,155.70687025785443,lstm,0.011287611996522173,164429.0
147.0,157.39385813474652,lstm,0.004485761994146742,32409.0
127.0,153.38504537940022,lstm,0.0044608280004467815,35889.0
119.0,141.39181986451146,lstm,0.003989115997683257,29785.0
126.00000000000001,132.32051849365232,lstm,0.0030257710022851825,24842.0
139.0,127.65199020504949,lstm,0.00265076600771863,25756.0
121.99999999999999,128.88183727860448,lstm,0.0031510289991274476,17822.0
162.0,124.74100694060323,lstm,0.002027365000685677,17029.0
174.0,137.2472125291824,lstm,0.0033657220046734437,25390.0
149.0,150.60790613293645,lstm,0.003105215000687167,24841.0
148.0,150.54336026310918,lstm,0.0032579249964328483,20080.0
159.0,149.43916484713552,lstm,0.00346762799017597,26734.0
144.0,153.38637530803678,lstm,0.003284127000370063,23255.0
141.0,148.57868328690526,lstm,0.00313343400193844,22827.0
162.0,143.60632836818692,lstm,0.003848477004794404,34851.0
127.0,149.0057499706745,lstm,0.0034518320026108995,22827.0
162.0,140.28278350830075,lstm,0.003598825991502963,40406.0
157.0,146.20327115058896,lstm,0.003635842993389815,29297.0
168.0,149.2926953732967,lstm,0.0038115299976198003,34119.0
149.0,155.5316388607025,lstm,0.0012221500073792413,18432.0
175.0,151.96148976683614,lstm,0.0034893739939434454,33692.0
157.0,160.61267554759976,lstm,0.0033312120067421347,22522.0
166.0,158.2288937270641,lstm,0.0035091750032734126,27832.0
131.0,178.09316068452236,svm,0.0007849260000512004,5676.0
149.0,168.3743212261085,svm,0.0010045670060208067,8667.0
172.0,171.3722322512534,svm,0.0009551059920340776,15258.0
161.0,172.66383766711417,svm,0.0008398589998250827,3601.0
161.0,173.4694082667274,svm,0.00036160000308882445,0.0
144.0,170.58306397272364,svm,0.0011575890093808994,7202.0
162.0,170.88000787988022,svm,0.0009581929916748777,9216.0
158.0,175.53037538471565,svm,0.000590539988479577,11475.0
208.0,173.06523031701755,svm,0.0010532820015214384,7080.0
176.0,184.61741600367134,svm,0.0011758249893318862,16174.0
234.0,182.7139730636326,svm,0.0007004660001257434,10254.0
191.0,200.78190343113758,svm,0.0009262329986086115,7324.0
210.0,199.6499885375205,svm,0.0008538629917893559,6409.0
157.0,210.6827158102476,svm,0.0008060819964157417,8118.0
170.0,196.17641020096335,svm,0.0009363790013594553,10071.0
209.0,199.65726126479328,svm,0.0006292539910646155,5859.0
192.0,198.3537409553155,svm,0.0007832629926269874,8850.0
200.0,199.22801561682417,svm,0.0008466409926768392,6592.0
200.0,195.66577190309093,svm,0.0009507369977654889,9155.0
217.0,201.15760942726902,svm,0.0003203469968866557,0.0
158.0,211.19180671933867,svm,0.0008342490036739036,7325.0
183.0,197.70321871160152,svm,0.0007818989979568869,7325.0
170.0,198.69277383732694,svm,0.0008920190011849627,11291.0
193.0,193.5738570094741,svm,0.000654843999654986,11230.0
132.99999999999997,196.89083960135014,svm,0.0007968660065671429,9216.0
184.0,176.79598466904838,svm,0.0007758370047667995,7263.0
193.0,186.0725804137293,svm,0.0008658980077598244,8484.0
186.0,188.02600401140808,svm,0.0008053920028032735,8545.0
188.00000000000003,191.72704849883573,svm,0.0008691270049894229,7935.0
236.0,187.2523096206925,svm,0.0010037089959951118,6958.0
151.00000000000003,207.8339730636327,svm,0.0007101309893187135,12756.0
199.0,195.9212457909055,svm,0.0007406230142805725,9826.0
171.0,200.0730446303638,svm,0.00040344901208300143,0.0
215.00000000000003,179.80026528239247,lstm,0.0018902899901149794,21179.0
199.0,190.68420618772504,lstm,0.0028053440037183464,14526.0
209.0,189.85514640808103,lstm,0.002947321001556702,29969.0
181.0,197.46473208069798,lstm,0.0033816250070231035,24903.0
215.00000000000003,190.1254943013191,lstm,0.00314595500822179,30579.0
170.0,198.73511537909505,lstm,0.003921283001545817,26673.0
137.0,186.12090185284612,lstm,0.0032190660131163895,30335.0
167.0,166.66244998574254,lstm,0.0033144040062325075,26123.0
177.0,163.41969385743138,lstm,0.002763602009508759,22583.0
158.0,166.14243015646932,lstm,0.003418484004214406,29419.0
161.0,159.54153329133985,lstm,0.0033573609980521724,22889.0
181.0,158.57393041253087,lstm,0.0031184200051939115,20752.0
153.0,166.73563152551648,lstm,0.0015731650055386126,14221.0
197.00000000000003,160.7217828929424,lstm,0.0029830069979652762,16541.0
186.99999999999997,171.83250322937963,lstm,0.003102995004155673,18250.0
194.0,176.83817729353902,lstm,0.00351169599161949,25574.0
192.0,182.66447052359578,lstm,0.0020126570016145706,16357.0
156.0,184.89080652594564,lstm,0.0033268999977735803,20874.0
168.0,175.02532497048375,lstm,0.003360727001563646,24963.0
180.0,170.21041586995122,lstm,0.0036062540020793676,15197.0
188.00000000000003,171.6298398375511,lstm,0.002738779003266245,17640.0
160.00000000000003,175.10421633720395,lstm,0.003282259000116028,17518.0
182.0,167.68890663981435,lstm,0.0030920040007913485,19775.0
193.0,172.39171162247655,lstm,0.0028489609976531938,24841.0
184.0,178.81356462836263,lstm,0.0033462060091551393,16174.0
177.99999999999997,179.3827740848064,lstm,0.0033007440069923177,27038.0
160.00000000000003,177.2821961343288,lstm,0.0034119620104320347,15930.0
182.0,170.86988314986226,lstm,0.003718442007084377,26245.0
153.0,173.1177285313606,lstm,0.003047431993763894,18554.0
166.0,163.68135288357732,lstm,0.003223641004296951,19226.0
193.0,162.3827041685581,lstm,0.0033657790045253932,22339.0
138.0,171.4307406544685,lstm,0.0033921209978871047,23620.0
114.99999999999999,178.4530833150833,svm,0.00036547599302139133,0.0
165.0,164.94561716421276,svm,0.001017440008581616,7019.0
161.0,171.57200014293625,svm,0.0008589770004618913,3906.0
151.00000000000003,173.67969840212388,svm,0.0009246870031347498,8484.0
142.99999999999997,164.92348950463833,svm,0.0007957050111144781,5737.0
139.0,162.4608202589903,svm,0.0003056079876841977,0.0
151.00000000000003,167.51242567485102,svm,0.0007193680066848174,5005.0
147.0,166.94236764777182,svm,0.0009640229982323945,10437.0
141.99999999999997,164.5832187116017,svm,0.0007590360037283972,6653.0
129.0,162.523180026882,svm,0.0007808549999026582,4334.0
141.99999999999997,158.85664230928063,svm,0.0008896140061551705,2808.0
155.0,161.0896790597642,svm,0.0007773249963065609,5554.0
133.99999999999997,163.08410846015101,svm,0.0007319259893847629,4639.0
173.0,159.3979189050252,svm,0.0007747909985482693,5493.0
136.0,166.26677770579894,svm,0.0008799780043773353,3906.0
123.99999999999999,164.22608138084723,svm,0.001014939000015147,6103.0
140.0,161.12093631314903,svm,0.001111220000893809,6042.0
161.0,158.95474675802336,svm,0.0009698450012365356,6958.0
147.0,167.507783508507,svm,0.0008220379968406633,5859.0
124.99999999999997,161.43629414680473,svm,0.0008718570024939254,3051.0
130.0,156.575945984329,svm,0.0009888519998639822,4395.0
121.99999999999999,157.92140052978334,svm,0.0007040639902697876,4334.0
108.0,156.17083960135017,svm,0.0007238749967655167,6531.0
117.0,147.54693244467705,svm,0.000779197012889199,6165.0
142.99999999999997,143.29176803461905,svm,0.0006828679906902835,4211.0
91.0,148.8891374736906,svm,0.0007569799927296117,4212.0
131.99999999999997,138.67389569419348,svm,0.0007761070010019466,7263.0
113.99999999999999,142.62793824738492,svm,0.0009289040026487783,4029.0
105.99999999999999,142.0735088469982,svm,0.0008179430005839095,4882.0
96.99999999999999,141.81385700947396,svm,0.0008250469982158393,8179.0
115.99999999999997,131.5343985955476,svm,0.0003269479930168018,0.0
104.99999999999999,138.96650691276196,svm,0.0010945679969154298,4273.0
122.99999999999999,133.9246500462245,svm,0.0007447649986715987,4761.0
117.0,92.43984037949586,linear,0.00032552299671806395,17640.0
93.99999999999999,93.51730861982065,linear,0.0006489950028480962,0.0
101.0,93.11710544789138,linear,0.0008125840104185045,6286.0
82.0,91.67094682533605,linear,0.0007473029982065782,7324.0
93.99999999999999,89.39718595515531,linear,0.0006985630025155842,7324.0
80.00000000000001,86.63110231681927,linear,0.0007190530013758689,6836.0
88.99999999999997,83.08719219986007,linear,0.0006147020030766726,5187.0
117.0,82.60487159287277,linear,0.0005980159912724048,6775.0
90.0,84.27339335511691,linear,0.000720349999028258,5188.0
78.99999999999999,84.98774865915102,linear,0.0005374250031309202,3357.0
82.0,83.47310045914713,linear,0.0005162629968253896,6286.0
61.0,83.64378696155764,linear,0.0005906519945710897,5188.0
81.0,80.86583019374633,linear,0.0006555010040756315,3662.0
63.000000000000014,77.47558161691359,linear,0.0005616560083581135,7995.0
75.99999999999999,74.87857557469951,linear,0.0008048290037550032,6348.0
81.0,74.59797613946881,linear,0.0008635650010546669,3845.0
54.000000000000014,74.5677952212575,linear,0.00039081099384929985,0.0
70.0,73.79154480622778,linear,0.0007522100058849901,8423.0
80.00000000000001,72.75935320496419,linear,0.00041001600038725883,0.0
68.0,74.44091863663239,linear,0.0008889390010153875,7142.0
68.0,73.64747825779477,linear,0.0005785050016129389,3907.0
75.99999999999999,72.40676396961027,linear,0.0005039359966758639,5554.0
57.0,74.52474134880829,linear,0.0006992299895500764,4211.0
61.0,73.21869241400056,linear,0.0007597309886477888,10071.0
61.0,71.38802341366075,linear,0.0006701750098727643,6408.0
61.0,70.72587454747455,linear,0.0005875630013179034,0.0
45.000000000000014,70.04736623687498,linear,0.0006807000027038157,3418.0
49.99999999999999,67.0425951170942,linear,0.0005423380061984062,5859.0
56.00000000000001,66.35378458413555,linear,0.0005370559956645593,6531.0
50.999999999999986,65.9063035920668,linear,0.0007049020059639588,5615.0
61.0,64.94326380090773,linear,0.0006048280047252774,7934.0
65.0,64.98513347297877,linear,0.0006646450055995956,6408.0
58.99999999999999,66.92898695639938,linear,0.0005829400033690035,10132.0
72.00000000000001,58.546601906418786,lstm,0.0014813710004091263,36377.0
48.99999999999999,63.15959237515925,lstm,0.0035482319945003837,24963.0
39.99999999999999,58.48842196166514,lstm,0.003212302995962091,18127.0
41.999999999999986,51.31697684526443,lstm,0.003760798994335346,29969.0
36.00000000000001,46.73630364239215,lstm,0.0033655890001682565,17639.0
28.000000000000007,41.778099164366715,lstm,0.010214027992333286,138122.0
39.99999999999999,34.8644296824932,lstm,0.003420241002459079,18799.0
35.0,35.53739130496978,lstm,0.0035452440060907975,23438.0
28.000000000000007,34.85230959951877,lstm,0.0020685170020442456,55602.0
36.00000000000001,31.788366809487332,lstm,0.004380835001938976,30273.0
34.0,32.75350488722324,lstm,0.003369725003722124,21301.0
30.999999999999996,33.19207102060317,lstm,0.0035277090064482763,22400.0
31.999999999999993,31.80447667837142,lstm,0.0032478260109201074,19104.0
24.000000000000004,31.44425220787524,lstm,0.0035557090013753623,19348.0
28.000000000000007,28.71506132185458,lstm,0.002180290990509093,16785.0
25.0,27.737457379698743,lstm,0.003629505998105742,26123.0
27.00000000000001,26.158273518085473,lstm,0.004444414997124113,35583.0
25.0,25.92538528144359,lstm,0.0034481840120861307,18188.0
18.00000000000001,25.0478097051382,lstm,0.0026572820061119273,15930.0
21.999999999999996,22.361282929778092,lstm,0.0029831800056854263,20264.0
19.000000000000007,21.62422761321067,lstm,0.001791301998309791,19226.0
21.999999999999996,20.255633518099778,lstm,0.0033690650016069412,26551.0
30.0,20.260607451200478,lstm,0.0030362510005943477,18616.0
19.000000000000007,23.265802860260003,lstm,0.003711611992912367,27649.0
21.999999999999996,21.916102617979043,lstm,0.0037613799941027537,21789.0
30.999999999999996,21.70235648751258,lstm,0.0042505920137045905,30762.0
21.0,24.900152161717408,lstm,0.004598965999321081,29785.0
10.000000000000005,23.51082891225814,lstm,0.0018842889985535294,26673.0
10.000000000000005,18.14415015280246,lstm,0.00426799499837216,26612.0
22.999999999999993,14.838789850473395,lstm,0.003478842001641169,18433.0
22.999999999999993,16.976916119456284,lstm,0.00323884301178623,25452.0
18.00000000000001,18.218466565012925,lstm,0.003365744007169269,19653.0
12.999999999999995,17.910384163260453,lstm,0.00443691699183546,22705.0
16.0,47.93515946233408,linear,0.00029383800574578345,0.0
15.000000000000004,48.49667905722641,linear,0.0005845459963893518,4761.0
13.999999999999991,47.73323491252218,linear,0.0006426850013667718,9155.0
7.999999999999996,46.87120292705653,linear,0.0005379749927669764,0.0
11.999999999999998,45.895783485127744,linear,0.0005804390093544498,5677.0
15.000000000000004,45.79900600924196,linear,0.0006800250121159479,6897.0
10.000000000000005,45.72292552812007,linear,0.0007286379986908287,6225.0
16.0,45.23361741244559,linear,0.0006051370000932366,9522.0
13.999999999999991,45.44247372812299,linear,0.000648978995741345,6043.0
18.00000000000001,46.01776300579622,linear,0.00054517800163012,9644.0
13.999999999999991,46.59920271161883,linear,0.0006075470009818673,5737.0
16.0,46.50256132084202,linear,0.0006697150092804804,7080.0
11.999999999999998,47.0698151789198,linear,0.0007186369912233204,5493.0
11.000000000000002,46.67882006510459,linear,0.0007802519976394251,0.0
21.0,46.37587999357767,linear,0.0005072830099379644,4761.0
12.999999999999995,46.700557281079625,linear,0.0006575830047950149,6286.0
13.999999999999991,46.594568494696766,linear,0.0005986970063531771,6225.0
18.00000000000001,46.39470017693555,linear,0.0006336310034384951,3601.0
15.000000000000004,46.98632928754848,linear,0.0005864599952474236,5432.0
10.000000000000005,47.356353662241034,linear,0.0007037920004222542,5005.0
16.0,46.28781688994033,linear,0.0003081030008615926,0.0
9.000000000000009,46.58515499788773,linear,0.0005449570016935468,0.0
18.00000000000001,46.08962669679432,linear,0.0005868649896001443,5982.0
9.000000000000009,46.11045581312766,linear,0.0008345490059582517,4090.0
13.999999999999991,45.5274920127652,linear,0.0006858889973955229,5615.0
24.000000000000004,45.903810605992184,linear,0.0005451930046547204,5127.0
12.999999999999995,46.722362027382985,linear,0.0006577930034836754,8118.0
19.000000000000007,47.07722185100361,linear,0.0006002690060995519,6043.0
12.999999999999995,47.18140135630874,linear,0.0005714979924960062,8850.0
19.000000000000007,47.550054571993385,linear,0.0004181870026513934,10620.0
12.999999999999995,48.027516592004304,linear,0.00043658100184984505,7995.0
21.0,46.97663747380725,linear,0.0006148889951873571,25757.0
11.999999999999998,47.75253987497016,linear,0.00048059200344141573,10071.0
21.0,14.801152870059004,lstm,0.0012360559921944514,21240.0
24.000000000000004,16.847354471683495,lstm,0.0033676969906082377,22828.0
24.000000000000004,19.1139518469572,lstm,0.003617463997215964,34790.0
33.00000000000001,21.041452884674065,lstm,0.003219731996068731,23559.0
25.0,25.147111043334,lstm,0.00305083800049033,28565.0
25.999999999999996,25.695680007338517,lstm,0.002935313998023048,14953.0
38.0,25.835189521312707,lstm,0.0022509080008603632,16419.0
39.99999999999999,30.006351098418225,lstm,0.003638761001639068,33691.0
37.00000000000001,33.724601045250886,lstm,0.003577953000785783,23865.0
25.0,34.80423711240291,lstm,0.003384079987881705,25757.0
44.0,31.65377803146838,lstm,0.002673932001926005,22522.0
27.00000000000001,35.968873351812356,lstm,0.0032296269928338006,35706.0
36.00000000000001,32.46852777898311,lstm,0.0048898879904299974,45593.0
34.0,33.00501212477683,lstm,0.003351997002027929,32837.0
44.0,32.91784860193729,lstm,0.0035766789951594546,41016.0
48.99999999999999,37.00934745371341,lstm,0.0030615649884566665,22644.0
68.0,40.74049770832061,lstm,0.003315119000035338,24047.0
84.99999999999999,51.02698147296905,lstm,0.0030930220091249794,31128.0
68.0,63.8653766363859,lstm,0.0019214589992770925,57250.0
75.0,66.8913898617029,lstm,0.00409168099577073,45410.0
71.0,70.73345616459845,lstm,0.004330001000198536,36621.0
57.0,71.61641351878642,lstm,0.003716325998539105,29297.0
59.99999999999999,66.15171901881693,lstm,0.0036385679995873943,29480.0
53.0,62.45098866522311,lstm,0.0048404440021840855,32166.0
58.0,58.31838615238665,lstm,0.0037798289995407686,41993.0
83.0,56.85237921774386,lstm,0.0036038590042153373,30456.0
88.99999999999997,65.05218721926211,lstm,0.0016273739893222228,11474.0
75.0,73.83571863174437,lstm,0.0030589899979531765,17212.0
93.0,74.82739321887492,lstm,0.0032389900006819516,30151.0
85.99999999999999,82.13454425334929,lstm,0.002648212990607135,20996.0
97.99999999999997,84.41867008805274,lstm,0.003387585995369591,24719.0
101.0,88.89442965388297,lstm,0.0032690710067981854,28808.0
87.99999999999999,120.73702915647591,svm,0.0002560110006015748,0.0
106.99999999999997,122.07412780251086,svm,0.0006848149932920933,8057.0
189.0,125.09679704815882,svm,0.0007916830072645098,8057.0
191.0,147.7477835085069,svm,0.0008725969964871183,12878.0
177.0,161.45006590695937,svm,0.0006946009962121025,8484.0
197.00000000000003,168.62793824738512,svm,0.0007610839966218919,3906.0
185.0,183.7655784794932,svm,0.0009862010047072545,13123.0
173.0,196.73424385666945,svm,0.0008560960122849792,6408.0
215.00000000000003,193.59892470773315,svm,0.0007734569953754544,4456.0
239.0,199.85965971740407,svm,0.000783643001341261,0.0
215.00000000000003,212.16820904042174,svm,0.0004071930015925318,16235.0
297.0,211.90267712552824,svm,0.0010897440079133958,7446.0
268.99999999999994,233.08859588761715,svm,0.0011962309945374727,8728.0
209.0,245.2117680346191,svm,0.0009780179971130565,8850.0
259.0,239.25679704815877,svm,0.0010885070078074932,8117.0
259.0,243.4381510133424,svm,0.0007430999976349995,7446.0
246.99999999999997,254.41192277349714,svm,0.0007563300023321062,7873.0
286.99999999999994,246.53014327639852,svm,0.0007310750079341233,6287.0
300.99999999999994,248.96511426285903,svm,0.000754616004996933,9338.0
323.0,265.2461200655666,svm,0.000778429995989427,8362.0
281.0,276.15985314100203,svm,0.0008947199967224151,6164.0
235.0,273.46956300560566,svm,0.0010282099974574521,9766.0
271.0,268.1022902783327,svm,0.0008429659937974066,8362.0
323.0,269.46430188374865,svm,0.0008404429972870275,0.0
299.0,280.25362490115685,svm,0.0007254639931488782,6347.0
268.99999999999994,274.25254172900947,svm,0.0002868060109904036,0.0
279.0,266.18817035570197,svm,0.00028325000312179327,13611.0
315.0,273.17029801527667,svm,0.000945060994126834,8606.0
307.0,285.78523031701747,svm,0.0007371020037680864,7202.0
335.0,282.8445726767857,svm,0.000861402993905358,13977.0
323.0,288.59250304429014,svm,0.0010172250040341169,8484.0
242.99999999999997,294.42399240599235,svm,0.000977650997810997,10131.0
353.0,283.07668099400024,svm,0.00028053099231328815,0.0
339.00000000000006,303.63593190908426,lstm,0.001378701999783516,41931.0
242.99999999999997,311.9190111756324,lstm,0.003280448989244178,21912.0
363.0,282.73399323225016,lstm,0.0027443300059530884,25452.0
359.0,306.8023324012756,lstm,0.003510959999402985,23682.0
309.0,324.2990154027938,lstm,0.0032933639886323363,26428.0
299.0,313.2070559263229,lstm,0.0033976150007219985,32166.0
321.00000000000006,303.6948743462562,lstm,0.0013674740039277822,35279.0
295.0,309.9145427346229,lstm,0.0031698319944553077,28320.0
277.0,298.3938851952552,lstm,0.002662654995219782,22400.0
315.0,284.68664765357966,lstm,0.0032212670048465952,37476.0
289.0,291.4502745866775,lstm,0.002903991990024224,21728.0
317.0,286.94802284240717,lstm,0.003930719001800753,37231.0
255.0,292.9015281796455,lstm,0.0032699840085115284,25207.0
309.0,276.2179812788963,lstm,0.002938495992566459,24353.0
341.0,285.43952912092203,lstm,0.003021680997335352,32410.0
286.99999999999994,300.308344066143,lstm,0.0033688460098346695,22461.0
321.00000000000006,292.5493630766868,lstm,0.002865495000150986,24658.0
281.0,298.4984707832336,lstm,0.0031173250026768073,27954.0
321.00000000000006,291.30121618509287,lstm,0.0036244229995645583,27649.0
275.0,298.0648431181907,lstm,0.0017475200002081692,52551.0
327.0,284.33668136596674,lstm,0.0031775499955983832,19104.0
279.0,296.59610539674753,lstm,0.002971979003632441,26856.0
284.99999999999994,285.70477008819574,lstm,0.0031873289990471676,21789.0
303.0,283.02512347698206,lstm,0.002882239001337439,20874.0
337.0,285.33441156148905,lstm,0.004750865991809405,32166.0
317.0,301.0074254870414,lstm,0.0034948889951920137,29908.0
305.0,301.6325628757476,lstm,0.0027632889978121966,24902.0
367.0,300.722182393074,lstm,0.0030823440029053017,36438.0
397.0,321.65419518947596,lstm,0.0036525489995256066,27222.0
351.0,344.49616283178324,lstm,0.0034863260079873726,16297.0
309.0,342.0239850878715,lstm,0.003390411991858855,29175.0
257.0,327.6632738113403,lstm,0.0035232939990237355,16419.0
345.0,300.73640376329416,lstm,0.0027449639892438427,24841.0
371.0,313.4085958876172,svm,0.0003246970009058714,9339.0
295.0,312.77849917581824,svm,0.0008168679923983291,6042.0
359.0,296.87598466904825,svm,0.0009616730094421655,7324.0
363.0,304.5999305104411,svm,0.0009146469965344295,6836.0
303.0,323.3666616516403,svm,0.0009965630015358329,4517.0
403.0,314.42987248336175,svm,0.0009933960100170225,13245.0
373.0,323.22151658394216,svm,0.0008213359978981316,6225.0
289.0,334.6019421158569,svm,0.000909997004782781,5738.0
387.0,317.6221355394545,svm,0.0003473550023045391,0.0
349.0,324.9217873769789,svm,0.0008094320073723793,5555.0
381.0,333.7873966613115,svm,0.0007722880109213293,8300.0
373.0,333.9034508199191,svm,0.0009043640020536259,6104.0
401.0,327.5331606845222,svm,0.000712181004928425,4212.0
435.0,350.18847983345836,svm,0.0008383640088140965,9033.0
373.0,357.8542438566692,svm,0.000834610007586889,7141.0
405.0,356.5665069127622,svm,0.0007622999983141199,18371.0
375.00000000000006,361.11892470773313,svm,0.0006135520088719204,5188.0
349.0,359.42824772514155,svm,0.000776435001171194,4578.0
345.0,352.44395372127315,svm,0.000954835006268695,7569.0
335.0,336.503682928236,svm,0.0008087189926300198,6653.0
303.0,332.70855720289734,svm,0.0010425889922771603,10987.0
337.0,315.19737731895174,svm,0.0011933799978578463,5615.0
381.0,312.27962103268476,svm,0.0008851019956637174,5920.0
345.0,321.55776416614685,svm,0.0009917349962051958,5433.0
365.0,318.5214778992229,svm,0.0011191109952051193,10132.0
309.0,321.66082025899044,svm,0.0009171980054816231,3907.0
359.0,317.6255397947739,svm,0.0010276140092173591,6287.0
333.0,327.7290601042515,svm,0.00125790000311099,8789.0
405.0,317.48998853752033,svm,0.0010427819943288341,7629.0
399.0,334.41965971740444,svm,0.0003635100001702085,0.0
369.0,335.50499820870033,svm,0.0008492750057484955,4639.0
369.0,342.7993889243676,svm,0.0009725160052767023,13428.0
381.0,340.9440697754314,svm,0.0007749760115984827,2563.0
381.0,363.26638549566263,lstm,0.0018908000056399032,15137.0
293.0,362.2362050414085,lstm,0.0032447599951410666,20325.0
325.0,331.2770268321037,lstm,0.0028401689924066886,22522.0
375.00000000000006,324.1081795096397,lstm,0.0036942389997420833,28198.0
341.0,335.9282305836677,lstm,0.003419947999645956,24719.0
381.0,330.6703665852546,lstm,0.0035629780031740665,22949.0
248.99999999999997,341.61482810974115,lstm,0.003409793003811501,36560.0
329.0,307.0665448904037,lstm,0.0012301870010560378,37110.0
375.00000000000006,311.6214972734451,lstm,0.0026573670038487762,27710.0
359.0,326.86591953039164,lstm,0.004456061986275017,45715.0
357.00000000000006,332.7290961146354,lstm,0.002808225995977409,23010.0
389.0,334.40849453210825,lstm,0.003857763993437402,38147.0
323.0,353.60379785299295,lstm,0.0027893170044990256,24537.0
355.0,339.18701678514475,lstm,0.002739489995292388,28015.0
331.0,339.1942870616912,lstm,0.0030299429927254096,32593.0
311.0,331.06253594160074,lstm,0.0030513679957948625,24658.0
293.0,318.90131384134287,lstm,0.0031696099904365838,26062.0
353.0,302.8154900670051,lstm,0.0037407219933811575,28443.0
349.0,316.38558536767954,lstm,0.0028753999940818176,21973.0
335.0,321.6939511895179,lstm,0.003043681994313374,21240.0
323.0,321.8404206633567,lstm,0.002867003990104422,23559.0
365.0,319.094525873661,lstm,0.003323565993923694,36438.0
423.0,332.95919150114054,lstm,0.004432902002008632,34302.0
311.0,358.7045529484748,lstm,0.0041689609934110194,31372.0
329.0,336.86460673809046,lstm,0.004250851008691825,34485.0
263.0,330.86145073175425,lstm,0.003359378009918146,27710.0
323.0,303.7982186675071,lstm,0.00298428199312184,24780.0
282.99999999999994,304.8224055767059,lstm,0.004673889998230152,40650.0
293.0,287.4557009339332,lstm,0.004075878008734435,29358.0
275.0,285.4001277685165,lstm,0.004104982988792472,34973.0
299.0,276.5920281410217,lstm,0.004489571001613513,34546.0
281.0,282.6246908307075,lstm,0.002989760003401898,21728.0
300.99999999999994,273.7505688083132,svm,0.00026467599673196673,0.0
275.0,278.71923418548937,svm,0.0009294360061176121,10864.0
261.0,272.63180671933833,svm,0.0008369990100618452,6775.0
263.0,270.484340568468,svm,0.0009526649955660105,9033.0
271.0,264.63706784119546,svm,0.000877953993040137,9155.0
239.0,265.73695178703696,svm,0.0006873520032968372,7995.0
241.0,253.55745468839066,svm,0.0006869719945825636,8301.0
127.0,248.21834443693996,svm,0.0006871270015835762,8850.0
239.0,219.04140052978357,svm,0.00080626699491404,13611.0
246.99999999999997,227.13919550077003,svm,0.000870553994900547,10314.0
228.99999999999997,225.08735797659202,svm,0.0006832009967183694,6165.0
207.0,224.27714521063461,svm,0.0009323639969807118,6408.0
241.0,209.55652625512204,svm,0.000749901999370195,0.0
197.00000000000003,232.71134250270413,svm,0.0007267189939739183,9705.0
230.99999999999997,223.96488215454158,svm,0.0007105609984137118,0.0
193.0,224.3863908586036,svm,0.0009713509934954345,5981.0
215.00000000000003,214.56913747369063,svm,0.0010430850088596344,6226.0
230.99999999999997,219.8494469514471,svm,0.000844419002532959,13245.0
145.0,217.80627480444488,svm,0.000868672999786213,8606.0
195.0,204.6980349591839,svm,0.0008937020029406995,0.0
195.0,201.8007042048318,svm,0.0010912770085269585,9033.0
235.0,203.63435991082792,svm,0.0008387669950025156,12085.0
183.0,212.8549401816209,svm,0.0006557640008395538,10010.0
205.0,196.63613940792663,svm,0.0006619720079470426,9094.0
203.0,208.25764811198863,svm,0.0007361000025412068,6653.0
186.99999999999997,208.65161329574096,svm,0.0006835430103819817,8972.0
185.0,208.86762876962885,svm,0.00046608599950559437,9766.0
189.0,199.05935023964815,svm,0.0006735249917255715,6470.0
147.0,201.34608138084724,svm,0.0008692330011399463,10315.0
173.0,189.77470807330374,svm,0.0008182129968190566,7812.0
183.0,187.3202399881973,svm,0.000887389003764838,10315.0
173.0,188.11435991082777,svm,0.0006494239933090284,8911.0
173.0,186.67497886634027,svm,0.0006122689956100658,0.0
163.0,169.04603675007817,lstm,0.0012551469990285113,39856.0
167.0,166.9802142679691,lstm,0.0034489469981053844,31738.0
167.0,165.5728483200073,lstm,0.001357036002445966,51513.0
153.0,164.06501069664952,lstm,0.0033130509982584044,26061.0
127.0,158.57761874794957,lstm,0.0034291500051040202,32226.0
112.99999999999999,145.52463516592977,lstm,0.0031645970011595637,29480.0
131.0,131.9904479384422,lstm,0.0013027319946559146,36560.0
151.00000000000003,128.80945369601247,lstm,0.0013021990016568452,30151.0
159.0,133.85147914290425,lstm,0.0029676699923584238,24598.0
186.99999999999997,141.08875572681424,lstm,0.0020677030115621164,96314.0
151.00000000000003,157.52644315361974,lstm,0.0025422750040888786,36866.0
147.0,156.71284601092336,lstm,0.0012100569874746725,24659.0
147.0,153.72071936726567,lstm,0.0030299740028567612,26245.0
161.0,150.4812969267368,lstm,0.0032896640041144565,29846.0
131.0,152.77462586760518,lstm,0.003665811993414536,23376.0
135.0,142.21820205450055,lstm,0.0050256929971510544,106933.0
153.0,138.31057026982305,lstm,0.001932754006702453,40161.0
127.0,142.21848577260968,lstm,0.0044995600037509575,40344.0
124.99999999999997,135.6497377157211,lstm,0.0019402920006541535,54870.0
117.0,129.6946896612644,lstm,0.010139470992726274,375426.0
151.00000000000003,124.28099349141118,lstm,0.002097554999636486,19287.0
102.99999999999999,132.442180365324,lstm,0.0040331600030185655,31128.0
127.0,120.10175481438634,lstm,0.003225013002520427,24170.0
149.0,121.48445501923558,lstm,0.010213592002401128,105346.0
111.0,130.40932238101956,lstm,0.001243334001628682,54565.0
104.99999999999999,123.4769186377525,lstm,0.0019074510055361316,42908.0
120.99999999999999,114.72556263208386,lstm,0.013696455003810115,332702.0
83.0,116.83505997061727,lstm,0.0021186649973969907,39673.0
104.99999999999999,103.45486074686048,lstm,0.0022090819984441623,38696.0
129.0,100.85176482796666,lstm,0.002015802005189471,40405.0
86.99999999999999,109.7534382343292,lstm,0.0013810480013489723,19654.0
93.0,101.37260034680364,lstm,0.003586311999242753,30761.0
96.99999999999999,96.76601126790044,lstm,0.004014393998659216,48218.0
81.0,128.40155526866172,svm,0.0006190840067574754,0.0
65.0,125.69857654525744,svm,0.0008587119955336675,7569.0
71.0,113.42004656459976,svm,0.0009191360004479066,4700.0
61.0,111.9995436632457,svm,0.0009504810004727915,35034.0
65.0,107.4684798334584,svm,0.0004583129921229556,0.0
76.99999999999999,103.18406977543142,svm,0.0005654300039168447,0.0
61.0,103.11103302494794,svm,0.0007156060019042343,9766.0
73.00000000000001,101.57385700947401,svm,0.0011409970029490069,16785.0
84.99999999999999,102.28225159361325,svm,0.0011042249971069396,9644.0
48.99999999999999,106.768441148739,svm,0.0010674490040400997,20935.0
45.000000000000014,101.98762876962876,svm,0.0009815590019570664,5188.0
68.99999999999999,95.91134250270414,svm,0.0008667590009281412,7935.0
48.99999999999999,99.79157461102137,svm,0.0005186490016058087,45716.0
37.00000000000001,96.26847983345849,svm,0.0006590120028704405,19104.0
43.0,86.87025933055718,svm,0.0002622559986775741,0.0
48.99999999999999,85.90747403075062,svm,0.00031151800067164004,0.0
47.00000000000001,88.71907944661127,svm,0.0005328219995135441,10193.0
58.99999999999999,85.04217422417418,svm,0.0005746990063926205,11231.0
40.99999999999999,86.84952432088599,svm,0.0008306980016641319,7203.0
47.00000000000001,85.8121548818144,svm,0.0010144690022571012,8301.0
29.000000000000004,87.01107170966736,svm,0.0007007789972703904,0.0
40.99999999999999,82.32310265744312,svm,0.0008350680000148714,18982.0
45.000000000000014,83.49292857620507,svm,0.0009139479952864349,9399.0
30.999999999999996,81.32503689341978,svm,0.0007635770016349852,10559.0
25.0,79.26453399206586,svm,0.0007034270092844963,3846.0
67.0,74.4917680346191,svm,0.0006862660084152594,0.0
40.99999999999999,84.21710652591496,svm,0.0006973550043767318,0.0
43.0,82.57099434022828,svm,0.0006328489980660379,9827.0
27.00000000000001,81.53795758974479,svm,0.0008009010052774101,7446.0
22.999999999999993,78.26523031701753,svm,0.0008540069975424558,8484.0
58.99999999999999,79.9094856361665,svm,0.0007447630050592124,13550.0
30.999999999999996,81.3402013034779,svm,0.0008296209998661652,9705.0
37.00000000000001,78.05571387601168,svm,0.0007385740027530119,7751.0
35.0,36.03427037596702,lstm,0.003185164008755237,25634.0
30.999999999999996,35.890221372246735,lstm,0.0034292659984203056,20386.0
19.000000000000007,34.48735944926738,lstm,0.0036761349911103025,25696.0
21.0,27.36582212150096,lstm,0.0030274199962150306,24292.0
22.999999999999993,24.504986032843583,lstm,0.0034776079992298037,31067.0
37.00000000000001,22.94648699462413,lstm,0.0038967319997027516,40710.0
21.0,27.02621154487132,lstm,0.002904533001128584,22521.0
29.000000000000004,24.610068127512925,lstm,0.0031966889946488664,25024.0
30.999999999999996,26.2287863343954,lstm,0.002874149999115616,26489.0
39.0,27.982368171215047,lstm,0.003175379999447614,21667.0
39.0,31.938888132572163,lstm,0.0017321449995506555,39185.0
22.999999999999993,34.055868536233895,lstm,0.003014968999195844,22033.0
21.0,30.674117133021344,lstm,0.0031862429896136746,30152.0
22.999999999999993,26.972225308418263,lstm,0.0033403919951524585,20325.0
27.00000000000001,24.93910133838653,lstm,0.003402678994461894,29663.0
27.00000000000001,24.588939994573586,lstm,0.00373398901137989,33814.0
30.999999999999996,24.477669298648827,lstm,0.0026929580053547397,40222.0
25.0,26.69516570866107,lstm,0.0031847999925957993,27099.0
29.000000000000004,26.23524978756904,lstm,0.003223990002879873,20813.0
21.0,27.139246612787236,lstm,0.0013450609985738993,13061.0
30.999999999999996,24.741012901067727,lstm,0.0029660090076504275,27283.0
45.000000000000014,26.53572499752044,lstm,0.0034347180044278502,19043.0
29.000000000000004,32.6600906997919,lstm,0.0036040919949300587,32226.0
33.00000000000001,31.714750826358785,lstm,0.003049671999178827,25879.0
37.00000000000001,32.09551826119422,lstm,0.004787152007338591,39978.0
40.99999999999999,34.16102156043052,lstm,0.003060807997826487,24108.0
16.999999999999996,36.49811401963233,lstm,0.0031432579999091104,23681.0
57.0,28.94442081451415,lstm,0.004148487001657486,43456.0
39.0,38.49669530987739,lstm,0.004465633988729678,24720.0
48.99999999999999,38.88517633080482,lstm,0.004126308995182626,23132.0
40.99999999999999,42.37287871539592,lstm,0.004878444000496529,33936.0
40.99999999999999,41.80905103683471,lstm,0.003748535003978759,29053.0
43.0,84.88960169032501,svm,0.000445543002570048,0.0
50.999999999999986,82.24356687407753,svm,0.0009499779989710078,4944.0
50.999999999999986,85.29842180637915,svm,0.0007939549977891147,5554.0
39.0,85.28109105202714,svm,0.0008428110013483092,7141.0
53.0,83.71018196111801,svm,0.00029893600731156766,17639.0
63.000000000000014,86.48434056846821,svm,0.0011202180030522868,9765.0
47.00000000000001,90.70654559748175,svm,0.00031124099041335285,0.0
55.00000000000001,88.87753205782988,svm,0.0004718730051536113,0.0
81.0,89.12511426285879,svm,0.00028940101037733257,0.0
67.0,97.85919550077001,svm,0.0013549799914471805,10925.0
75.0,99.35211619709489,svm,0.0004520560032688081,0.0
94.99999999999999,100.5609363131491,svm,0.0013502009969670326,14954.0
94.99999999999999,108.81656493984144,svm,0.0010817959991982207,7568.0
76.99999999999999,115.76341213519933,svm,0.0008625609916634858,0.0
94.99999999999999,112.4903753847159,svm,0.0010518789931666106,11536.0
75.0,117.69795758974473,svm,0.0007907130056992173,8361.0
68.99999999999999,116.84318002688202,svm,0.0008632560056867078,5554.0
76.99999999999999,112.92859588761704,svm,0.0007669800106668845,7142.0
83.0,110.16898273481252,svm,0.0007707619952270761,6042.0
101.0,112.96789956266552,svm,0.0009602729987818748,16846.0
88.99999999999997,114.86283186440633,svm,0.0002861950051737949,17517.0
88.99999999999997,115.19490149690152,svm,0.0007549279980594292,17212.0
102.99999999999999,117.82731929187241,svm,0.0009319539967691526,6958.0
112.99999999999999,122.57718389535408,svm,0.0008670600072946399,8728.0
131.0,128.7914972415824,svm,0.0006409409979823977,8057.0
131.0,134.0789247077331,svm,0.0009457139967707917,0.0
109.0,139.42793824738496,svm,0.0008707689994480461,17700.0
111.0,140.12673902107954,svm,0.0007664560107514262,10925.0
120.99999999999999,141.16472741566355,svm,0.0008975310047389939,6409.0
129.0,144.17161329574094,svm,0.0007145840063458309,7629.0
120.99999999999999,145.34391503655326,svm,0.0008359009952982888,6531.0
147.0,142.21788022030566,svm,0.0008896799990907311,6653.0
122.99999999999999,149.59582993017028,svm,0.0008367910049855709,6714.0
141.0,126.93464443087575,lstm,0.002021282009081915,83679.0
135.0,131.57176867127416,lstm,0.0031928159878589213,27710.0
142.99999999999997,132.198129594326,lstm,0.00296112299838569,36010.0
175.0,135.88736936450002,lstm,0.003637686008005403,29785.0
155.0,148.50353345274922,lstm,0.0030027590109966695,24902.0
183.0,151.35780856013295,lstm,0.00509187500574626,38880.0
183.0,162.37718939781186,lstm,0.004267148993676528,30152.0
171.0,170.21422833204267,lstm,0.002145859005395323,26551.0
173.0,170.87254300713536,lstm,0.003193998010829091,18371.0
165.0,170.35122871398923,lstm,0.0032177870016312227,32287.0
171.0,168.13757136464116,lstm,0.0029875580075895414,26794.0
161.0,167.25893184542653,lstm,0.0032644640014041215,27283.0
149.0,163.0885238945484,lstm,0.0030472260114038363,27527.0
191.0,156.5899960696697,lstm,0.0031000229937490076,21668.0
221.0,167.0108203589916,lstm,0.0034996169997612014,29846.0
239.0,185.2567674219608,lstm,0.0031866149947745726,17456.0
228.99999999999997,203.86867538094518,lstm,0.004159181989962235,30212.0
273.0,213.60868260264394,lstm,0.004676373995607719,20935.0
227.0,236.55926108360288,lstm,0.004987856998923235,27039.0
205.0,233.4286445379257,lstm,0.00400493000051938,29907.0
279.0,222.20700815320012,lstm,0.003224991000024602,22766.0
217.0,239.917419552803,lstm,0.0032544230052735656,17273.0
179.0,230.00781983137128,lstm,0.0032993000058922917,16418.0
253.0,207.88803890347478,lstm,0.003028242994332686,21362.0
293.0,221.60293683409688,lstm,0.0033985119953285903,19348.0
303.0,245.794321000576,lstm,0.0035364060022402555,22460.0
277.0,261.76697671413416,lstm,0.0016885590011952445,9399.0
259.0,266.90933197736734,lstm,0.0036110259970882908,20142.0
228.99999999999997,266.3296249508857,lstm,0.0030140060116536915,15564.0
271.0,251.48872077465055,lstm,0.003985518997069448,20264.0
271.0,254.23670798540113,lstm,0.003101330003119074,19104.0
264.99999999999994,255.15471339225766,lstm,0.0033643700007814914,21545.0
197.00000000000003,254.36240633249113,svm,0.0008284850046038628,11414.0
268.99999999999994,236.8679382473852,svm,0.0011075230140704662,4029.0
291.0,250.63258041372907,svm,0.0011030160094378516,8911.0
257.0,256.765501110054,svm,0.0007218450045911595,11291.0
213.0,252.69710652591496,svm,0.0007540929946117103,7080.0
259.0,236.1344759649863,svm,0.0010209660104010254,7508.0
259.0,251.37223225125356,svm,0.0008933630015235394,3845.0
291.0,252.564031090712,svm,0.000495742991915904,0.0
321.00000000000006,255.11753205783003,svm,0.001162286993348971,7507.0
250.99999999999994,263.8878221932264,svm,0.0011729980033123866,9033.0
295.0,264.0048047851027,svm,0.000794670995674096,5676.0
227.0,271.55482412746215,svm,0.0007823110063327476,6347.0
327.0,261.96225159361336,svm,0.001140237000072375,9033.0
264.99999999999994,278.92998853752033,svm,0.00036012500640936196,31616.0
313.0,262.4849595239808,svm,0.0007384269993053749,5554.0
289.0,277.9600852493193,svm,0.0009085630008485168,3662.0
307.0,270.1321548818144,svm,0.0003284129925305024,15259.0
327.0,287.9608589437099,svm,0.0008013760088942945,6409.0
261.0,286.39149724158216,svm,0.0008479940006509423,11108.0
307.0,282.00031735763616,svm,0.0009591940033715218,7324.0
315.0,283.56967905976444,svm,0.0008771900029387325,5859.0
297.0,288.96418582958984,svm,0.00033246800012420863,0.0
303.0,288.1419034311376,svm,0.0009111590043175966,5188.0
309.0,281.30553979477406,svm,0.0006235070031834766,8789.0
284.99999999999994,290.2643018837485,svm,0.000777801004005596,4090.0
317.0,285.7459266419694,svm,0.0010009329998865724,14404.0
355.0,288.0252303170174,svm,0.00026535500364843756,0.0
289.0,300.12581058781046,svm,0.0008401429950026795,6836.0
335.0,292.6636829282358,svm,0.0007998059882083908,3296.0
281.0,298.02909878897106,svm,0.0007073390006553382,6469.0
271.0,293.3624837019304,svm,0.0003032480017282069,18128.0
357.00000000000006,288.7407428895514,svm,0.000796184001956135,8911.0
277.0,293.85888602301344,svm,0.0006874370010336861,4944.0
297.0,290.9013155102729,lstm,0.0018181589985033497,27405.0
317.0,288.07881683111185,lstm,0.00331134200678207,22583.0
293.0,295.73920577764505,lstm,0.0031530539999948815,23316.0
361.0,292.75683194398874,lstm,0.003402090005693026,27344.0
300.99999999999994,310.40714830160135,lstm,0.0014378140040207654,24963.0
300.99999999999994,304.811021387577,lstm,0.0037943200004519895,31433.0
284.99999999999994,300.79924732446665,lstm,0.0035799979959847406,29480.0
345.0,291.3506540656089,lstm,0.003316040994832292,28564.0
345.0,307.30043500661844,lstm,0.003339100003358908,21607.0
307.0,313.8351368904113,lstm,0.003265859995735809,22094.0
353.0,308.2654312252998,lstm,0.002677361000678502,18860.0
413.0,321.14758104085917,lstm,0.0034861900057876483,26184.0
313.0,350.89698523283,lstm,0.00380247799330391,30579.0
341.0,332.5280109047889,lstm,0.0035076170024694875,20020.0
284.99999999999994,331.4504495263099,lstm,0.0035494449984980747,25757.0
211.0,312.5710663199424,lstm,0.0033771779999369755,21362.0
305.0,271.67707294225687,lstm,0.00333628999942448,25268.0
277.0,274.2879888415336,lstm,0.0034748069883789867,19715.0
284.99999999999994,270.16989141702646,lstm,0.00392115100112278,23926.0
246.99999999999997,269.0714412927627,lstm,0.0033448330068495125,25025.0
289.0,257.8711369633674,lstm,0.0030514499958371744,23437.0
389.0,269.23131644725794,lstm,0.0033761289960239083,33447.0
325.0,306.70437872409815,lstm,0.003258616998209618,20996.0
367.0,310.2227315306663,lstm,0.004767791004269384,31921.0
333.0,327.9271671175956,lstm,0.0037116989988135174,31617.0
347.0,329.63614314794535,lstm,0.00585834399680607,52551.0
289.0,334.01164382696146,lstm,0.0032124639983521774,19165.0
379.0,311.34004890918726,lstm,0.0017107210005633533,23925.0
300.99999999999994,331.3717886805534,lstm,0.00301545399997849,23986.0
259.0,314.26812618970865,lstm,0.0038213899970287457,34057.0
327.0,290.6981733441352,lstm,0.0035387109965085983,18066.0
295.0,298.174677491188,lstm,0.004540329988230951,40588.0
309.0,294.02881115674967,lstm,0.003587422994314693,38025.0
325.0,285.8217486922593,svm,0.0002539280103519559,0.0
279.0,287.4239150365531,svm,0.0006799859984312207,7324.0
271.0,289.29161329574106,svm,0.000254868995398283,10743.0
351.0,278.753276738681,svm,0.0008390969887841493,14282.0
255.0,294.65517228993855,svm,0.0006340859981719404,7569.0
268.99999999999994,280.49408911779125,svm,0.00030103299650363624,11841.0
257.0,271.2320388276556,svm,0.0002762160002021119,0.0
313.0,265.47451464970624,svm,0.0002838990039890632,0.0
297.0,282.37076223191104,svm,0.000840608001453802,6164.0
248.99999999999997,269.6642245143095,svm,0.000884695997228846,4821.0
331.0,264.45478544274243,svm,0.0007868219981901348,8361.0
241.0,278.65331542340016,svm,0.0007696009997744113,4883.0
311.0,271.4056558489323,svm,0.0007532190065830946,6774.0
275.0,277.30584927253,svm,0.000980346987489611,3662.0
297.0,267.8488279959344,svm,0.0006511100073112175,10193.0
291.0,281.48875062649535,svm,0.0007774770056130365,3540.0
250.99999999999994,270.3289827348124,svm,0.0008173079986590892,7019.0
295.0,271.39513360521863,svm,0.0010234310029773042,6165.0
307.0,271.22120710618594,svm,0.0007886870007496327,13428.0
284.99999999999994,278.4614392145028,svm,0.0010437260061735287,8667.0
264.99999999999994,275.239775771563,svm,0.0008347739931195974,4273.0
257.0,266.64372161295563,svm,0.0006902449968038127,0.0
227.0,268.19544308297515,svm,0.0008611820085207,8362.0
221.0,257.253857009474,svm,0.0007433599967043847,7751.0
228.99999999999997,244.51327673868107,svm,0.0008300629997393116,6958.0
215.00000000000003,237.3234895046387,svm,0.0009104249911615625,5004.0
232.99999999999994,229.78182606169855,svm,0.00095663100364618,6958.0
271.0,227.05780285086672,svm,0.0007412440027110279,8973.0
232.99999999999994,236.52720323771374,svm,0.0007878390024416149,7629.0
273.0,235.25989182572152,svm,0.0009090549865504727,4211.0
217.0,243.47250304429008,svm,0.0009123220079345629,8057.0
237.0,238.56387635183395,svm,0.00043293199269101024,36438.0
227.0,242.92472741566363,svm,0.0013603050028905272,10315.0
209.0,227.71651238203046,lstm,0.0013516730105038732,33935.0
213.0,218.94169643521306,lstm,0.0032395120069850236,39307.0
225.0,212.33294412493703,lstm,0.0034285809961147606,32532.0
221.0,214.9708132445812,lstm,0.0029655490070581436,23682.0
197.00000000000003,214.24197688698766,lstm,0.003518509998684749,34179.0
225.0,205.80122128129003,lstm,0.0036055410018889233,25940.0
177.0,211.02780535817143,lstm,0.0053752319945488125,50720.0
197.00000000000003,197.12856158614156,lstm,0.004822126007638872,44189.0
193.0,194.27371904253957,lstm,0.004683963998104446,34668.0
159.0,190.98092213273046,lstm,0.0033771179878385738,26916.0
139.0,177.8727553784847,lstm,0.0014733499992871657,37109.0
168.99999999999997,160.31620785593984,lstm,0.0027699240017682314,24047.0
171.0,161.430439800024,lstm,0.004282336987671442,199218.0
195.0,161.81397348642346,lstm,0.0035447829868644476,21179.0
185.0,170.981650352478,lstm,0.004561961992294528,39734.0
139.0,175.56658819317815,lstm,0.003568325992091559,27832.0
131.0,163.37481319904325,lstm,0.0013642789999721572,25757.0
129.0,150.47241300344464,lstm,0.0033645299990894273,29296.0
159.0,140.60657680034635,lstm,0.0033644020004430786,29541.0
151.00000000000003,143.2718779146671,lstm,0.003004965008585714,27404.0
117.0,142.94214427471158,lstm,0.0034789130004355684,20508.0
139.0,133.12333434820172,lstm,0.0032326399959856644,27343.0
111.0,134.5389103889465,lstm,0.003231013994081877,24536.0
111.0,125.54614573717114,lstm,0.003471830001217313,25269.0
73.00000000000001,117.72625401616094,lstm,0.0031585140095558017,35278.0
106.99999999999997,99.21889618039128,lstm,0.0031202329992083833,13916.0
81.0,100.21558016538617,lstm,0.002889810988563113,20874.0
65.0,90.64763024449347,lstm,0.003551479007001035,26367.0
93.0,79.80880051851271,lstm,0.0028144170064479113,26917.0
102.99999999999999,82.24216207861899,lstm,0.003195105993654579,22461.0
78.99999999999999,89.66436967253684,lstm,0.0015877979894867167,13245.0
129.0,84.59106430411337,lstm,0.003167990013025701,31738.0
177.0,124.95582993017027,svm,0.0002596120029920712,0.0
201.0,146.27575256073126,svm,0.0006597979954676703,0.0
131.0,164.24557847949342,svm,0.0007477580074919388,7996.0
114.99999999999999,158.57811232862286,svm,0.0005790830036858097,6226.0
101.0,161.91273515260752,svm,0.0008897030056687072,6836.0
101.0,158.54592664196895,svm,0.0009315210045315325,8667.0
117.0,151.19521097465778,svm,0.0010175979987252504,12635.0
104.99999999999999,139.0677061390678,svm,0.0007379099988611415,8301.0
81.0,134.21138118742363,svm,0.0008860350062604994,4028.0
67.0,126.45370227059591,svm,0.000888506998308003,4639.0
76.99999999999999,119.96612006556686,svm,0.0006755610083928332,7752.0
86.99999999999999,118.78731929187249,svm,0.0008343899971805513,7752.0
81.0,116.0617486922593,svm,0.0008823849930195138,8606.0
71.0,111.60681639051838,svm,0.000553067002329044,0.0
71.0,108.29292857620511,svm,0.0010811319953063503,5737.0
86.99999999999999,108.95056880831349,svm,0.0009160089975921437,5494.0
63.000000000000014,112.53524965937723,svm,0.0009071009990293533,5677.0
91.0,107.07451464970603,svm,0.0007901320059318095,0.0
73.00000000000001,110.45308331508328,svm,0.0008694059943081811,5065.0
86.99999999999999,108.92766745434828,svm,0.0008389959984924644,7080.0
58.99999999999999,113.41416648723032,svm,0.0008373360033147037,8606.0
67.0,105.37641020096333,svm,0.0008314680017065257,10803.0
61.0,108.02553979477383,svm,0.0007669729966437444,0.0
83.0,102.54716455299429,svm,0.0003047940117539838,0.0
67.0,107.29083960135009,svm,0.0008116649987641722,4639.0
75.0,101.8526964678879,svm,0.0007927940023364499,0.0
40.99999999999999,104.99389569419347,svm,0.0009026329935295507,0.0
48.99999999999999,97.48287054912576,svm,0.0009234430035576224,7446.0
48.99999999999999,97.67134250270419,svm,0.0008916749939089641,14099.0
35.0,92.53772548142754,svm,0.001078475994290784,12146.0
45.000000000000014,88.02399240599227,svm,0.0009591069974703714,7935.0
53.0,83.22275449496725,svm,0.0009851970098679885,8423.0
33.00000000000001,86.15350884699822,svm,0.0008174969989340752,8728.0
47.00000000000001,40.931049883365624,lstm,0.0013787299976684153,23682.0
53.0,42.30522967875003,lstm,0.0015101830067578703,49866.0
33.00000000000001,46.21689558029174,lstm,0.006719209995935671,231750.0
35.0,41.360847353935235,lstm,0.004545652001979761,40833.0
29.000000000000004,38.12264844775199,lstm,0.003684531999169849,41809.0
35.0,34.76504854857921,lstm,0.0035147649905411527,27526.0
21.0,33.77887986600398,lstm,0.003746823000255972,30274.0
37.00000000000001,27.950210496783246,lstm,0.0032728850055718794,34058.0
22.999999999999993,30.535077527165402,lstm,0.0017530070035718381,12757.0
48.99999999999999,27.4330012500286,lstm,0.00346691400045529,25512.0
39.0,34.70701932907104,lstm,0.003234834992326796,23315.0
35.0,36.16057813167571,lstm,0.003351920997374691,22217.0
35.0,36.38074338436126,lstm,0.003361809009220451,25147.0
27.00000000000001,35.598638951778405,lstm,0.0036674149887403473,22827.0
25.0,32.885912582278245,lstm,0.0035436589969322085,30151.0
16.999999999999996,28.85379947721957,lstm,0.0037768180045532063,31982.0
19.000000000000007,23.75955216586589,lstm,0.003276168994489126,24231.0
33.00000000000001,21.088018119335167,lstm,0.0030900609999662265,14648.0
29.000000000000004,24.2690123617649,lstm,0.002927719004219398,22705.0
16.999999999999996,25.691654756665223,lstm,0.0034439930022927,34363.0
22.999999999999993,22.522328421473496,lstm,0.0032238379935733974,26306.0
19.000000000000007,22.68810845911502,lstm,0.003734953992534429,38391.0
25.0,21.28772906959056,lstm,0.003306582002551295,22644.0
19.000000000000007,21.697152033448212,lstm,0.0035886270052287728,30334.0
19.000000000000007,20.18122844398021,lstm,0.0033877500100061297,23865.0
16.999999999999996,19.69740040600299,lstm,0.003395741994609125,37475.0
21.0,18.32416042685508,lstm,0.003933931002393365,25940.0
33.00000000000001,18.973999023437493,lstm,0.0054156249971129,53162.0
35.0,23.430900201201432,lstm,0.003966497999499552,28504.0
27.00000000000001,27.70498052239417,lstm,0.003521738006384112,30578.0
30.999999999999996,27.850049138069142,lstm,0.0035447749978629872,24353.0
33.00000000000001,29.32845100760459,lstm,0.0021290910081006587,40344.0
29.000000000000004,30.823024809360493,lstm,0.003003883990459144,24170.0
22.999999999999993,54.506268951936214,linear,0.0006124520004959777,6164.0
21.0,53.33645519141129,linear,0.0009253960015485063,4578.0
35.0,52.73875076956237,linear,0.0006621079955948517,4944.0
37.00000000000001,53.16505626293841,linear,0.0006998280005063862,3479.0
45.000000000000014,53.587337031503324,linear,0.0005715330044040456,0.0
33.00000000000001,55.15768410492781,linear,0.0005436920037027448,7569.0
35.0,56.09087969172408,linear,0.0007402670016745105,3113.0
39.0,57.399708965995536,linear,0.0005841089878231287,5982.0
40.99999999999999,57.79874966900548,linear,0.0005362270021578297,7874.0
45.000000000000014,58.18849883792204,linear,0.0006893109966767952,7141.0
55.00000000000001,58.219086273872534,linear,0.0006884839967824519,8239.0
67.0,60.3666699807162,linear,0.0007604470010846853,5738.0
29.000000000000004,63.48870122567624,linear,0.0005669740057783201,4883.0
45.000000000000014,62.41913367502823,linear,0.0007247860048664734,5677.0
65.0,62.77815622803717,linear,0.0007225730078062043,0.0
88.99999999999997,64.78537554228423,linear,0.0005623689939966425,8545.0
84.99999999999999,68.15299931125972,linear,0.0007077129994286224,6530.0
76.99999999999999,69.94983945483276,linear,0.0006509869999717921,3418.0
96.99999999999999,74.4925764942634,linear,0.0006110240065027028,0.0
61.0,79.50497259084786,linear,0.0006606070091947913,7934.0
88.99999999999997,79.0101542377042,linear,0.0008230350067606196,7263.0
119.0,79.04087566609236,linear,0.0008451720059383661,7690.0
101.0,82.46655747823861,linear,0.0008101709972834215,2869.0
122.99999999999999,84.74024879166676,linear,0.0005979629931971431,3479.0
109.0,87.3084321069575,linear,0.0007012120040599257,4944.0
111.0,91.86975645256638,linear,0.0007515629986301064,5127.0
145.0,93.92388480673414,linear,0.00072161499701906,5920.0
147.0,96.55592548285617,linear,0.0007388000085484236,5920.0
173.0,101.01253145926931,linear,0.0006681340018985793,5554.0
171.0,105.90994649875267,linear,0.0007199349929578602,8606.0
151.00000000000003,111.88902381071888,linear,0.0006999979959800839,5859.0
155.0,115.60878486604267,linear,0.00034441000025253743,0.0
149.0,116.53811932350197,linear,0.0005905190046178177,7446.0
168.99999999999997,152.39387616515157,lstm,0.003479432998574339,32165.0
261.0,156.24336346983907,lstm,0.0033153550029965118,18677.0
197.00000000000003,191.85259282588956,lstm,0.0036415799986571074,27161.0
223.0,194.42254692316052,lstm,0.0035251160006737337,25879.0
232.99999999999994,205.54190292954442,lstm,0.003647200996056199,25451.0
232.99999999999994,216.82927325367925,lstm,0.004474087996641174,39124.0
264.99999999999994,223.35909873247144,lstm,0.0017961530102184042,19593.0
305.0,234.377326965332,lstm,0.00808910999330692,69336.0
303.0,259.2611074447631,lstm,0.003212339011952281,23804.0
193.0,273.8959258794784,lstm,0.0030599679885199293,23926.0
281.0,244.68005359172818,lstm,0.003238673001760617,22949.0
317.0,256.7255896329879,lstm,0.0033101919980254024,23804.0
399.0,275.01132816076273,lstm,0.003177260994561948,27832.0
405.0,313.72480601072306,lstm,0.0033920569985639304,29358.0
439.0,341.34231686592096,lstm,0.0033934430102817714,23377.0
387.0,377.5491097569465,lstm,0.0036127490020589903,20874.0
397.0,379.41930860280985,lstm,0.003637846006313339,25757.0
409.0,383.43757271766657,lstm,0.0031764569866936654,19958.0
405.0,385.95404595136637,lstm,0.00336201699974481,17822.0
359.0,385.6789103150367,lstm,0.0030483010050375015,16907.0
353.0,368.01696151494974,lstm,0.0036601750034606084,17883.0
351.0,357.32688874006266,lstm,0.003000356999109499,12391.0
401.0,348.7567222118377,lstm,0.003553375994670205,19226.0
359.0,359.4728615880012,lstm,0.0041488209972158074,31433.0
353.0,351.55680716037745,lstm,0.001641410999582149,24048.0
361.0,347.23234027624125,lstm,0.0029228200000943616,20569.0
363.0,347.47254312038416,lstm,0.0014358509943122044,49377.0
325.0,348.223403096199,lstm,0.004589402989950031,33142.0
295.0,332.89145380258554,lstm,0.0010919490014202893,30273.0
323.0,314.62397962808603,lstm,0.01468545600073412,680784.0
355.0,312.5210610032081,lstm,0.004718665004475042,37110.0
357.00000000000006,321.3052928447723,lstm,0.003466808993835002,31678.0
225.0,199.62268349462798,linear,0.00021657100296579301,0.0
299.0,189.6176059004682,linear,0.0004853489954257384,8179.0
355.0,189.96781470023174,linear,0.001019182993331924,6592.0
315.0,193.34468308061057,linear,0.0005812369927298278,5005.0
242.99999999999997,189.48400621788184,linear,0.0005823859974043444,3601.0
207.0,178.3719120974551,linear,0.0006294010090641677,5493.0
228.99999999999997,176.30019509796173,linear,0.0004965719999745488,11535.0
253.0,169.54556957943961,linear,0.0005501060077222064,0.0
286.99999999999994,159.95026701089,linear,0.0003032609965885058,8972.0
277.0,157.51238321846557,linear,0.0006971179973334074,5554.0
263.0,160.83791208410543,linear,0.0005704840004909784,10315.0
300.99999999999994,166.10712842474743,linear,0.00020842600497417152,0.0
257.0,173.0817267113222,linear,0.0007029270054772496,4700.0
281.0,173.35035702685624,linear,0.0004960310034221038,8972.0
268.99999999999994,172.7826577616845,linear,0.0005773470038548112,10315.0
263.0,172.03710791898772,linear,0.0001998919906327501,0.0
237.0,171.95236641519625,linear,0.0007018489995971322,4028.0
261.0,165.76672059384532,linear,0.0006210349965840578,7629.0
244.99999999999997,166.15732014560157,linear,0.0005856200004927814,6531.0
248.99999999999997,162.7147621445255,linear,0.0006751270120730624,0.0
227.0,160.78812338318323,linear,0.0006697600038023666,4577.0
325.0,157.29877333041904,linear,0.0006872739904792979,7141.0
313.0,166.00097558351604,linear,0.0006048350041965023,6592.0
297.0,171.15053538301618,linear,0.000507496006321162,0.0
266.99999999999994,176.044323073249,linear,0.0004688930057454854,0.0
264.99999999999994,177.65253783683963,linear,0.0006007880001561716,0.0
268.99999999999994,181.12176198284055,linear,0.00029544900462497026,0.0
295.0,175.78277790827624,linear,0.0005404859984992072,7690.0
309.0,174.1758304755107,linear,0.0005575510003836825,20752.0
257.0,175.45747948240387,linear,0.0005734379956265911,4883.0
227.0,174.346641690142,linear,0.0005142370064277202,0.0
263.0,170.4940039404598,linear,0.0006059459992684424,9460.0
223.0,169.95948550262864,linear,0.0004466880054678768,7569.0
207.0,238.17251771688458,lstm,0.0012328159937169403,26795.0
237.0,221.48139908909795,lstm,0.002850049000699073,34729.0
257.0,223.49590405821797,lstm,0.0037433359975693747,32409.0
275.0,233.3209380507469,lstm,0.003128676995402202,28870.0
291.0,244.46127146482465,lstm,0.0036589749943232164,33936.0
237.0,259.8153862357139,lstm,0.0012614480074262246,47058.0
299.0,252.00274705886838,lstm,0.00213079500827007,21973.0
263.0,267.47400194406504,lstm,0.0025771090004127473,26794.0
266.99999999999994,263.64863067865366,lstm,0.0034682850091485307,31433.0
289.0,261.8737965822219,lstm,0.0031407209899043664,28747.0
321.00000000000006,267.56592661142344,lstm,0.0025780150026548654,20325.0
230.99999999999997,285.32412678003305,lstm,0.002940311998827383,30456.0
311.0,262.24330395460123,lstm,0.0031552610016660765,38696.0
257.0,277.5277659296989,lstm,0.0023761939955875278,18372.0
345.0,267.79573827981943,lstm,0.002124998005456291,17150.0
271.0,291.55886769294733,lstm,0.0030510749929817393,28321.0
281.0,279.20425623655314,lstm,0.0033099339925684035,30701.0
282.99999999999994,279.876100718975,lstm,0.0032011260045692325,45471.0
300.99999999999994,276.70427411794657,lstm,0.0021792549960082397,17578.0
259.0,283.59177947044367,lstm,0.00276479400054086,51941.0
318.99999999999994,268.71150940656656,lstm,0.004378604993689805,33325.0
300.99999999999994,284.0270739793777,lstm,0.004124586994294077,37720.0
343.0,286.96054190397257,lstm,0.003087013988988474,27100.0
279.0,303.8599273562431,lstm,0.0019905350054614246,54199.0
303.0,291.6056457161903,lstm,0.0015953029942465946,39124.0
227.0,294.6570339798927,lstm,0.0028611929883481935,27832.0
242.99999999999997,266.4355936646461,lstm,0.0021734229958383366,46448.0
335.0,254.31015551090238,lstm,0.0016809140070108697,60119.0
286.99999999999994,276.0180309414863,lstm,0.002597672995761968,30456.0
397.0,276.3762959837913,lstm,0.0025591529993107542,22278.0
307.0,314.5897561311721,lstm,0.0012933960097143427,52978.0
337.0,311.9622781872749,lstm,0.008649021008750424,259460.0
329.0,321.13169282674784,lstm,0.002224138006567955,50537.0
349.0,306.37942760908703,svm,0.00040694700146559626,0.0
449.00000000000006,323.4152496593776,svm,0.0002673129929462448,0.0
443.0,335.9537409553151,svm,0.0006790909974370152,0.0
419.0,355.7900272222399,svm,0.0005850489978911355,0.0
339.00000000000006,362.7662748044449,svm,0.0008224150078603998,0.0
379.0,354.23273515260763,svm,0.0008292900020023808,5982.0
433.0,366.1216326381006,svm,0.0007022089994279668,4394.0
375.00000000000006,370.6350562357798,svm,0.0009701899980427697,4882.0
355.0,356.9935862164371,svm,0.0007100859947968274,8789.0
449.00000000000006,341.09633283152425,svm,0.0007698500121477991,14404.0
391.0,365.7273579765922,svm,0.0007259410049300641,5127.0
311.0,366.32712586827466,svm,0.001202100989758037,10864.0
425.0,338.8990407618916,svm,0.00043216400081291795,0.0
407.0,353.36681639051847,svm,0.0003551779955159873,0.0
367.0,365.60913747369034,svm,0.00034824400790967047,0.0
369.0,349.28511426285866,svm,0.0004523999959928915,0.0
395.0,339.9497177444835,svm,0.00045936099195387214,0.0
457.0,359.4140117483521,svm,0.0007792110118316486,15136.0
369.0,370.3559072996097,svm,0.00037758800317533314,23437.0
343.0,355.1060813808473,svm,0.0008528500038664788,6592.0
387.0,347.5084024640196,svm,0.0009763000125531107,7751.0
405.0,354.19405043307165,svm,0.0009207039984175935,5127.0
259.0,362.817338634232,svm,0.0007613729976583272,6409.0
397.0,318.5320001429361,svm,0.00026143400464206934,19165.0
365.0,332.3712264485457,svm,0.0007937479967949912,9277.0
329.0,335.7748628121819,svm,0.0007261989958351478,5066.0
425.0,327.7225610713697,svm,0.0007412440027110279,11292.0
375.00000000000006,330.0699498528008,svm,0.0007389120000880212,6225.0
413.0,348.4318840887773,svm,0.0007216060039354488,8606.0
415.0,352.8143985955473,svm,0.0006236000044737011,7202.0
405.0,356.37122644854566,svm,0.0005183640023460612,0.0
237.0,370.69230962069264,svm,0.00040814200474414974,30029.0
385.0,325.56766745434834,svm,0.000695317008648999,0.0
463.0,343.1978687644004,lstm,0.0012402330030454323,51697.0
451.0,376.09590560197825,lstm,0.0013232479977887124,47241.0
409.0,392.6607164740562,lstm,0.004074017007951625,40345.0
392.99999999999994,390.7571452856063,lstm,0.0026527169975452125,23804.0
353.0,393.59407812356943,lstm,0.0034632829920155928,28809.0
355.0,374.6095064282417,lstm,0.0028753410006174818,23742.0
381.0,358.87804657220835,lstm,0.003495673998259008,32837.0
379.0,357.39824384450907,lstm,0.0015962210018187761,41015.0
323.0,357.23631173372263,lstm,0.0030725820106454194,31127.0
295.0,338.58932912349695,lstm,0.001278444004128687,13550.0
293.0,318.98267000913614,lstm,0.003141876994050108,23743.0
303.0,304.9282324314117,lstm,0.0013950610009487718,23132.0
341.0,297.23532229661936,lstm,0.002614618992083706,29908.0
325.0,305.166023671627,lstm,0.002029604002018459,52368.0
305.0,307.45023816823954,lstm,0.0026454140024725348,17395.0
317.0,303.7821885943412,lstm,0.001310330000706017,54321.0
286.99999999999994,305.86907714605326,lstm,0.003085253993049264,30273.0
263.0,296.02150529623026,lstm,0.0030216699960874394,21423.0
281.0,279.15368348360056,lstm,0.0032985940051730722,21972.0
282.99999999999994,274.9467468261718,lstm,0.002707801992073655,26061.0
246.99999999999997,273.5170558094978,lstm,0.003258309996454045,30213.0
237.0,259.1699984669685,lstm,0.0017333480063825846,24902.0
232.99999999999994,247.70140320062634,lstm,0.00347023899666965,31189.0
237.0,239.6466815471649,lstm,0.003199330996721983,32227.0
244.99999999999997,234.53411668539044,lstm,0.002869017989723943,28320.0
203.0,233.72959852218625,lstm,0.003457778992014937,26734.0
207.0,220.13810023665425,lstm,0.001377470005536452,20935.0
253.0,212.9962061345577,lstm,0.0034973540023202077,29235.0
173.0,224.56729456782338,lstm,0.003010504995472729,24475.0
228.99999999999997,203.5874398052692,lstm,0.002861843997379765,21423.0
189.0,209.17023196816442,lstm,0.003359131995239295,38086.0
201.0,200.63819006085393,lstm,0.001331212988588959,25940.0
193.0,199.0031225979328,lstm,0.0018068999925162643,24048.0
213.0,201.97494018162115,svm,0.0006914200057508424,8118.0
149.0,212.59312199980278,svm,0.0007446359959430993,11963.0
171.0,193.72116842146627,svm,0.00025839499721769243,0.0
181.0,193.51969840212394,svm,0.0005816369957756251,9033.0
161.0,191.6204334117953,svm,0.000725708989193663,9033.0
213.0,187.78724192243345,svm,0.0007809179951436818,6775.0
183.0,189.42128447562467,svm,0.0006954589916858822,15870.0
181.0,192.26167132282026,svm,0.0006902500026626512,0.0
163.0,193.7180736439034,svm,0.0006697539938613772,8362.0
163.0,187.5084024640193,svm,0.001073127001291141,8728.0
157.0,190.62731929187225,svm,0.0007239089900394902,8851.0
155.0,181.4296403750448,svm,0.0008152230002451688,7873.0
124.99999999999997,177.80936958200786,svm,0.00024643899814691395,13611.0
139.0,166.5796597174043,svm,0.0006193769950186834,7507.0
142.99999999999997,164.66677770579886,svm,0.0005861179961357266,9643.0
132.99999999999997,162.5162167773657,svm,0.0006911509990459308,11780.0
111.0,158.934940181621,svm,0.0007520520011894405,13855.0
111.0,149.0941664872304,svm,0.0007345699996221811,0.0
111.0,147.59041406943527,svm,0.000992216999293305,10132.0
120.99999999999999,144.4250755781393,svm,0.00027811700419988483,0.0
104.99999999999999,142.61834443694008,svm,0.0006905610061949119,7568.0
129.0,136.42476610038312,svm,0.0006845500029157847,0.0
137.0,141.01494018162109,svm,0.00031708599999547005,0.0
147.0,145.35691310231732,svm,0.0006704730039928108,0.0
129.0,151.9159846690485,svm,0.0008545379969291389,7081.0
106.99999999999997,149.92201948529618,svm,0.0007242050050990656,7629.0
109.0,148.58724192243338,svm,0.0007651829946553335,4334.0
93.0,146.12410846015112,svm,0.0007621419936185703,10009.0
71.0,139.7033734504798,svm,0.0006901019951328635,8728.0
76.99999999999999,126.98321871160157,svm,0.0007481679931515828,8240.0
94.99999999999999,119.54708718355513,svm,0.0007330939988605678,6042.0
84.99999999999999,120.43962103268481,svm,0.0007278959965333343,7141.0
83.0,116.23288989148561,svm,0.0008484700083499774,6958.0
93.0,82.46168896555899,lstm,0.0026342269993619993,26733.0
58.99999999999999,86.38660982251166,lstm,0.002486400000634603,20752.0
78.99999999999999,76.66592203080653,lstm,0.0016058670007623732,22217.0
73.00000000000001,75.91281004250048,lstm,0.0029353230056585744,22949.0
71.0,73.89617718756197,lstm,0.0030829809984425083,20324.0
71.0,71.909157410264,lstm,0.003232489005313255,18921.0
76.99999999999999,70.05610577762126,lstm,0.00346037199778948,23010.0
53.0,72.69947193562983,lstm,0.0035141830012435094,19348.0
53.0,64.96220424771307,lstm,0.0034283269924344495,21180.0
65.0,59.755976945161805,lstm,0.00303680200886447,20142.0
73.00000000000001,60.50375148653983,lstm,0.0033840819960460067,15747.0
78.99999999999999,64.01051618158816,lstm,0.0030105370096862316,26245.0
73.00000000000001,68.41575406491755,lstm,0.0033038709952961653,17822.0
65.0,70.65352745354174,lstm,0.003156058010063134,21240.0
48.99999999999999,69.23919267952441,lstm,0.0031206440035020933,19836.0
65.0,61.793879792094216,lstm,0.003414121994865127,15808.0
57.0,61.75878740847109,lstm,0.003124537004623562,21546.0
50.999999999999986,58.72654125094412,lstm,0.001449199000489898,57434.0
55.00000000000001,54.836429059505456,lstm,0.0027949599898420274,13794.0
63.000000000000014,53.969519510865204,lstm,0.002856981009244919,20142.0
73.00000000000001,57.075674235820756,lstm,0.0019062280043726787,33447.0
65.0,62.03724786639212,lstm,0.003596173002733849,27283.0
29.000000000000004,63.15916679799555,lstm,0.001311533007537946,20081.0
40.99999999999999,51.35719388723373,lstm,0.0030202429916244,29053.0
48.99999999999999,46.83835349977016,lstm,0.0030174580024322495,21729.0
47.00000000000001,46.19097970426082,lstm,0.003236687000025995,19287.0
35.0,44.708472788333886,lstm,0.002995018003275618,24780.0
37.00000000000001,39.963854849338524,lstm,0.0027940160071011633,23438.0
50.999999999999986,39.14733186364173,lstm,0.003748069007997401,34301.0
33.00000000000001,42.89095684885978,lstm,0.00866191100794822,398559.0
33.00000000000001,38.8395420461893,lstm,0.0030953450041124597,30761.0
30.999999999999996,36.012468412518494,lstm,0.003429703996516764,21485.0
37.00000000000001,77.14801561682408,svm,0.0002956020034616813,29174.0
15.000000000000004,78.79134250270414,svm,0.0007347589998971671,8972.0
43.0,71.07853786053788,svm,0.0006751519977115095,8118.0
25.0,75.02314134216259,svm,0.0006294240010902286,6836.0
37.00000000000001,72.31830575222064,svm,0.0006995359872234985,5737.0
57.0,74.78824772514126,svm,0.0009697400091681629,7385.0
35.0,78.02631348916454,svm,0.0005776659963885322,8728.0
27.00000000000001,80.26476610038307,svm,0.0010059980122605339,9582.0
19.000000000000007,75.91381832475449,svm,0.001088488003006205,6592.0
29.000000000000004,74.39180671933859,svm,0.0008061139960773289,13672.0
27.00000000000001,75.72534637117616,svm,0.0008500649855704978,8544.0
29.000000000000004,70.92163263810073,svm,0.0009136230073636398,5615.0
22.999999999999993,70.09563650657266,svm,0.000876949998200871,14892.0
22.999999999999993,68.39381832475442,svm,0.0008466400031466037,8728.0
22.999999999999993,69.34112973674671,svm,0.000696903996868059,0.0
16.999999999999996,68.44271581024772,svm,0.0003827699983958155,0.0
29.000000000000004,66.746777705799,svm,0.0003920190065400675,17151.0
33.00000000000001,67.63343147755906,svm,0.0008594819955760613,13305.0
25.0,69.51815101334243,svm,0.0008687700028531253,8301.0
30.999999999999996,69.09540439825543,svm,0.0008758370095165446,7996.0
15.000000000000004,70.0993502396481,svm,0.00040355899545829743,17456.0
21.0,68.75497886634048,svm,0.00039075399399735034,0.0
25.0,68.47675836343922,svm,0.00047277999692596495,10254.0
29.000000000000004,67.47219356653399,svm,0.0010062389919767156,11963.0
40.99999999999999,69.06940826672741,svm,0.0006347580056171864,7752.0
35.0,70.77277383732694,svm,0.0007367250073002651,8912.0
27.00000000000001,73.08271581024768,svm,0.0005926059966441244,0.0
35.0,73.0195823479653,svm,0.0007940789946587756,8484.0
22.999999999999993,74.98724192243336,svm,0.00071537600888405,7507.0
35.0,73.78213553945467,svm,0.0006972219998715445,9460.0
48.99999999999999,73.96379898239462,svm,0.0007166529976530001,7080.0
40.99999999999999,76.87381832475442,svm,0.0006888920033816248,9460.0
43.0,78.64217422417414,svm,0.0005791590083390474,19165.0
37.00000000000001,40.0755688548088,lstm,0.0013189219898777083,18677.0
33.00000000000001,39.65942531824111,lstm,0.003281033001258038,26611.0
53.0,37.194987758994095,lstm,0.0031698880047770217,26306.0
50.999999999999986,41.82110905647277,lstm,0.0034429810039000586,24231.0
35.0,44.96049426496028,lstm,0.002994636000948958,21423.0
45.000000000000014,41.367115750908845,lstm,0.003148415999021381,29968.0
65.0,42.55463562905788,lstm,0.0013581550010712817,16540.0
50.999999999999986,50.7210624217987,lstm,0.00289861299097538,23010.0
71.0,50.55254273116588,lstm,0.003161763001116924,24109.0
68.99999999999999,57.58188940584658,lstm,0.004011535012978129,49926.0
76.99999999999999,62.677732631564126,lstm,0.003297762988950126,24475.0
86.99999999999999,68.45358610153197,lstm,0.0029619510023621842,20691.0
73.00000000000001,74.98907707631587,lstm,0.0030713519954588264,36499.0
84.99999999999999,75.2837537974119,lstm,0.0027515099936863407,22461.0
111.0,78.5713905841112,lstm,0.0043295810028212145,35034.0
124.99999999999997,90.25214493274687,lstm,0.0023000780056463555,19348.0
131.0,103.03644746541974,lstm,0.003477310005109757,22766.0
124.99999999999997,113.56192827224729,lstm,0.0033686220122035593,35583.0
104.99999999999999,119.3905799090862,lstm,0.0012553150008898228,41382.0
191.0,115.4958218336105,lstm,0.0012615290033863857,0.0
139.0,142.02463537454602,lstm,0.0031793259986443445,32593.0
183.0,141.11168369650838,lstm,0.003069227997912094,24475.0
142.99999999999997,155.925155878067,lstm,0.0034172870073234662,21728.0
195.0,152.11198449134824,lstm,0.0030182540067471564,26550.0
149.0,169.0225590765476,lstm,0.004212412008200772,28687.0
161.0,159.60717856884,lstm,0.0030259439954534173,20447.0
213.0,160.23630574345586,lstm,0.0028045280050719157,15625.0
207.0,176.8494905531406,lstm,0.003464794994215481,23682.0
259.0,188.15095812082288,lstm,0.0035462929954519495,29541.0
232.99999999999994,211.75749287009236,lstm,0.003164592999382876,23071.0
235.0,220.9464308619499,lstm,0.002929826994659379,27161.0
277.0,227.45187431573865,lstm,0.0028067100065527484,25207.0
289.0,244.01161372661588,lstm,0.0030521769949700683,27343.0
282.99999999999994,164.63593730420843,linear,0.00022524199448525906,0.0
253.0,166.96360716231467,linear,0.0006518320005852729,0.0
315.0,168.75843028801773,linear,0.000664579012664035,4455.0
264.99999999999994,176.5328845519707,linear,0.0005190360097913072,7752.0
349.0,175.31947779910112,linear,0.00046771299093961716,8606.0
397.0,181.26635954051108,linear,0.0005529519985429943,4639.0
405.0,192.55022314208793,linear,0.0005145280010765418,5920.0
405.0,207.16319185683776,linear,0.0005089539918117225,0.0
483.0,215.84793311392275,linear,0.0005739759944844991,7996.0
359.0,236.90792128952427,linear,0.0005138440028531477,4150.0
375.00000000000006,237.53433709175457,linear,0.000543721005669795,6470.0
475.0,235.22723791502625,linear,0.0004896030004601926,7568.0
345.0,242.31445718978907,linear,0.0005885740101803094,0.0
291.0,236.23069967913742,linear,0.000463739997940138,10254.0
369.0,217.52525400065167,linear,0.0005756530008511618,5615.0
355.0,218.63317971281847,linear,0.0009005390020320192,9339.0
341.0,216.72168097910125,linear,0.0009579210018273443,8728.0
361.0,203.94954548875026,linear,0.000694419999490492,0.0
353.0,205.5800092316284,linear,0.000667808999423869,3602.0
385.0,211.44697891111747,linear,0.0007270169880939648,6225.0
300.99999999999994,213.09027420714983,linear,0.0005626280035357922,3723.0
397.0,207.70242785381984,linear,0.0006753350025974214,4517.0
333.0,213.21350634378447,linear,0.0005343000084394589,0.0
341.0,210.507858587406,linear,0.0005696700100088492,0.0
349.0,209.22541714919387,linear,0.0005874219932593405,4700.0
297.0,205.9102635464029,linear,0.0008745460072532296,9949.0
213.0,205.26011401032346,linear,0.0005856570060132071,7141.0
279.0,187.30905552588428,linear,0.00023243098985403776,0.0
282.99999999999994,182.19511092830217,linear,0.0006597019964829087,6958.0
286.99999999999994,176.78040292181132,linear,0.0008117709949146956,9826.0
246.99999999999997,170.92042399007295,linear,0.0005824349937029183,0.0
297.0,166.08733463399986,linear,0.0006780719995731488,4516.0
255.0,174.15740314176108,linear,0.0005549499910557643,4944.0
255.0,262.143647968769,lstm,0.0013120079966029152,36194.0
286.99999999999994,256.2506809830665,lstm,0.0029035280022071674,22522.0
341.0,263.2970684766769,lstm,0.003538923992891796,28320.0
289.0,288.8901796936988,lstm,0.003388840996194631,24719.0
253.0,284.994446337223,lstm,0.0033079379936680198,17029.0
237.0,272.5739768147468,lstm,0.003369073005160317,23193.0
297.0,258.663845360279,lstm,0.0032651539950165898,23010.0
277.0,268.64093452692026,lstm,0.0030085620091995224,16601.0
279.0,264.91493552923197,lstm,0.006513318003271706,313292.0
279.0,266.122333407402,lstm,0.004575237006065436,28809.0
317.0,268.87709438800806,lstm,0.004924014996504411,26977.0
266.99999999999994,284.9620315432548,lstm,0.0032591199997114018,19226.0
279.0,274.82595384120935,lstm,0.002887955997721292,15869.0
349.0,273.7542441487312,lstm,0.0029793479916406795,19348.0
295.0,297.37594008445734,lstm,0.0031929399992804974,23071.0
293.0,293.738248348236,lstm,0.004389924986753613,28076.0
186.99999999999997,289.3502286076545,lstm,0.004046219997690059,21363.0
246.99999999999997,251.4987218379974,lstm,0.004590566997649148,24353.0
279.0,246.92415744066236,lstm,0.0028418869915185496,18921.0
259.0,250.68625956773755,lstm,0.003689967008540407,26245.0
264.99999999999994,248.79148364067075,lstm,0.003157475992338732,27222.0
227.0,250.06527155637738,lstm,0.003029971005162224,13855.0
297.0,243.01438003778455,lstm,0.0033354729966958985,23315.0
284.99999999999994,260.06168901920313,lstm,0.0028211969911353663,18372.0
277.0,265.1491448283195,lstm,0.003281675002654083,23865.0
255.0,267.07594543695444,lstm,0.0035619179980130866,23926.0
253.0,260.4594618082046,lstm,0.003266744999564253,22888.0
263.0,257.34473347663874,lstm,0.0030400649993680418,20691.0
264.99999999999994,255.00569045543668,lstm,0.0030386379949050024,23743.0
244.99999999999997,254.62635934352872,lstm,0.003320578995044343,22217.0
275.0,247.7218663692474,lstm,0.0031161049992078915,18982.0
266.99999999999994,254.94972705841062,lstm,0.0033409169991500676,26001.0
282.99999999999994,166.65643782024304,linear,0.00026831899594981223,0.0
295.0,168.60960188130014,linear,0.0005223409971222281,0.0
295.0,171.5771202420311,linear,0.0006817170069552958,5432.0
315.0,176.35716464753372,linear,0.0006318380037555471,4700.0
325.0,180.26575687820292,linear,0.00024419800320174545,0.0
281.0,185.8776488028387,linear,0.0007886740058893338,7813.0
313.0,185.53843492569553,linear,0.000995211987174116,0.0
286.99999999999994,187.28644582987283,linear,0.0005553999944822863,0.0
305.0,186.47223218143571,linear,0.00048542699369136244,6653.0
275.0,185.5157483983722,linear,0.0007122789975255728,0.0
282.99999999999994,180.704558564805,linear,0.0005810199945699424,4333.0
275.0,180.830834102055,linear,0.0004971250018570572,5127.0
295.0,177.20746076963084,linear,0.0006588419928448275,7690.0
291.0,178.00924719298663,linear,0.00025639700470492244,0.0
331.0,176.72602443332173,linear,0.0005258739984128624,0.0
227.0,182.21244728933536,linear,0.0005852949980180711,7203.0
327.0,176.57233856512215,linear,0.00047856400487944484,0.0
351.0,181.67442077479416,linear,0.000510220997966826,6225.0
271.0,187.32567561482782,linear,0.0004994259943487123,5311.0
321.00000000000006,185.13495314334398,linear,0.00021436199313029647,0.0
295.0,184.30142501258695,linear,0.00020466599380597472,0.0
365.0,190.71675100816253,linear,0.00025861999893095344,0.0
409.0,194.52490857435757,linear,0.000802665002993308,6897.0
329.0,200.45685811919566,linear,0.0006228889978956431,7751.0
389.0,205.76384340789275,linear,0.0008079550025286153,13306.0
335.0,212.3525285814428,linear,0.0006201109936228022,7508.0
367.0,216.03944117982698,linear,0.0004952319868607447,9156.0
355.0,216.18976360733288,linear,0.00048696401063352823,0.0
317.0,211.1246455541378,linear,0.0006794079963583499,5066.0
225.0,209.75518651517498,linear,0.0005761630018241704,6104.0
271.0,193.70847606419576,linear,0.00046961300540715456,9399.0
397.0,187.52551985917503,linear,0.0004862869973294437,0.0
467.00000000000006,190.94744114114025,linear,0.0005783719971077517,0.0
397.0,358.2508167624473,lstm,0.0037925749929854646,48218.0
275.0,367.13569760322565,lstm,0.004107425003894605,29968.0
221.0,337.3000785708427,lstm,0.0038170649931998923,28930.0
373.0,297.23521590232843,lstm,0.004133241993258707,32348.0
397.0,316.9979199767112,lstm,0.004232747000060044,32959.0
351.0,332.5370189547538,lstm,0.0037222149985609576,31433.0
392.99999999999994,330.60599803924555,lstm,0.003051253006560728,17578.0
353.0,351.1787527799606,lstm,0.0030129919905448332,25939.0
471.0,353.4966233372688,lstm,0.0034353000082774088,28260.0
323.0,388.61432880163187,lstm,0.01859500599675812,948423.0
525.0,358.3322793245315,lstm,0.0045600129960803315,33875.0
367.0,412.15491682291025,lstm,0.0035256130067864433,19226.0
389.0,388.83573532104487,lstm,0.0031310760095948353,20081.0
317.0,385.8107683062553,lstm,0.0029605699965031818,18188.0
349.0,352.44973897933954,lstm,0.0032375270093325526,31616.0
427.0,349.22496348619455,lstm,0.004542052003671415,36621.0
325.0,362.84329086542124,lstm,0.003972361009800807,37293.0
381.0,343.5363799333572,lstm,0.004310766002163291,30762.0
389.0,350.50041824579233,lstm,0.0018024909950327128,41260.0
359.0,360.76228946447367,lstm,0.0030700000061187893,30762.0
355.0,355.57549685239786,lstm,0.002767536003375426,22155.0
403.0,347.225247323513,lstm,0.0035876730107702315,25024.0
441.0,363.4044852852821,lstm,0.0036514350067591295,23437.0
405.0,383.69479864835733,lstm,0.003067158002522774,20141.0
401.0,384.1540673375129,lstm,0.004129555003601126,35096.0
313.0,385.527192056179,lstm,0.005482595995999873,42054.0
367.0,356.4430713653564,lstm,0.005248375004157424,49866.0
410.99999999999994,354.2826643586158,lstm,0.0012871010112576187,8911.0
379.0,364.822224676609,lstm,0.002139121002983302,26306.0
439.0,361.93028599023813,lstm,0.0030468920012935996,25512.0
315.0,381.49640887975687,lstm,0.0035285589983686805,34912.0
361.0,355.6562146544456,lstm,0.001501010003266856,23803.0
341.0,353.4255519509315,lstm,0.0021756829955847934,34058.0
373.0,216.75585065706164,linear,0.00046958200982771814,8545.0
377.0,216.19186898301817,linear,0.0006241369992494583,6775.0
357.00000000000006,210.46293213285122,linear,0.0005057539965491742,8056.0
335.0,214.37375360778955,linear,0.0004698020056821406,0.0
325.0,211.7874130585713,linear,0.00031980899802874774,55054.0
281.0,210.14288253692797,linear,0.0002606190100777894,9339.0
327.0,201.15505608294623,linear,0.0006583430076716468,5493.0
266.99999999999994,196.46277927224236,linear,0.0002022580010816455,18860.0
279.0,187.74936096791893,linear,0.00020228800713084638,11169.0
297.0,182.32005687559376,linear,0.0005411299935076386,19898.0
345.0,179.7726361209661,linear,0.000617967001744546,11475.0
281.0,186.05794506159583,linear,0.0006614290032302961,0.0
325.0,181.58647517416725,linear,0.0006868839991511777,14099.0
295.0,187.15390830124238,linear,0.0006770780018996447,0.0
242.99999999999997,188.64957761578026,linear,0.000506976997712627,5127.0
239.0,183.18583495762132,linear,0.00022852199617773294,0.0
255.0,172.98513078554177,linear,0.0004468830011319369,0.0
232.99999999999994,170.4986526251182,linear,0.00040348600305151194,5676.0
227.0,161.67594059945569,linear,0.0007108379941200837,0.0
248.99999999999997,155.15408710406436,linear,0.000578357998165302,9582.0
309.0,155.7983372471924,linear,0.000688564992742613,12390.0
275.0,162.73965508045075,linear,0.00032819900661706924,15747.0
279.0,164.67771518697958,linear,0.0006132909911684692,6897.0
273.0,169.03392105564038,linear,0.0003060279996134341,0.0
205.0,173.40212428495605,linear,0.0004423549980856478,0.0
261.0,168.87507959884107,linear,0.0003290559980086982,48339.0
215.00000000000003,164.3759537233579,linear,0.0009109279926633462,7019.0
232.99999999999994,158.57733225534653,linear,0.0010145700071007013,5005.0
197.00000000000003,154.15056426973976,linear,0.0005052449996583164,6165.0
183.0,146.85382906051066,linear,0.00038415299786720425,0.0
175.0,144.5676670845322,linear,0.00036770499718841165,0.0
189.0,136.32527246134677,linear,0.0006409829948097467,6286.0
211.0,133.85065779589803,linear,0.0005201200110604987,7141.0
191.0,190.2368891239166,lstm,0.0012336200015852228,19287.0
203.0,188.7893061339855,lstm,0.0036893350043101236,35217.0
185.0,192.9261644184589,lstm,0.0038219120033318177,39245.0
189.0,189.69443783164022,lstm,0.0022574429895030335,28869.0
191.0,188.17700698971746,lstm,0.0012629770062630996,17579.0
193.0,186.6521994769573,lstm,0.0019490179984131828,54382.0
167.0,187.37553879618642,lstm,0.0021821469999849796,34423.0
163.0,177.98168540000913,lstm,0.005370293001760729,53284.0
179.0,171.09299197793004,lstm,0.004001840992714278,29235.0
147.0,171.80196806788442,lstm,0.014395292004337534,264892.0
122.99999999999999,160.73485165834424,lstm,0.0032081520039355382,76416.0
177.0,144.51169058680532,lstm,0.0013287140027387068,38635.0
141.0,153.96663203835485,lstm,0.0034653509937925264,20202.0
122.99999999999999,147.82154604792592,lstm,0.004462313998374157,46142.0
132.99999999999997,136.43292382359502,lstm,0.0020378610061015934,57007.0
111.0,133.8089036941528,lstm,0.002118582997354679,18249.0
104.99999999999999,125.32204389572141,lstm,0.004535115003818646,32410.0
122.99999999999999,114.4630169868469,lstm,0.0037019709998276085,29296.0
106.99999999999997,115.33917397260663,lstm,0.002866620008717291,26000.0
137.0,111.26785457134244,lstm,0.0033088060008594766,24170.0
91.0,118.66617664694783,lstm,0.004177294991677627,30640.0
109.0,108.63074794411656,lstm,0.004532664010184817,41748.0
120.99999999999999,108.26751783490178,lstm,0.0019396270072320476,22583.0
131.0,111.35766908526418,lstm,0.004291350007406436,37353.0
91.0,117.97856807708737,lstm,0.005044067002017982,46081.0
106.99999999999997,106.80358558893201,lstm,0.0038941930106375366,40466.0
102.99999999999999,107.06462398171422,lstm,0.004054254008224234,22888.0
76.99999999999999,104.81161847710607,lstm,0.00409055600175634,28687.0
109.0,93.3528646826744,lstm,0.00416021300770808,27893.0
68.99999999999999,96.27962976694106,lstm,0.0032764450006652623,26733.0
58.99999999999999,86.30704462528227,lstm,0.005396774999098852,37109.0
73.00000000000001,74.82886500656603,lstm,0.003955844993470237,30091.0
75.0,76.88238535146161,linear,0.0002582050074124709,0.0
67.0,76.69284359586754,linear,0.000596740996115841,6836.0
65.0,72.68894404001841,linear,0.0006436750118155032,10132.0
61.0,72.29323946293128,linear,0.0006720720120938495,7812.0
99.0,72.45206524619645,linear,0.0006538300076499581,9827.0
83.0,75.0654062024599,linear,0.0006529259990202263,6409.0
71.0,75.85943809058764,linear,0.0006756299990229309,6409.0
61.0,76.16997340097934,linear,0.0006366179877659306,7873.0
61.0,75.73179355315877,linear,0.0005775729950983077,4456.0
63.000000000000014,75.6722862208552,linear,0.000596461002714932,9094.0
47.00000000000001,72.2492371693163,linear,0.0006735740025760606,6287.0
58.99999999999999,68.76249930255776,linear,0.0009088160004466772,8911.0
61.0,67.63421821526279,linear,0.00060331700660754,8911.0
61.0,67.6653781918848,linear,0.0002788439887808636,0.0
71.0,67.66730166031113,linear,0.0005886630096938461,9400.0
65.0,68.48515046836576,linear,0.0007188679883256555,7629.0
57.0,70.19494655643318,linear,0.0006930550007382408,5188.0
58.99999999999999,69.96109344489666,linear,0.0008642500033602118,7935.0
43.0,69.76062038563444,linear,0.0005856070056324825,7386.0
57.0,67.97441655719538,linear,0.0008471009932691231,11231.0
53.0,66.65755722297233,linear,0.0006223450036486611,3479.0
37.00000000000001,65.53094667370752,linear,0.0008729069959372282,11414.0
29.000000000000004,63.54949749103216,linear,0.0006613849982386455,6286.0
33.00000000000001,60.633488766740264,linear,0.0007764170004520565,6897.0
30.999999999999996,59.6596112456267,linear,0.0007237029931275174,0.0
37.00000000000001,57.175434397358536,linear,0.0007207399903563783,6165.0
29.000000000000004,55.67732637107304,linear,0.0005299759941408411,0.0
39.0,54.90349586064044,linear,0.0009984890057239681,5798.0
33.00000000000001,55.87600597522812,linear,0.0005424239934654906,6836.0
39.0,55.87698046205476,linear,0.00038478500209748745,8423.0
48.99999999999999,56.645818501018795,linear,0.0004921170038869604,0.0
58.99999999999999,57.85038176924866,linear,0.0005092180072097108,0.0
29.000000000000004,60.76763643843919,linear,0.0005837479984620586,6958.0
25.0,40.979654341936104,lstm,0.0020608369959518313,42481.0
43.0,35.32290928065776,lstm,0.0023709859960945323,78491.0
37.00000000000001,37.33878850936889,lstm,0.0020165979949524626,91614.0
33.00000000000001,36.29377491772174,lstm,0.011345036007696763,252868.0
43.0,33.700015097856515,lstm,0.0019607590074883774,31738.0
29.000000000000004,37.0062531530857,lstm,0.003664193005533889,34240.0
30.999999999999996,34.58191737532615,lstm,0.005436712992377579,47486.0
27.00000000000001,32.52681411802768,lstm,0.003074913998716511,31067.0
33.00000000000001,30.012850016355504,lstm,0.003433691992540844,23316.0
25.0,30.572475120425214,lstm,0.0031542799988528714,27466.0
29.000000000000004,27.702577784657468,lstm,0.004780467992532067,39062.0
27.00000000000001,27.810887172818173,lstm,0.0035189810005249456,35767.0
30.999999999999996,27.109801992774,lstm,0.0030770960001973435,23621.0
25.0,28.23714703321456,lstm,0.0040815510001266375,44129.0
33.00000000000001,26.6331910341978,lstm,0.0016784230101620778,14770.0
25.0,28.716107532382,lstm,0.0016451999981654808,37536.0
30.999999999999996,27.188560366630544,lstm,0.0011990740022156388,17883.0
39.0,28.279882073402394,lstm,0.002106984000420198,80749.0
30.999999999999996,31.72612614929675,lstm,0.0013025170046603307,23742.0
40.99999999999999,31.67906440794467,lstm,0.0018830749904736876,56763.0
35.0,34.6942076832056,lstm,0.002646326000103727,40954.0
37.00000000000001,35.139583051204674,lstm,0.0019059030018979684,56946.0
40.99999999999999,35.75840771198272,lstm,0.009647639002650976,250731.0
27.00000000000001,37.19710677862167,lstm,0.0013484369992511347,15625.0
25.0,33.67348745465278,lstm,0.0019457800080999732,50964.0
40.99999999999999,29.850146546959866,lstm,0.003615317997173406,45654.0
47.00000000000001,33.15912425518035,lstm,0.0026166769966948777,28015.0
47.00000000000001,37.67422311007976,lstm,0.004363460000604391,39490.0
47.00000000000001,40.72174571454524,lstm,0.002704027996514924,27100.0
37.00000000000001,43.5563201457262,lstm,0.0035377040039747953,37048.0
37.00000000000001,41.9820038229227,lstm,0.001305615995079279,20630.0
43.0,39.89143580198287,lstm,0.0032110340107465163,88256.0
58.99999999999999,40.24454072117805,lstm,0.0017314970027655363,18554.0
78.99999999999999,61.13026214305149,linear,0.0002959989942610264,12879.0
68.99999999999999,64.30710645170431,linear,0.0006283809925662354,8972.0
83.0,67.37568746692399,linear,0.0004934389871777967,0.0
61.0,71.80294302302934,linear,0.00031016100547276437,41870.0
86.99999999999999,73.46014659782028,linear,0.0003595989983296022,7568.0
78.99999999999999,76.16778462119522,linear,0.0005021010001655668,0.0
81.0,76.20213037122225,linear,0.00021067399939056486,0.0
109.0,77.32748125786806,linear,0.00022137400810606778,0.0
119.0,79.94248863286114,linear,0.0006242409872356802,0.0
104.99999999999999,85.5600505524932,linear,0.0006783690041629598,17151.0
122.99999999999999,87.26234010708237,linear,0.0005725859955418855,12268.0
149.0,91.50836719163289,linear,0.0002420679957140237,20263.0
161.0,98.1177065577362,linear,0.00039327699050772935,0.0
173.0,103.18045270384152,linear,0.0002930979972006753,0.0
153.0,108.43149682823805,linear,0.0003025799960596487,0.0
181.0,112.96192157993633,linear,0.00031516001035925,0.0
159.0,118.54668258795266,linear,0.0005519910046132281,6836.0
168.99999999999997,119.47020562715397,linear,0.0006516199937323108,9094.0
165.0,120.21480408327335,linear,0.0005005610000807792,0.0
219.0,119.47560209368244,linear,0.00026251999952364713,0.0
185.0,125.94811582520015,linear,0.00019945499661844224,19836.0
257.0,126.342283825537,linear,0.0002543699956731871,0.0
211.0,135.90053055248882,linear,0.00032261099840980023,0.0
279.0,139.9080258736683,linear,0.0002621859894134104,0.0
299.0,150.91424923497104,linear,0.0006522360054077581,12085.0
289.0,158.81606807114005,linear,0.0006508619990199804,5310.0
311.0,168.7033009220254,linear,0.00044412098941393197,0.0
277.0,173.97872412231456,linear,0.00023118600074667484,0.0
305.0,180.15127814996077,linear,0.0005877360090380535,8484.0
295.0,182.6503998111656,linear,0.0002064220025204122,0.0
293.0,182.29874291884602,linear,0.0002047389862127602,10742.0
349.0,182.63171199750462,linear,0.0005536810058401898,0.0
379.0,186.4989008541382,linear,0.0002827509888447821,0.0
425.0,327.4839994311332,lstm,0.0012445059983292595,15625.0
473.0,357.8462347388267,lstm,0.0012756880023516715,31005.0
423.0,394.73767489194864,lstm,0.0014736670127604157,26611.0
341.0,402.15034246444696,lstm,0.0023092509945854545,18127.0
461.0,377.5586852431297,lstm,0.0031752520008012652,27527.0
335.0,402.12544620037073,lstm,0.0029172460053814575,19837.0
355.0,370.654227733612,lstm,0.001244446000782773,20874.0
379.0,355.91780275106424,lstm,0.0027935819962294772,25146.0
317.0,356.1659142374992,lstm,0.003159571992000565,20996.0
248.99999999999997,338.4050896763801,lstm,0.0033067620097426698,25757.0
437.0,297.13548898696894,lstm,0.0024622269993415102,27039.0
339.00000000000006,341.94085568189615,lstm,0.0031646779971197248,25268.0
417.0,334.3833500146865,lstm,0.00328692801122088,28015.0
410.99999999999994,356.7218598723411,lstm,0.0025160609948216006,16968.0
349.0,371.9426271319389,lstm,0.0027742660022340715,24780.0
445.0,364.6059960126876,lstm,0.0028548630070872605,24841.0
377.0,384.3167087435722,lstm,0.0012297529901843518,24292.0
327.0,377.51449614763254,lstm,0.003297798990388401,26672.0
337.0,352.94872820377344,lstm,0.002043111002421938,52002.0
335.0,340.7008302211761,lstm,0.0017959940014407039,27222.0
313.0,334.35309857130045,lstm,0.0015587399975629523,22277.0
295.0,317.2200003266334,lstm,0.00356691399065312,30884.0
167.0,302.928232550621,lstm,0.00465918899863027,46813.0
343.0,250.5953279137611,lstm,0.0036564940091921017,32898.0
293.0,277.59238272905344,lstm,0.005815185999381356,55542.0
305.0,276.46201431751246,lstm,0.0018763160041999072,41016.0
271.0,281.77339464426035,lstm,0.0039055829984135926,39123.0
305.0,274.4472256302833,lstm,0.0033336810010951012,26001.0
268.99999999999994,288.3938148617744,lstm,0.0030810110038146377,22766.0
321.00000000000006,275.6068524718284,lstm,0.002882708009565249,25025.0
286.99999999999994,288.189750611782,lstm,0.004432360001374036,31433.0
305.0,283.63096803426737,lstm,0.004338377999374643,30274.0
250.99999999999994,289.0567931532859,lstm,0.0015918110002530739,23925.0
225.0,177.95150832987827,linear,0.0007053649896988645,7691.0
237.0,173.4846814882945,linear,0.0006923290056874976,7446.0
257.0,165.4678497713646,linear,0.0007755270053166896,6347.0
315.0,162.67159446712517,linear,0.0004646699962904677,0.0
281.0,163.92994120197886,linear,0.0004937400080962107,0.0
250.99999999999994,166.82556842168157,linear,0.0005363129894249141,8606.0
331.0,169.12822088380258,linear,0.0006245849945116788,6714.0
333.0,178.32948212836217,linear,0.0006430380017263815,5127.0
271.0,185.71333893244577,linear,0.0005774949968326837,6104.0
282.99999999999994,181.32103510939052,linear,0.000609038004768081,4822.0
266.99999999999994,181.46160048739483,linear,0.0006383040017681196,4211.0
282.99999999999994,182.87809728939985,linear,0.0006556930020451546,7507.0
317.0,178.30473359107137,linear,0.0005696360021829605,9522.0
242.99999999999997,176.98936698345008,linear,0.0006731479952577502,6531.0
281.0,174.10311819860615,linear,0.00048331799916923046,0.0
253.0,173.91383690143235,linear,0.0005517459940165281,0.0
300.99999999999994,172.53433630279162,linear,0.0005017899966333061,6897.0
318.99999999999994,174.33560283539782,linear,0.0007052150031086057,7569.0
248.99999999999997,174.76381478903747,linear,0.0005381340015446767,8973.0
253.0,175.08779265338623,linear,0.0006280980014707893,5615.0
355.0,172.30969287229925,linear,0.0006281189998844638,0.0
263.0,182.39375495008872,linear,0.0005718809989048168,8850.0
284.99999999999994,178.61679091801042,linear,0.0005194640107220039,8850.0
293.0,175.32713347509602,linear,0.0005705189978471026,6775.0
271.0,179.6081474389468,linear,0.0005726060044253245,5127.0
277.0,181.16398556273657,linear,0.0006686150009045377,9033.0
241.0,173.7686036665901,linear,0.00047769799130037427,9949.0
286.99999999999994,171.52441624509012,linear,0.0004940270009683445,0.0
307.0,171.79771811423763,linear,0.0002254209975944832,22339.0
357.00000000000006,173.32390796697712,linear,0.0003296310023870319,0.0
275.0,181.76811695528997,linear,0.0009496179991401732,9704.0
289.0,181.42487518356302,linear,0.000380604004021734,0.0
259.0,185.85756090902163,linear,0.0001944149989867583,0.0
293.0,275.88361948728556,lstm,0.0026800479972735047,19287.0
282.99999999999994,277.8633335232734,lstm,0.0028763189911842346,21363.0
271.0,272.6529568433761,lstm,0.0026482969988137484,32837.0
275.0,269.2976710200309,lstm,0.0029329720127861947,27832.0
297.0,267.81666249036783,lstm,0.002312969008926302,15869.0
345.0,276.0620072484016,lstm,0.0026688609941629693,22339.0
248.99999999999997,296.5514907240867,lstm,0.0028965189994778484,30030.0
313.0,276.9058203697204,lstm,0.003280133008956909,30884.0
255.0,287.78073549270624,lstm,0.0029890570003772154,32532.0
392.99999999999994,273.74846339225763,lstm,0.00276424600451719,22338.0
282.99999999999994,312.11548596620554,lstm,0.002779401998850517,20813.0
333.0,295.6450822949409,lstm,0.0022525640088133514,47241.0
291.0,308.4721198678016,lstm,0.002345373999560252,47668.0
375.00000000000006,298.5596475005149,lstm,0.003165732996421866,54199.0
395.0,324.6883830428123,lstm,0.0021160180040169507,30151.0
427.0,341.0570737719535,lstm,0.007957909008837305,240844.0
427.0,368.6977076530456,lstm,0.0023172579967649654,35218.0
423.0,384.5539325475692,lstm,0.004541703005088493,32104.0
439.0,396.2947908043861,lstm,0.0029285049968166277,27710.0
355.0,405.7119268178939,lstm,0.003434881000430323,35217.0
395.0,382.11768060922617,lstm,0.0020189659990137443,59448.0
385.0,379.79420661926264,lstm,0.0015951889945426956,15564.0
423.0,373.77753853797907,lstm,0.003265393999754451,42054.0
397.0,382.98110574483866,lstm,0.0012883549934485927,10742.0
337.0,378.79399389028544,lstm,0.0026423659874126315,22583.0
385.0,360.10051697492594,lstm,0.0033834849891718477,29358.0
355.0,362.97160238027567,lstm,0.003353063002577983,30701.0
373.0,354.01061415672297,lstm,0.0026989559992216527,24475.0
331.0,352.61234492063517,lstm,0.0032582659914623946,22156.0
417.0,338.08622598648066,lstm,0.0012250400031916797,41076.0
401.0,361.73168331384653,lstm,0.0035256880073575303,27038.0
305.0,368.33281069993967,lstm,0.002002973997150548,32653.0
349.0,215.9492197823171,linear,0.0002019629901042208,25512.0
385.0,213.6576826807757,linear,0.0005599669966613874,0.0
359.0,218.95397897018657,linear,0.00043767500028479844,0.0
405.0,213.3979406148521,linear,0.0005890239990549162,8300.0
387.0,213.9907376386931,linear,0.0003575600130716339,0.0
385.0,221.82475050625547,linear,0.0004154759953962639,6958.0
329.0,225.19087092654146,linear,0.0006676990014966577,8362.0
373.0,219.65461468862014,linear,0.0005426819989224896,0.0
399.0,220.99018727568898,linear,0.00046834400563966483,5798.0
423.0,220.614561684654,linear,0.0006283520051511005,4943.0
428.99999999999994,224.20021474703913,linear,0.0006422459991881624,8239.0
373.0,228.54034157891115,linear,0.000553527002921328,0.0
379.0,232.52167120843885,linear,0.00042009800381492823,0.0
409.0,232.97792284073114,linear,0.00041555998905096203,8240.0
369.0,234.0284326395772,linear,0.00038544900598935783,6164.0
325.0,228.77110737151168,linear,0.0005280250043142587,10132.0
392.99999999999994,218.63639997175522,linear,0.0005644499906338751,5738.0
375.00000000000006,220.6967999663933,linear,0.0002129989879904315,10498.0
423.0,220.35565906993926,linear,0.0005733899888582528,7751.0
377.0,221.8708184778444,linear,0.0005632240063278005,40772.0
417.0,222.6164141123179,linear,0.0008396469929721206,9217.0
345.0,231.40295640177277,linear,0.0002740419877227396,11902.0
315.0,226.6521750798906,linear,0.0003212809970136732,32837.0
387.0,220.60735271188742,linear,0.0006849230121588334,13611.0
284.99999999999994,217.40240937992698,linear,0.0007262470026034862,6408.0
361.0,208.33704145995534,linear,0.00021164400095585734,0.0
339.00000000000006,203.11370463787404,linear,0.0005450860044220462,8728.0
307.0,202.64537385145323,linear,0.00048469500325154513,9888.0
248.99999999999997,201.64748707587577,linear,0.0005904930003453046,6347.0
331.0,188.27198697690264,linear,0.0005176030099391937,4577.0
343.0,192.7703310212848,linear,0.0005369700083974749,5127.0
385.0,191.27679079564868,linear,0.0007138329965528101,9216.0
268.99999999999994,195.88641547834823,linear,0.0004860070039285347,7446.0
277.0,191.98322094764737,linear,0.0005708179960492998,10010.0
282.99999999999994,296.36906010425156,svm,0.0007622030097991228,9888.0
286.99999999999994,290.84766745434797,svm,0.0007492149889003485,0.0
327.0,288.53927287020895,svm,0.0006682069943053648,4700.0
331.0,279.5947467580232,svm,0.0006611290009459481,9460.0
257.0,288.80356687407743,svm,0.00069179899583105,8361.0
286.99999999999994,278.6619808005765,svm,0.0007516830082749948,6347.0
277.0,280.64356687407724,svm,0.0007879960030550137,9948.0
261.0,280.69339279283935,svm,0.0008351419965038076,6775.0
263.0,272.05091697078933,svm,0.0007737370033282787,9766.0
289.0,259.141361845064,svm,0.0006732980109518394,7080.0
275.0,267.6841858295902,svm,0.0007531709998147562,6775.0
268.99999999999994,264.8846500462246,svm,0.0008261539915110916,13428.0
237.0,262.1764102009633,svm,0.0007130070007406175,5554.0
317.0,255.2332767386811,svm,0.0007476800092263147,0.0
223.0,271.6649982087002,svm,0.000784691990702413,2746.0
250.99999999999994,253.9492535278492,svm,0.0007414410065393895,6836.0
244.99999999999997,252.71165198046035,svm,0.0007159699889598414,3479.0
207.0,246.3689053653734,svm,0.0010858449968509376,4822.0
189.0,244.16449530734627,svm,0.0008219839946832508,5249.0
219.0,220.20658428220136,svm,0.00036366200947668403,13367.0
171.0,224.11745468839075,svm,0.0007940600044094026,7202.0
191.0,209.74190343113756,svm,0.0007658339891349897,4211.0
205.0,202.7170678411956,svm,0.0007924940000521019,4395.0
213.0,202.81114907910637,svm,0.0008596870029577985,3113.0
213.0,209.32658428220125,svm,0.0008093420037766919,5127.0
173.0,205.92975642920314,svm,0.0012581999908434227,12085.0
203.0,202.6480543015436,svm,0.0008747059910092503,5371.0
147.0,207.28217422417416,svm,0.0008268870005849749,8667.0
149.0,194.8232187116016,svm,0.0007739610009593889,6958.0
203.0,186.78700981411612,svm,0.0007319989963434637,8118.0
119.0,188.7537409553155,svm,0.0008634529949631542,3968.0
163.0,176.34584927253002,svm,0.0008219900046242401,5310.0
167.0,171.8163328315243,svm,0.0009478930005570874,4821.0
161.0,157.18842849135396,lstm,0.0015605649969074875,24719.0
139.0,157.95382902026174,lstm,0.003314280998893082,25879.0
145.0,147.86859005689618,lstm,0.0029908659926149994,23803.0
147.0,147.4721826612949,lstm,0.0036997119896113873,26184.0
173.0,145.50257608294484,lstm,0.004136718009249307,30395.0
132.99999999999997,153.26148614287374,lstm,0.0024794909986667335,22522.0
129.0,144.71951410174367,lstm,0.0034651760070119053,29053.0
96.99999999999999,138.56793805956838,lstm,0.003355703011038713,29052.0
127.0,122.46042758226392,lstm,0.003080766007769853,26673.0
114.99999999999999,121.83383613824842,lstm,0.003131946999928914,19287.0
88.99999999999997,115.86928352713582,lstm,0.003049613005714491,26490.0
119.0,104.69071909785268,lstm,0.0039769639988662675,37537.0
129.0,107.82986491918561,lstm,0.0030030259949853644,17822.0
117.0,115.33920943737027,lstm,0.0035799400066025555,25085.0
109.0,114.74939495325086,lstm,0.0031959140032995492,22827.0
101.0,112.13823080062863,lstm,0.001189492002595216,36072.0
114.99999999999999,108.73363122344014,lstm,0.0026634739915607497,26245.0
117.0,109.70054253935811,lstm,0.002726765989791602,24903.0
131.0,110.63915297389028,lstm,0.0027329029981046915,25512.0
96.99999999999999,116.99966967105863,lstm,0.0031898470042506233,21546.0
81.0,109.74443018436429,lstm,0.002914167009294033,28320.0
88.99999999999997,99.27923947572705,lstm,0.0030840099934721366,26673.0
99.0,93.99091124534606,lstm,0.0029322379996301606,17212.0
65.0,93.83859008550642,lstm,0.0031927219970384613,16297.0
65.0,81.0547663271427,lstm,0.003191780997440219,26551.0
76.99999999999999,73.8970549404621,lstm,0.002943224011687562,22155.0
94.99999999999999,74.01290059089659,lstm,0.004340881991083734,34302.0
76.99999999999999,80.20664423704146,lstm,0.009323309001047164,401061.0
91.0,77.78514564037322,lstm,0.004372540992335416,31433.0
84.99999999999999,82.81803891062735,lstm,0.004647125009796582,43945.0
84.99999999999999,84.15085792541502,lstm,0.004015883998363279,33691.0
65.0,84.36268895864485,lstm,0.004849705001106486,41748.0
75.0,110.4865069127621,svm,0.00035010999999940395,0.0
81.0,111.7918840887776,svm,0.0008738040050957352,6103.0
53.0,111.02252238665005,svm,0.000866333008161746,10926.0
47.00000000000001,104.44921484312974,svm,0.0006372039933921769,6897.0
55.00000000000001,97.36372161295559,svm,0.000812548998510465,5249.0
58.99999999999999,97.23652625512193,svm,0.0008491040061926469,6348.0
75.0,96.58569453365193,svm,0.0007896649913163856,9461.0
45.000000000000014,96.31582993017028,svm,0.0005373379972297698,7691.0
43.0,91.90577190309098,svm,0.0006780080002499744,5005.0
61.0,91.03335410812004,svm,0.0006791219930164516,5372.0
35.0,93.57880865357461,svm,0.0007519500068156049,7751.0
35.0,89.40673902107935,svm,0.0005972990038571879,9583.0
55.00000000000001,82.46855720289761,svm,0.000875343001098372,7690.0
37.00000000000001,85.43056880831341,svm,0.0006644690001849085,8240.0
43.0,84.45076223191101,svm,0.0007868079992476851,4150.0
39.0,81.23095565550878,svm,0.0004245690070092678,0.0
39.0,81.02917615841011,svm,0.000666709995130077,5371.0
29.000000000000004,82.80681639051853,svm,0.000732738000806421,0.0
40.99999999999999,77.43428254138887,svm,0.000855107995448634,9643.0
40.99999999999999,79.43691310231728,svm,0.0008916079968912527,4273.0
30.999999999999996,79.17385700947396,svm,0.0009418770059710369,8240.0
33.00000000000001,77.2814005297835,svm,0.0008400229999097064,7446.0
43.0,75.85223225125357,svm,0.0008688520028954372,7691.0
50.999999999999986,79.32240633249144,svm,0.0006936809950275347,3418.0
25.0,81.79080091663063,svm,0.0008377969934372231,5127.0
29.000000000000004,76.58043341179503,svm,0.0007519459904870018,3784.0
39.0,76.25331542340048,svm,0.0008035479986574501,6591.0
30.999999999999996,78.48960169032515,svm,0.0008112630021059886,6958.0
22.999999999999993,77.16008524931922,svm,0.0008040600077947602,7080.0
16.999999999999996,71.26112973674675,svm,0.0007395759894279763,8606.0
19.000000000000007,69.48998853752043,svm,0.000891645991941914,10681.0
37.00000000000001,68.98739666131148,svm,0.0008282780036097392,4883.0
22.999999999999993,70.4379189050253,svm,0.0005350319988792762,6592.0
33.00000000000001,24.437053278088563,lstm,0.0018549020023783669,45471.0
33.00000000000001,27.366274297237386,lstm,0.0038987090083537623,28931.0
30.999999999999996,29.763701185584058,lstm,0.0020795089949388057,16235.0
37.00000000000001,30.568015426397313,lstm,0.004294330996344797,29419.0
40.99999999999999,32.28669106960296,lstm,0.002835455001331866,25940.0
25.0,35.67842580378055,lstm,0.003304840996861458,33813.0
29.000000000000004,31.854827776551236,lstm,0.0033464519947301596,26978.0
30.999999999999996,30.441955924034108,lstm,0.0027193219866603613,26184.0
40.99999999999999,30.278578624129285,lstm,0.0033758869976736605,23072.0
33.00000000000001,33.44612285494804,lstm,0.0038961160025792196,24658.0
29.000000000000004,32.75468409061431,lstm,0.0030715960019733757,30395.0
39.0,31.61848172545432,lstm,0.0030616079893661663,20813.0
27.00000000000001,34.07561354339122,lstm,0.0029262949974508956,16845.0
39.0,31.494443714618672,lstm,0.002141789998859167,67749.0
39.0,33.344968482851975,lstm,0.004421383986482397,28076.0
29.000000000000004,35.17627134919166,lstm,0.004176602000370622,22644.0
35.0,33.10760281980037,lstm,0.004794319000211544,26855.0
29.000000000000004,33.16970162093639,lstm,0.004906784000922926,22034.0
16.999999999999996,31.74097701907157,lstm,0.004050639996421523,24108.0
35.0,25.808750540018075,lstm,0.004204901997582056,19714.0
39.0,27.973980754613866,lstm,0.003189144001225941,23803.0
50.999999999999986,31.630965322256078,lstm,0.002940125996246934,17395.0
45.000000000000014,38.21541540324687,lstm,0.003210330003639683,16174.0
58.99999999999999,41.09634228050708,lstm,0.003871409993735142,25635.0
71.0,48.56927335262298,lstm,0.003642364012193866,27283.0
50.999999999999986,57.11097054183482,lstm,0.00357725600770209,23865.0
91.0,55.76398335397243,lstm,0.0015234919992508367,41260.0
71.0,68.24453905224799,lstm,0.0032694719993742183,20813.0
96.99999999999999,70.29978416860102,lstm,0.0033851820044219494,20569.0
76.99999999999999,80.09892001748084,lstm,0.0031007380021037534,17578.0
91.0,79.24010530114172,lstm,0.0032282360043609515,22767.0
102.99999999999999,84.5032712817192,lstm,0.0029986160079715773,20874.0
102.99999999999999,90.33915773034094,lstm,0.0032411129941465333,17090.0
83.0,85.09816731929381,linear,0.00024375699285883456,0.0
112.99999999999999,83.70792456873473,linear,0.0005423640104709193,5066.0
132.99999999999997,87.20588165451345,linear,0.0005026630096836016,7019.0
96.99999999999999,91.34543568443546,linear,0.0006320929969660938,7386.0
153.0,90.68400634154324,linear,0.0005663579941028729,3357.0
183.0,95.61730427976788,linear,0.000622075007413514,0.0
155.0,105.3787330096671,linear,0.0004059130005771294,0.0
145.0,109.34045935646795,linear,0.0005957050016149879,3234.0
137.0,110.43522202087739,linear,0.0006060420128051192,0.0
167.0,114.15850784955208,linear,0.0006194650050019845,5005.0
159.0,115.55761034763093,linear,0.0005848290020367131,4211.0
227.0,113.32083424293367,linear,0.0006496299902210012,2991.0
186.99999999999997,120.44862447267089,linear,0.0005794659955427051,3968.0
197.00000000000003,124.47339506870583,linear,0.0006089490052545443,0.0
228.99999999999997,130.14174964289882,linear,0.0006398010009434074,4882.0
227.0,136.21916451143395,linear,0.0005199129955144599,5554.0
266.99999999999994,142.71620566741825,linear,0.0006708559958497062,4516.0
271.0,146.72458269488442,linear,0.0006333069904940203,6348.0
303.0,154.85096985064462,linear,0.0006493590044556186,9827.0
281.0,165.08739547209603,linear,0.0004674170049838722,9033.0
295.0,170.05464092675004,linear,0.0005944449949311092,6591.0
305.0,176.5288372016743,linear,0.0005374960019253194,0.0
299.0,180.22632100747526,linear,0.0005972969956928864,0.0
405.0,182.87276200822794,linear,0.0005613969988189638,5249.0
397.0,193.0234601821789,linear,0.0005809190042782575,8972.0
365.0,204.2995524371536,linear,0.0006012700032442808,3540.0
443.0,210.86201656373967,linear,0.0005813659954583272,3662.0
423.0,224.2918410892571,linear,0.0005429489974630997,4211.0
427.0,236.13983636371083,linear,0.0006663829990429804,3540.0
365.0,238.2283723458959,linear,0.0006108999950811267,0.0
423.0,234.98703068299974,linear,0.0005578639975283295,4639.0
367.0,240.53942299618697,linear,0.0006604259979212657,5310.0
427.0,233.20254605071594,linear,0.0006228779966477305,6591.0
359.0,384.85399991273874,lstm,0.0014526470040436834,14588.0
395.0,367.5824117660522,lstm,0.0033972410019487143,24048.0
373.0,372.63557314872736,lstm,0.0014481980033451691,36804.0
373.0,364.82804089784617,lstm,0.0034321179991820827,22827.0
361.0,362.69160807132715,lstm,0.0020571600034600124,26673.0
315.0,353.9823487401008,lstm,0.0026446300034876913,16175.0
307.0,335.66125184297556,lstm,0.0032992639899021015,21667.0
381.0,319.0752330422401,lstm,0.0028440129972295836,20691.0
333.0,334.62759584188456,lstm,0.002916676996392198,22644.0
321.00000000000006,327.3121371865272,lstm,0.009232724012690596,444945.0
347.0,319.5727682113647,lstm,0.0036960220022592694,28320.0
266.99999999999994,325.9431263804435,lstm,0.0041163940040860325,25512.0
215.00000000000003,302.2435143589973,lstm,0.0036539209977490827,28808.0
351.0,264.71289277076716,lstm,0.004108020002604462,34485.0
248.99999999999997,289.84755098819727,lstm,0.005140294990269467,49560.0
345.0,270.0441333651542,lstm,0.0035617590037873015,27588.0
305.0,290.1901760697364,lstm,0.004589842996210791,37415.0
227.0,293.1007692217826,lstm,0.004647196998121217,39733.0
263.0,270.81602394580835,lstm,0.003394544997718185,22766.0
281.0,261.9260716438293,lstm,0.0031160120124695823,31982.0
291.0,266.94344907999033,lstm,0.0034245190036017448,35157.0
263.0,268.65079373121256,lstm,0.003710979988682084,20447.0
246.99999999999997,262.0698103308677,lstm,0.0033439709950471297,21179.0
279.0,256.2997287511825,lstm,0.0031982329965103418,19287.0
282.99999999999994,261.8431550264358,lstm,0.0031060910114319995,20508.0
286.99999999999994,265.74601680040354,lstm,0.002950271009467542,17944.0
313.0,269.32221263647074,lstm,0.003350568003952503,25390.0
261.0,282.4261590838432,lstm,0.003319864990771748,16357.0
293.0,273.67388099431986,lstm,0.0030991690000519156,20020.0
321.00000000000006,277.8628724813461,lstm,0.0031187950080493465,20874.0
349.0,289.9720677733421,lstm,0.0028729330078931525,14343.0
315.0,307.5181886553764,lstm,0.002983951009809971,20508.0
313.0,306.02395176887507,lstm,0.003009047999512404,20325.0
279.0,193.2927653067199,linear,0.00043607600673567504,0.0
305.0,191.79930784463653,linear,0.0005395249900175259,4760.0
255.0,190.26190398957533,linear,0.0006644319946644828,6165.0
250.99999999999994,181.1731252673715,linear,0.0005426500138128176,5432.0
268.99999999999994,174.93318767516325,linear,0.0005366249970393255,0.0
315.0,170.81138309741135,linear,0.0005866159917786717,7263.0
297.0,174.42962363250305,linear,0.0003508180088829249,6653.0
293.0,173.7443500294644,linear,0.0005426199932117015,6653.0
303.0,177.33642503614632,linear,0.0005354640015866607,4822.0
329.0,182.32364195081541,linear,0.0005022460100008175,3723.0
353.0,188.13228667816534,linear,0.00065533300221432,5677.0
284.99999999999994,191.92607542380097,linear,0.0006415249954443425,6592.0
299.0,190.58941891514564,linear,0.0005654150008922443,6531.0
311.0,191.06641893908656,linear,0.0005422789981821552,6836.0
297.0,191.87589737357612,linear,0.0005850809975527227,4578.0
281.0,188.76186542011237,linear,0.0005312389985192567,0.0
318.99999999999994,181.85441363350728,linear,0.0006145490042399615,6775.0
339.00000000000006,185.1971680707497,linear,0.0004951979935867712,0.0
317.0,189.1612870159541,linear,0.0006192389992065728,2990.0
300.99999999999994,189.71271295809547,linear,0.00038516199856530875,0.0
237.0,190.01164356059186,linear,0.0007456070015905425,0.0
289.0,185.5015210245444,linear,0.0007758540014037862,10070.0
329.0,182.66361578045715,linear,0.0008271319966297597,5493.0
392.99999999999994,181.97465516646446,linear,0.0007360930030699819,5127.0
389.0,189.57382786441113,linear,0.0005778069898951799,5066.0
284.99999999999994,198.17989100518528,linear,0.0007079319912008941,7141.0
309.0,202.34633607739258,linear,0.0006653689924860373,9155.0
282.99999999999994,204.09567018743218,linear,0.0005025139980716631,0.0
337.0,199.58157124813792,linear,0.0005841769889229909,10498.0
263.0,194.3625505378474,linear,0.0006202930089784786,5554.0
373.0,182.25415074379364,linear,0.0005726300005335361,6835.0
230.99999999999997,190.89429969176325,linear,0.0005595099937636405,3662.0
289.0,183.17296467579598,linear,0.0006595669983653352,8484.0
191.0,280.5857506394386,lstm,0.0022383300092769787,28015.0
297.0,243.11517089605329,lstm,0.0011607449996517971,25024.0
221.0,259.60635691881174,lstm,0.0028281259874347597,20264.0
199.0,237.18815773725507,lstm,0.0031938620086293668,22461.0
279.0,222.14230269193646,lstm,0.002343971995287575,23620.0
259.0,237.28504747152326,lstm,0.003201453000656329,23865.0
284.99999999999994,245.08282691240308,lstm,0.0032332300033885986,34912.0
275.0,254.3069991469383,lstm,0.0033490810019429773,31616.0
284.99999999999994,260.98157405853266,lstm,0.003906821992131881,34729.0
237.0,270.31522601842875,lstm,0.0030004769942024723,23193.0
277.0,255.44850349426267,lstm,0.004184828998404555,29907.0
293.0,260.876030921936,lstm,0.0029048410069663078,25574.0
266.99999999999994,268.4331110119819,lstm,0.003174743993440643,21729.0
389.0,264.83670026063913,lstm,0.004152815003180876,27282.0
284.99999999999994,305.07253855466837,lstm,0.005076333007309586,34119.0
259.0,297.25752323865885,lstm,0.002910430994234048,21485.0
373.0,282.08708047866816,lstm,0.0030479319975711405,26368.0
232.99999999999994,311.1947497725486,lstm,0.0026113339990843087,18799.0
315.0,281.71218246221537,lstm,0.001964638999197632,32165.0
347.0,285.79282909631723,lstm,0.003310637010145001,27465.0
297.0,304.20882970094675,lstm,0.0026121560076717287,29236.0
417.0,300.2043613791465,lstm,0.0032217130064964294,25207.0
323.0,334.19591873884195,lstm,0.0015895759861450642,16236.0
195.0,330.31366199254984,lstm,0.0028219300002092496,21667.0
266.99999999999994,279.95657026767725,lstm,0.0034002689935732633,31616.0
361.0,270.45534729957575,lstm,0.003085208998527378,24353.0
333.0,298.4591403603553,lstm,0.0032789309916552156,23133.0
281.0,300.2738723158836,lstm,0.0031975659949239343,26489.0
237.0,288.8959249854087,lstm,0.0035608030011644587,22339.0
242.99999999999997,272.92482972145075,lstm,0.0030559220031136647,26795.0
315.0,260.51943272352213,lstm,0.003222749990527518,26062.0
279.0,272.2782006859779,lstm,0.0040089249960146844,39001.0
303.0,265.104379253188,svm,0.0002996170078404248,25635.0
317.0,267.5876287696286,svm,0.0007079019997036085,7568.0
225.0,278.548711941776,svm,0.0006746419967385009,6104.0
371.0,270.9330833150833,svm,0.0007326400082092732,7385.0
305.0,289.9111877638262,svm,0.0006991010013734922,11841.0
255.0,289.40581058781044,svm,0.0006410899950424209,8362.0
359.0,279.37501755105995,svm,0.0007703509909333661,9949.0
337.0,287.67706784119554,svm,0.0007198690000222996,9460.0
259.0,309.68217422417416,svm,0.0008602799935033545,9461.0
299.0,284.4733541081201,svm,0.0008130659989546984,9216.0
209.0,282.2986539146961,svm,0.0007106980046955869,3906.0
279.0,273.0790020771722,svm,0.0006121290061855689,16845.0
377.0,269.3504140694351,svm,0.0007630409963894635,14099.0
195.0,281.3494856361661,svm,0.0007503059896407649,8789.0
264.99999999999994,259.0574933731104,svm,0.0007605339924339205,8362.0
211.0,253.54198080057654,svm,0.0007101450028130785,5981.0
367.0,250.7702980152768,svm,0.0006678689969703555,8057.0
250.99999999999994,286.01950497852596,svm,0.0008322969952132553,13794.0
228.99999999999997,249.76511426285867,svm,0.0006197010079631582,0.0
353.0,254.39923418548932,svm,0.0007688269979553297,6897.0
264.99999999999994,272.8109943402284,svm,0.0007100229995558038,0.0
266.99999999999994,282.17641020096335,svm,0.0008337309991475195,9338.0
264.99999999999994,262.9655784794932,svm,0.0006609620031667873,5433.0
242.99999999999997,261.12666165164035,svm,0.0008408839930780232,8484.0
205.0,268.34646822804285,svm,0.0006817039975430816,8545.0
281.0,240.75993051044108,svm,0.00076223500946071,7690.0
179.0,250.43018196111822,svm,0.0006723990081809461,8912.0
293.0,229.90499820870042,svm,0.0008622430032119155,11536.0
242.99999999999997,243.62662296692065,svm,0.000631508999504149,7507.0
242.99999999999997,236.77292857620517,svm,0.0004372830007923767,51513.0
223.0,246.50600401140832,svm,0.0009253839962184429,8667.0
261.0,229.79575256073133,svm,0.0008945860026869923,8301.0
277.0,250.54252238664998,svm,0.0002722280041780323,0.0
275.0,249.4786489009857,lstm,0.001186783003504388,36010.0
261.0,256.48978441953653,lstm,0.002825460003805347,23803.0
257.0,256.44598543643946,lstm,0.003355161999934353,30029.0
250.99999999999994,256.167764365673,lstm,0.002825539995683357,29114.0
317.0,251.82974994182584,lstm,0.0025257140077883378,39551.0
321.00000000000006,271.3696643710136,lstm,0.002953513991087675,20874.0
282.99999999999994,285.6011420488357,lstm,0.0022655970096820965,13916.0
266.99999999999994,282.80697971582407,lstm,0.0033232679998036474,34423.0
339.00000000000006,275.9667488932609,lstm,0.0029100999963702634,26184.0
259.0,297.03842192888254,lstm,0.0030842240084894,37720.0
250.99999999999994,278.96323770284647,lstm,0.0029601090063806623,22888.0
261.0,264.50279951095575,lstm,0.0035960540117230266,33142.0
228.99999999999997,260.0860178470611,lstm,0.0027841989940498024,16357.0
250.99999999999994,246.3022473454475,lstm,0.0012641009961953387,36560.0
221.0,241.10931932926175,lstm,0.0021636540041072294,24048.0
230.99999999999997,230.91968983411786,lstm,0.00319111900171265,28991.0
227.0,228.09790045022962,lstm,0.0032273270044242963,27039.0
230.99999999999997,224.1219103336334,lstm,0.004580883993185125,35461.0
215.00000000000003,224.52111944556233,lstm,0.004327305010519922,29419.0
205.0,217.9365541040897,lstm,0.004078660000232048,39307.0
225.0,211.53023466467855,lstm,0.004706326988525689,42541.0
197.00000000000003,213.73224183917043,lstm,0.004431375011336058,37536.0
201.0,205.36683112382886,lstm,0.0033779039949877188,23560.0
185.0,200.9936179220676,lstm,0.004342504995292984,34973.0
165.0,193.0870325863361,lstm,0.003510780996293761,26001.0
168.99999999999997,181.06013327836988,lstm,0.0038933680043555796,35217.0
223.0,173.17968547344205,lstm,0.001351141996565275,25818.0
159.0,188.4951968491077,lstm,0.0029590460035251454,26123.0
141.0,175.92141315340993,lstm,0.0033436560042900965,21912.0
151.00000000000003,161.92903891205785,lstm,0.0030643630016129464,34973.0
173.0,156.79510653018949,lstm,0.0032690739899408072,26184.0
142.99999999999997,160.79436153173444,lstm,0.0028847220091847703,25878.0
111.0,150.0733634829521,lstm,0.0034752979991026223,35157.0
155.0,158.44844114873894,svm,0.00031401499290950596,14099.0
145.0,164.4922322512535,svm,0.0007525760011048988,11047.0
131.0,165.01834443694008,svm,0.0009222219960065559,7446.0
127.0,157.15265778316837,svm,0.0007412359991576523,7019.0
124.99999999999997,152.05494018162113,svm,0.0008040600077947602,6897.0
119.0,155.9292922125688,svm,0.0008353320008609444,9826.0
106.99999999999997,150.4577254814273,svm,0.00028808400384150445,16052.0
131.0,143.64209685473512,svm,0.000730807994841598,6592.0
120.99999999999999,145.85053012359393,svm,0.0006316949875326827,11840.0
129.0,144.41579124545078,svm,0.000935516000026837,9156.0
111.0,145.54693244467714,svm,0.0012408479960868135,8911.0
99.0,141.68991116808138,svm,0.0007707710028626025,5004.0
112.99999999999999,140.49223225125354,svm,0.000742075004382059,10925.0
88.99999999999997,138.86376029767519,svm,0.000661348007270135,0.0
114.99999999999999,133.20279317968678,svm,0.0006258430075831711,7629.0
81.0,133.1520388276557,svm,0.0006278529908740893,9033.0
73.00000000000001,125.27056880831339,svm,0.0006257229979382828,17883.0
96.99999999999999,121.73045275415491,svm,0.0006679609941784292,0.0
71.0,120.44983379864225,svm,0.0008079950057435781,8667.0
93.0,117.70600401140821,svm,0.00027089800278190523,0.0
73.00000000000001,115.3118840887777,svm,0.0007343729957938194,7935.0
96.99999999999999,111.66128447562488,svm,0.0008060140098677948,5310.0
93.0,118.63258041372923,svm,0.0007116839988157153,3479.0
86.99999999999999,116.37060749303313,svm,0.0007598990050610155,7812.0
75.0,119.16828640986085,svm,0.0007709530036663637,9033.0
94.99999999999999,114.06376029767509,svm,0.0007785369962221012,6958.0
65.0,120.06577190309102,svm,0.0008796969923423603,5433.0
35.0,113.03722258007357,svm,0.0007748450007056817,4883.0
83.0,101.93439859554745,svm,0.0007896489987615496,9338.0
73.00000000000001,105.09726126479318,svm,0.0008873850019881502,4578.0
55.00000000000001,106.0947080733037,svm,0.0009091710089705884,10681.0
58.99999999999999,98.01857654525729,svm,0.0011605590116232634,7202.0
71.0,95.0033347657602,svm,0.0004682279977714643,40466.0
50.999999999999986,72.46495464717377,linear,0.0003824029990937561,0.0
55.00000000000001,69.36505463243142,linear,0.0004842570051550865,5004.0
47.00000000000001,67.63434617967725,linear,0.0005789029964944348,4211.0
45.000000000000014,66.84406381655212,linear,0.00018726401322055608,14771.0
45.000000000000014,65.46809030710672,linear,0.0004960480000590906,8056.0
40.99999999999999,62.99554400654279,linear,0.0006678369973087683,8179.0
27.00000000000001,62.019848237241064,linear,0.0007527470006607473,6897.0
39.0,59.28991672493307,linear,0.0009224470122717321,11780.0
47.00000000000001,58.54032051262569,linear,0.0005285930092213675,0.0
39.0,58.784142681783266,linear,0.0005065190052846447,4822.0
43.0,58.201642000132495,linear,0.0002504330041119829,16846.0
47.00000000000001,58.40571818950705,linear,0.0005699350003851578,8484.0
21.0,60.3302665324432,linear,0.000262511006440036,3602.0
48.99999999999999,58.51484015091082,linear,0.0005289560067467391,0.0
37.00000000000001,58.76128615339863,linear,0.0005572830123128369,8423.0
50.999999999999986,58.57951019312632,linear,0.0005698460008716211,11231.0
57.0,59.36660232896394,linear,0.0006776960071874782,7080.0
48.99999999999999,60.40031053439285,linear,0.0005621039890684187,5066.0
43.0,63.0358173732267,linear,0.0005037340015405789,9033.0
30.999999999999996,62.436579997673,linear,0.0006812829960836098,10620.0
22.999999999999993,61.79319888375149,linear,0.0005757930048275739,7324.0
39.0,59.05386375825178,linear,0.0005308980034897104,0.0
25.0,57.37924105887481,linear,0.0006506439967779443,0.0
39.0,55.070348942806554,linear,0.0005714020080631599,4761.0
33.00000000000001,54.72114219366821,linear,0.0006285209965426475,23255.0
33.00000000000001,54.92786533811327,linear,0.0005649410013575107,0.0
29.000000000000004,55.85662222905467,linear,0.0002527619944885373,19043.0
35.0,54.89961920206036,linear,0.00048585400509182364,5432.0
35.0,55.85566157863939,linear,0.000673845992423594,5981.0
29.000000000000004,55.49096626958351,linear,0.00048167699424084276,4211.0
19.000000000000007,55.086809821954986,linear,0.0005904360004933551,3296.0
27.00000000000001,53.703227082461936,linear,0.000524122006027028,7324.0
30.999999999999996,53.51369035271428,linear,0.0006541399925481528,0.0
30.999999999999996,27.089542746543874,lstm,0.001438270992366597,44311.0
45.000000000000014,27.871549651026715,lstm,0.002565931004937738,20996.0
27.00000000000001,33.73281113803386,lstm,0.0029742140031885356,20508.0
19.000000000000007,32.05103658139705,lstm,0.003106288000708446,14832.0
30.999999999999996,27.39953137934207,lstm,0.0036405939899850637,27221.0
50.999999999999986,28.07286538183688,lstm,0.0033799330121837556,17151.0
45.000000000000014,35.76964117586612,lstm,0.002980699995532632,21911.0
45.000000000000014,38.53338360786437,lstm,0.004716515002655797,34851.0
37.00000000000001,41.37094594538211,lstm,0.008727421998628415,344420.0
48.99999999999999,40.8089181035757,lstm,0.004708991997176781,29969.0
22.999999999999993,43.87696593999862,lstm,0.004384995001601055,20752.0
25.0,35.82091435790061,lstm,0.004383088002214208,25024.0
65.0,31.03372983634471,lstm,0.0034799860004568473,16785.0
35.0,41.94752320647239,lstm,0.0030291779985418543,17151.0
37.00000000000001,39.71884652972221,lstm,0.0021853029902558774,39612.0
53.0,38.053492158651345,lstm,0.0038087349967099726,28137.0
61.0,43.87983858585357,lstm,0.003964507995988242,22461.0
55.00000000000001,50.72261400520801,lstm,0.0021123899932717904,56518.0
83.0,51.35205149650573,lstm,0.001916242006700486,45165.0
75.0,63.286174982786164,lstm,0.0032798669999465346,40100.0
88.99999999999997,68.72592888772486,lstm,0.0034460739989299327,35827.0
78.99999999999999,76.53782330453394,lstm,0.0031886789947748184,23072.0
78.99999999999999,77.98916555941103,lstm,0.0031448160007130355,23377.0
96.99999999999999,79.16800543665885,lstm,0.002967526001157239,21363.0
93.0,84.87242400646208,lstm,0.0032384369987994432,22766.0
83.0,87.90884613990782,lstm,0.00300666899420321,30273.0
114.99999999999999,85.70322155952452,lstm,0.0023207659978652373,36560.0
114.99999999999999,96.04428559541701,lstm,0.0033608300000196323,19043.0
114.99999999999999,103.30011025071141,lstm,0.003501395010971464,28076.0
145.0,107.38508358597753,lstm,0.002631467010360211,20508.0
145.0,121.1117912828922,lstm,0.0032647539919707924,28626.0
155.0,131.1228202283382,lstm,0.0032086139981402084,19958.0
155.0,139.88048896193501,lstm,0.0030479520064545795,26916.0
163.0,161.643180026882,svm,0.0008541849965695292,8362.0
149.0,170.07675836343913,svm,0.0009559430036460981,9888.0
145.0,169.0291761584102,svm,0.000820354005554691,9643.0
189.0,168.87846049109876,svm,0.0007987290009623393,13062.0
230.99999999999997,177.66948563616648,svm,0.0007398510060738772,12757.0
199.0,193.14677770579885,svm,0.000752481006202288,11963.0
205.0,194.34600401140818,svm,0.0007429899997077882,6470.0
227.0,200.55691310231754,svm,0.0008685280045028776,8483.0
263.0,214.7944372802671,svm,0.0007886890089139342,8850.0
286.99999999999994,231.05965971740403,svm,0.00034513800346758217,0.0
315.0,239.58948563616636,svm,0.00027429799956735224,0.0
286.99999999999994,257.55497886634066,svm,0.0007687170000281185,15014.0
273.0,265.82948563616634,svm,0.0006137759919511154,8362.0
264.99999999999994,271.06677770579887,svm,0.0006011299992678687,7629.0
271.0,270.91018196111776,svm,0.0004246379976393655,11475.0
263.0,271.3128125220468,svm,0.0009456629923079163,13123.0
284.99999999999994,262.8300272222398,svm,0.0008933109929785132,8423.0
407.0,264.25114907910637,svm,0.0003892800014000386,0.0
284.99999999999994,294.09749337311024,svm,0.0007821259932825342,7019.0
409.0,286.0027931796868,svm,0.0007713439990766346,20141.0
383.0,313.9950562357794,svm,0.000662078004097566,0.0
311.0,327.1961394079265,svm,0.0009660420037107542,9399.0
455.0,330.7715359263019,svm,0.0006650730065302923,7325.0
413.0,342.6774546883911,svm,0.0007538709905929863,8423.0
337.0,363.36387635183354,svm,0.0009238960046786815,8973.0
339.00000000000006,345.5302206458376,svm,0.0006347470043692738,5005.0
317.0,332.66615875028634,svm,0.0002595690020825714,16968.0
353.0,339.0590407618914,svm,0.0007419390021823347,7813.0
329.0,328.9561394079269,svm,0.0007444420043611899,5738.0
315.0,312.4943985955473,svm,0.0007590429886477068,9583.0
333.0,308.3461587502865,svm,0.0007249420013977215,6897.0
343.0,307.51056880831356,svm,0.000741498006391339,18188.0
357.00000000000006,314.40109105202737,svm,0.0007470929995179176,6897.0
343.0,328.80648046731943,lstm,0.0024115749984048307,31066.0
291.0,329.54233884811396,lstm,0.0036352199967950583,29053.0
367.0,312.87301331758493,lstm,0.0036754320026375353,35950.0
323.0,327.82403558492655,lstm,0.0035055399930570275,33325.0
300.99999999999994,320.9474888443946,lstm,0.0033737939957063645,20508.0
293.0,308.4923702478408,lstm,0.0033063709997804835,25756.0
250.99999999999994,298.1669461727142,lstm,0.001242534999619238,15137.0
250.99999999999994,278.9363554120063,lstm,0.003327047001221217,25757.0
293.0,262.0885002613067,lstm,0.003194182994775474,22461.0
273.0,267.5464209914207,lstm,0.0029045569972367957,19836.0
311.0,264.9305045604705,lstm,0.0038094229967100546,29357.0
244.99999999999997,277.2486582398414,lstm,0.0028881110047223046,17151.0
300.99999999999994,264.286216199398,lstm,0.0033993329998338595,31921.0
343.0,275.84340244531626,lstm,0.0035340100002940744,24719.0
275.0,295.66125422716135,lstm,0.0031217770010698587,22033.0
277.0,285.94589501619333,lstm,0.004270110002835281,46143.0
261.0,278.9248648285865,lstm,0.003100185000221245,22888.0
331.0,271.79282993078226,lstm,0.0036080569989280775,34485.0
257.0,288.7131750583648,lstm,0.00294641699292697,24170.0
248.99999999999997,271.26107126474375,lstm,0.0012810719927074388,13000.0
257.0,260.90720444917673,lstm,0.003613006992964074,25635.0
313.0,256.5125882625579,lstm,0.004597848994308151,29968.0
305.0,273.93543362617487,lstm,0.004107585002202541,38819.0
259.0,278.8173356652259,lstm,0.0031104939989745617,23499.0
309.0,270.0882160663604,lstm,0.0031417909922311082,30457.0
282.99999999999994,282.6690217852592,lstm,0.0028493269928731024,32959.0
263.0,281.0681423544883,lstm,0.0033328479912597686,25085.0
295.0,270.28238564729685,lstm,0.0029247749916976318,24841.0
286.99999999999994,274.8151725530624,lstm,0.0029902859969297424,18494.0
317.0,277.11364388465876,lstm,0.003608419996453449,21424.0
255.0,286.7408022284507,lstm,0.002973062000819482,18250.0
268.99999999999994,272.597489953041,lstm,0.0036187730001984164,26977.0
281.0,271.47095565550865,svm,0.0003994790022261441,22217.0
259.0,270.23118776382603,svm,0.0010136079945368692,7812.0
286.99999999999994,267.18283186440607,svm,0.001060915004927665,6103.0
311.0,262.67033669999626,svm,0.000970095003140159,7569.0
329.0,273.2455011100543,svm,0.0008868750010151416,6470.0
345.0,284.16789956266535,svm,0.0008619949949206784,6470.0
351.0,292.6571838953541,svm,0.0007237090030685067,7446.0
279.0,306.1606268353928,svm,0.0008134569943649694,7752.0
300.99999999999994,298.41625546208513,svm,0.0007677869871258736,0.0
259.0,298.94855720289746,svm,0.0010382260079495609,12879.0
318.99999999999994,286.6174160036714,svm,0.0013359279982978478,23864.0
289.0,290.70964037504456,svm,0.0008777000039117411,7751.0
279.0,276.59962103268487,svm,0.000708965992089361,9399.0
339.00000000000006,276.9456171642128,svm,0.0005343830125639215,0.0
401.0,284.7874740307505,svm,0.0006202739896252751,8850.0
339.00000000000006,313.9090214195318,svm,0.000776303990278393,11841.0
347.0,309.51381832475437,svm,0.0007642899872735143,11841.0
337.0,315.11815101334236,svm,0.000734657995053567,0.0
355.0,323.3474740307505,svm,0.0006727870058966801,6531.0
415.0,331.3889440500927,svm,0.0008727959939278662,12451.0
300.99999999999994,336.6157138760115,svm,0.0008255909924628213,4211.0
349.0,321.17308331508326,svm,0.0007449480035575107,5676.0
327.0,323.9085572028976,svm,0.0008480710093863308,6653.0
295.0,320.8131606845223,svm,0.00042204599594697356,55908.0
375.00000000000006,314.5734701622783,svm,0.000747534999391064,4577.0
353.0,310.95350884699803,svm,0.0009754359925864264,6775.0
333.0,319.26824772514146,svm,0.0012406110035954043,14709.0
433.0,314.26987248336167,svm,0.0009817829995881766,6103.0
325.0,334.96588795724983,svm,0.0006139750039437786,10560.0
449.00000000000006,333.22538505589546,svm,0.0008310749981319532,10986.0
449.00000000000006,353.41540439825553,svm,0.0006900949956616387,0.0
331.0,364.6723483054117,svm,0.0002785640099318698,0.0
391.0,358.84395372127284,svm,0.0006729760061716661,24780.0
471.0,369.91790831089014,lstm,0.0012182899954495952,10437.0
437.0,401.72997862100596,lstm,0.003534488001605496,26673.0
467.00000000000006,403.74129176139826,lstm,0.0030310400034068152,24231.0
401.0,416.1856290698051,lstm,0.0027744879917008802,25391.0
355.0,407.77959346771235,lstm,0.0029184260056354105,18920.0
337.0,384.7346609830856,lstm,0.0033888129983097315,28198.0
407.0,359.3793764710426,lstm,0.003537399010383524,35645.0
367.0,367.91028350591654,lstm,0.0031302179995691404,29296.0
477.0,356.8449226021766,lstm,0.003069113998208195,23499.0
375.00000000000006,391.1814102530479,lstm,0.0032044770050561056,23437.0
385.0,380.06568938493723,lstm,0.0031041079928399995,24963.0
431.0,378.97486418485636,lstm,0.0030660330085083842,34363.0
343.0,390.3118142485618,lstm,0.0027957509882980958,21301.0
428.99999999999994,368.8001653552055,lstm,0.0031459010060643777,38635.0
387.0,379.8126128315925,lstm,0.0032302010076818988,22582.0
473.0,376.35823845863337,lstm,0.0037043449992779642,33996.0
331.0,403.7162181735038,lstm,0.003382783994311467,28686.0
405.0,369.83346670866007,lstm,0.0030990619998192415,24902.0
392.99999999999994,379.470909833908,lstm,0.0029428139969240874,20080.0
441.0,376.0108965635299,lstm,0.0029823030054103583,27405.0
347.0,392.33422785997385,lstm,0.0031868329970166087,19348.0
355.0,365.9646156430244,lstm,0.0038251950027188286,33081.0
359.0,359.7304421663284,lstm,0.004582773995934986,49011.0
451.0,352.80211687088007,lstm,0.003893558998242952,30030.0
381.0,380.1417967677116,lstm,0.0042455450020497665,36743.0
415.0,370.56198388338083,lstm,0.003136480998364277,20263.0
377.0,382.00369685888285,lstm,0.0028692170017166063,24841.0
311.0,375.81534385681147,lstm,0.0028915510047227144,23010.0
391.0,349.20584797859186,lstm,0.0026475979975657538,18311.0
341.0,355.09725451469416,lstm,0.003459992993157357,25757.0
381.0,343.7307977676391,lstm,0.0029754690040135756,25452.0
337.0,348.8985458016395,lstm,0.003110489997197874,24597.0
389.0,338.48729699850077,lstm,0.002939533005701378,23865.0
300.99999999999994,342.0925417290095,svm,0.0004020490014227107,22400.0
391.0,318.8727351526073,svm,0.0008414420008193702,6897.0
357.00000000000006,336.24093631314895,svm,0.0007587730069644749,8850.0
353.0,327.8240697754313,svm,0.0007440640038112178,4455.0
419.0,333.1353270288165,svm,0.000834067992400378,10620.0
397.0,337.84526900173694,svm,0.00077363099262584,8850.0
415.0,353.83474675802347,svm,0.0007020529883448035,9339.0
327.0,356.83853786053777,svm,0.000769086997024715,7325.0
337.0,342.48929221256867,svm,0.0006385140004567802,0.0
281.0,343.8299498528005,svm,0.0007094899920048192,7324.0
353.0,319.0745146497061,svm,0.0007614049973199144,15014.0
375.00000000000006,322.83931155492843,svm,0.0008864039991749451,8117.0
353.0,316.68596532668903,svm,0.00026267499197274446,0.0
307.0,319.5405881506732,svm,0.00036640999314840883,9033.0
375.00000000000006,306.3416713228199,svm,0.0006018840067554265,11231.0
331.0,327.9537409553155,svm,0.0006988450040807948,0.0
317.0,323.05254172900953,svm,0.0008444730046903715,8728.0
321.00000000000006,313.2817100075399,svm,0.0007342509925365448,7507.0
363.0,305.8582670675009,svm,0.000565263006137684,0.0
311.0,321.71312199980264,svm,0.0006395550008164719,7690.0
383.0,306.79010459167887,svm,0.0009509329975116998,7263.0
323.0,319.4728125220463,svm,0.0008264469943242148,6592.0
327.0,314.37942760908714,svm,0.0008142290025716648,8240.0
239.0,317.6880543015434,svm,0.000485747994389385,9399.0
271.0,288.69308331508313,svm,0.0004682180006057024,6165.0
277.0,290.34940826672715,svm,0.000800794005044736,7263.0
323.0,274.98847983345854,svm,0.00028784699679818004,15015.0
215.00000000000003,281.8474353460312,svm,0.0009394490043632686,24231.0
307.0,251.87265778316868,svm,0.0003754430072149262,0.0
317.0,270.08109105202715,svm,0.00026701200113166124,0.0
259.0,277.86569453365195,svm,0.0006799049879191443,9949.0
279.0,273.8796210326847,svm,0.0006719519878970459,13977.0
279.0,262.41223225125384,svm,0.000684569007717073,11719.0
264.99999999999994,273.59110623598093,lstm,0.0018879459967138246,47363.0
227.0,266.1355617642402,lstm,0.0038206759927561507,38025.0
242.99999999999997,247.19858378171918,lstm,0.0019280020060250536,42358.0
221.0,243.17961037158963,lstm,0.004181868993327953,29297.0
228.99999999999997,231.31302952766416,lstm,0.0037032200052635744,31616.0
244.99999999999997,226.14388063549993,lstm,0.0036192910047248006,26184.0
225.0,228.96948248147962,lstm,0.002958077995572239,25757.0
221.0,225.7258929312229,lstm,0.0034353600058238953,25391.0
199.0,221.3947409391403,lstm,0.0040621970110805705,36011.0
185.0,211.7430232465267,lstm,0.002601721993414685,20752.0
205.0,199.74116206169126,lstm,0.0023542549897683784,24108.0
219.0,197.78233677148816,lstm,0.0018949420045828447,49682.0
157.0,202.39720687270162,lstm,0.001972358993953094,54932.0
181.0,183.71534466743466,lstm,0.014784035010961816,364562.0
217.0,180.79927220940587,lstm,0.011089414998423308,289856.0
179.0,192.2027541697025,lstm,0.002459201990859583,44372.0
215.00000000000003,185.34675925970075,lstm,0.001268751992029138,50476.0
159.0,192.96623960137364,lstm,0.0013215660001151264,15747.0
201.0,181.38543382287023,lstm,0.0015856429963605478,14343.0
248.99999999999997,187.24103868007657,lstm,0.0017592069925740361,31372.0
175.0,206.29441201686856,lstm,0.003779606005991809,40528.0
173.0,194.93662640452382,lstm,0.009192929996061139,107665.0
207.0,184.88165661692616,lstm,0.0035325790086062625,29786.0
149.0,192.90559485554692,lstm,0.0024490299983881414,53284.0
205.0,175.29957398772237,lstm,0.0026832760049728677,30212.0
132.99999999999997,180.87970629334447,lstm,0.0029753940034424886,24292.0
173.0,162.82549947500226,lstm,0.0024192330020014197,19958.0
195.0,164.88566532731053,lstm,0.0024975150008685887,18676.0
193.0,172.27918192744252,lstm,0.0031507620005868375,29663.0
149.0,179.73543569445607,lstm,0.0013000100007047877,59326.0
157.0,166.31500169634816,lstm,0.001968301003216766,18799.0
147.0,163.75206962227819,lstm,0.002713014997425489,36438.0
153.0,156.12932652235028,lstm,0.001674978993833065,25696.0
189.0,175.760936313149,svm,0.00078790400584694,17761.0
173.0,176.8496790597642,svm,0.0007373860134975985,10009.0
147.0,179.34345081991887,svm,0.0008659419981995597,5859.0
203.0,174.44008524931934,svm,0.0007373559928964823,7507.0
122.99999999999999,186.72418582959003,svm,0.0007390920072793961,4700.0
147.0,177.36248370193044,svm,0.0006335430080071092,9094.0
122.99999999999999,173.02546242533487,svm,0.0007480269996449351,0.0
132.99999999999997,162.15258041372948,svm,0.0002608310023788363,0.0
141.0,165.35536571353606,svm,0.0003975279978476465,0.0
102.99999999999999,154.07242567485108,svm,0.0005645229975925758,0.0
112.99999999999999,149.2547854427428,svm,0.0012829479965148494,25452.0
96.99999999999999,144.02615875028638,svm,0.0004565029958030209,0.0
153.0,139.52480478510265,svm,0.00039566100167576224,26916.0
104.99999999999999,148.89517228993827,svm,0.0007670589984627441,8239.0
131.0,138.0173386342322,svm,0.0005381149967433885,11047.0
114.99999999999999,144.38329608104073,svm,0.000294643992674537,0.0
120.99999999999999,141.48967905976428,svm,0.0002570159995229915,15320.0
106.99999999999997,148.6098337986424,svm,0.0010849969985429198,4151.0
93.0,138.50012393403875,svm,0.0009181189961964265,5127.0
101.0,136.85741600367143,svm,0.0008593770035076886,14892.0
65.0,132.7747854427428,svm,0.000847707997309044,9338.0
106.99999999999997,123.28093631314894,svm,0.0009676560002844781,15075.0
86.99999999999999,124.98306397272353,svm,0.0008287740056402981,7813.0
78.99999999999999,120.12952432088596,svm,0.0012053440004820004,9582.0
84.99999999999999,118.26151658394208,svm,0.0003888040082529187,26307.0
84.99999999999999,114.1637216129557,svm,0.00049675400077831,0.0
78.99999999999999,119.25989182572151,svm,0.0003962600021623075,0.0
81.0,114.22499820870027,svm,0.0007598029915243387,0.0
93.0,113.07157461102146,svm,0.0006406200118362904,0.0
43.0,116.4569517870369,svm,0.0006636570033151656,9826.0
81.0,106.09965971740438,svm,0.0002692199923330918,0.0
53.0,108.5185378605378,svm,0.0005681089969584718,7263.0
67.0,102.706855075238,svm,0.0011217269930057228,9460.0
65.0,63.83572809398173,lstm,0.0012462239974411204,35461.0
39.0,62.349541708827005,lstm,0.0028178549982840195,21789.0
53.0,54.69827607274055,lstm,0.003157706989441067,20508.0
43.0,52.16455809772014,lstm,0.00305367200053297,24780.0
65.0,48.43390434980392,lstm,0.0035518969962140545,29358.0
50.999999999999986,52.91432753205299,lstm,0.0017111539928009734,33509.0
55.00000000000001,51.41396410763263,lstm,0.0012533670087577775,45227.0
33.00000000000001,53.06465379893779,lstm,0.002838051994331181,21728.0
45.000000000000014,45.63275545835494,lstm,0.003235369993490167,29357.0
50.999999999999986,45.02989880740642,lstm,0.0028844740008935332,23132.0
19.000000000000007,45.70587493479251,lstm,0.005151967008714564,32837.0
43.0,35.68167969584464,lstm,0.0030399969982681796,23865.0
39.0,36.77811719477176,lstm,0.0035776899894699454,27710.0
50.999999999999986,37.481046542525284,lstm,0.005335408000973985,52063.0
33.00000000000001,41.6178161650896,lstm,0.004262770002242178,32165.0
29.000000000000004,37.955760136246674,lstm,0.002029416005825624,27527.0
48.99999999999999,35.4604859650135,lstm,0.004155393995461054,30945.0
43.0,39.46411199867725,lstm,0.005251685986877419,47608.0
43.0,40.52918091416358,lstm,0.003057087989873253,21729.0
50.999999999999986,40.65356470644473,lstm,0.004951342009007931,48339.0
35.0,44.51908208429813,lstm,0.0027534269902389497,26306.0
21.0,41.73387460410594,lstm,0.003680064997752197,36438.0
30.999999999999996,33.61310869455337,lstm,0.003098106011748314,22461.0
37.00000000000001,31.68016381561755,lstm,0.0037603339878842235,36682.0
33.00000000000001,32.58847847580909,lstm,0.003511713002808392,40222.0
37.00000000000001,31.5508060902357,lstm,0.0034595649922266603,36621.0
47.00000000000001,33.11599023640155,lstm,0.002925724009401165,24048.0
30.999999999999996,38.49106527864932,lstm,0.003365359007148072,27161.0
30.999999999999996,36.07772357761859,lstm,0.0035363710048841313,33020.0
37.00000000000001,33.91960404813289,lstm,0.003342199997860007,28747.0
33.00000000000001,34.71620470285415,lstm,0.002994940005009994,24963.0
48.99999999999999,33.69808226823806,lstm,0.004106230000616051,27282.0
30.999999999999996,38.165835663676255,lstm,0.00511763000395149,51574.0
33.00000000000001,76.85927287020901,svm,0.000927650005905889,5920.0
29.000000000000004,77.41571387601165,svm,0.0007604290003655478,4822.0
27.00000000000001,75.50499820870027,svm,0.0007776879938319325,7141.0
35.0,75.60186474641785,svm,0.0006388559995684773,9094.0
25.0,73.71497886634047,svm,0.000745739002013579,23803.0
39.0,72.18863457233662,svm,0.000620805993094109,6653.0
40.99999999999999,74.1237989823947,svm,0.0007953989988891408,8728.0
33.00000000000001,75.83025933055715,svm,0.0007621029944857582,11719.0
30.999999999999996,76.35637151624378,svm,0.0007215910009108484,9826.0
35.0,74.7483250945804,svm,0.00035120600659865886,0.0
40.99999999999999,77.0697177444837,svm,0.000768572004744783,5677.0
55.00000000000001,78.2766809940001,svm,0.001074079002137296,4639.0
40.99999999999999,81.28078157427092,svm,0.0005964050069451332,9521.0
33.00000000000001,80.84936958200782,svm,0.0009554730058880523,8362.0
53.0,80.1146693885843,svm,0.0009334060014225543,13733.0
45.000000000000014,84.4383831216596,svm,0.0011407400015741587,8300.0
48.99999999999999,85.3683637792999,svm,0.0008195099944714457,5493.0
50.999999999999986,84.36287054912586,svm,0.0007588979933643714,10742.0
65.0,85.13316068452244,svm,0.0009674040047684684,13001.0
73.00000000000001,91.86213553945458,svm,0.0008021410030778497,9949.0
68.99999999999999,95.00085894370996,svm,0.0007476019964087754,7080.0
55.00000000000001,97.90685507523811,svm,0.0009934150002663955,6348.0
71.0,96.94747403075057,svm,0.001236027994309552,9827.0
104.99999999999999,101.51443728026697,svm,0.0008506960002705455,3296.0
65.0,110.94020130347786,svm,0.0011621069861575961,13733.0
71.0,106.26275449496733,svm,0.0011787289986386895,8179.0
86.99999999999999,105.52743534603103,svm,0.0010134699987247586,10498.0
53.0,111.54120710618574,svm,0.0013043760118307546,10254.0
73.00000000000001,108.3288279959343,svm,0.0010449389956193045,11474.0
91.0,103.76403109071191,svm,0.0008863019902491942,3052.0
109.0,109.29377964003488,svm,0.0008781999931670725,5005.0
94.99999999999999,117.7552109746577,svm,0.0006840989954071119,11718.0
114.99999999999999,90.20242333412169,lstm,0.003026637001312338,30701.0
109.0,100.68524003028867,lstm,0.0043372219952289015,24536.0
101.0,104.68724355101583,lstm,0.0031474340066779405,19776.0
141.0,103.568330258131,lstm,0.0036183880001772195,24659.0
131.0,116.07673466205594,lstm,0.003558123004040681,21301.0
122.99999999999999,121.9886043667793,lstm,0.0035700750013347715,26368.0
117.0,122.1574521064758,lstm,0.00308050200692378,21972.0
117.0,120.3870156407356,lstm,0.004621139989467338,34912.0
151.00000000000003,119.46360185742375,lstm,0.0013923619990237057,28930.0
132.99999999999997,128.84310975670812,lstm,0.003824607003480196,24780.0
181.0,129.5464292168617,lstm,0.003679993998957798,22034.0
181.0,147.62063816189763,lstm,0.0016844259953359142,19531.0
195.0,160.38678273558614,lstm,0.004273229002137668,21606.0
173.0,174.14388373494145,lstm,0.0029959940002299845,25696.0
221.0,173.9171929657459,lstm,0.0040180140058510005,20264.0
177.0,191.81023016571996,lstm,0.0037845720071345568,22156.0
191.0,185.69450899958608,lstm,0.003204451990313828,21180.0
173.0,186.64464548230168,lstm,0.0035437210026429966,28198.0
193.0,180.04782706499097,lstm,0.003457091996097006,16723.0
193.0,183.8118442893028,lstm,0.0026792729913722724,17395.0
219.0,183.8166497647762,lstm,0.004140936987823807,22583.0
228.99999999999997,195.46944901347157,lstm,0.005564635997870937,38880.0
261.0,206.2260182201862,lstm,0.006231395993381739,109008.0
253.0,225.90871378779408,lstm,0.0046184679958969355,25696.0
225.0,235.33845752477643,lstm,0.0033195029973285273,17883.0
223.0,231.95866554975507,lstm,0.003927357989596203,32471.0
268.99999999999994,227.70718514919278,lstm,0.0031881479953881353,20324.0
295.0,240.51790893077847,lstm,0.005264204999548383,33142.0
242.99999999999997,256.4472267031669,lstm,0.004355880999355577,25085.0
253.0,249.31146800518033,lstm,0.003215837001334876,22950.0
264.99999999999994,249.9494436383247,lstm,0.0034839169966289774,16968.0
237.0,254.55486238002774,lstm,0.00400765601079911,24048.0
271.0,245.20705997943875,lstm,0.003458154998952523,28564.0
230.99999999999997,162.2108823013475,linear,0.00026017200434580445,0.0
227.0,160.97865758131584,linear,0.0006076470017433167,5615.0
289.0,158.38246093706073,linear,0.00042509300692472607,8728.0
271.0,160.9202246478878,linear,0.0006090850074542686,4761.0
353.0,164.2010612397145,linear,0.0005610219959635288,5554.0
339.00000000000006,172.3467376682765,linear,0.0006908920040586963,6287.0
325.0,182.80624820863963,linear,0.0006476169946836308,7019.0
291.0,192.04704042229002,linear,0.0005968790064798668,5676.0
293.0,192.10911773619148,linear,0.0007225139997899532,5554.0
266.99999999999994,194.0691627031177,linear,0.0007262789877131581,8790.0
317.0,185.76211346975987,linear,0.0005901010008528829,6409.0
241.0,183.79462751497346,linear,0.000841187997139059,5493.0
279.0,175.6196517256275,linear,0.0008070390031207353,6348.0
289.0,174.45022476924547,linear,0.0007408050005324185,4456.0
293.0,174.20589373888393,linear,0.0009550139948260039,4456.0
317.0,176.67743297264312,linear,0.0006331269978545606,6042.0
321.00000000000006,176.84907192115892,linear,0.0007945280085550621,5249.0
385.0,184.53130231631047,linear,0.0008210369996959344,7629.0
391.0,194.9035439584042,linear,0.0005608479987131432,8423.0
395.0,204.81474321776057,linear,0.000643221996142529,30823.0
339.00000000000006,214.58165363178867,linear,0.000388319997000508,8728.0
291.0,216.49418324511572,linear,0.0006213449960341677,6103.0
282.99999999999994,213.27363806200816,linear,0.0007386950019281358,10071.0
333.0,203.37716533556613,linear,0.0005713439895771444,5676.0
329.0,197.98043923423992,linear,0.0001961599919013679,15625.0
343.0,191.8058023806847,linear,0.0005492189957294613,4273.0
357.00000000000006,192.27994179117619,linear,0.0007142280082916841,9277.0
307.0,198.68477491871423,linear,0.0005548010085476562,6225.0
355.0,200.7822694569822,linear,0.0005578209966188297,0.0
313.0,202.96183630373784,linear,0.0006746029976056889,4821.0
309.0,201.36354934288835,linear,0.0005862429970875382,0.0
275.0,197.99530614208788,linear,0.0004953140014549717,7324.0
311.0,190.06833250638383,linear,0.0006257950008148327,9399.0
323.0,295.2130860090255,lstm,0.0012165410007582977,17456.0
347.0,298.6052551865577,lstm,0.0032793129939818755,25146.0
377.0,311.3929268717765,lstm,0.002820092995534651,32715.0
309.0,330.5471265316009,lstm,0.0032833159930305555,20813.0
373.0,321.3910466432571,lstm,0.003280528006143868,23803.0
329.0,336.6708627343177,lstm,0.0037378660053946078,28808.0
284.99999999999994,330.15169441699976,lstm,0.002605628003948368,19714.0
359.0,309.7152662277221,lstm,0.003528492001350969,35644.0
329.0,320.6457901000976,lstm,0.003086825003265403,24963.0
379.0,319.9751868844032,lstm,0.003615055000409484,25513.0
381.0,334.0918651223182,lstm,0.0028776600083801895,23865.0
279.0,346.0190197825431,lstm,0.0012423290027072653,46508.0
255.0,321.01997882127756,lstm,0.003749272000277415,29052.0
315.0,293.08176010847086,lstm,0.00277217201073654,22095.0
303.0,296.58901244401926,lstm,0.003307111997855827,18555.0
345.0,291.148327589035,lstm,0.0029605739982798696,23499.0
419.0,302.2430178523063,lstm,0.00239287200383842,17273.0
307.0,340.42030394077295,lstm,0.0032974460045807064,23681.0
377.0,327.8448179364204,lstm,0.003191448005964048,27283.0
369.0,342.3981383442878,lstm,0.002517832996090874,27649.0
415.0,349.03132587671274,lstm,0.0035138459934387356,28748.0
410.99999999999994,367.3761132359504,lstm,0.0032022310042520985,30945.0
313.0,373.9655372500419,lstm,0.003888888008077629,34484.0
343.0,350.5931940674781,lstm,0.02496401900134515,1261838.0
413.0,343.1713411211967,lstm,0.004677403005189262,44433.0
355.0,362.04632669687265,lstm,0.00414050099789165,33631.0
369.0,351.15034550428385,lstm,0.002587879993370734,27649.0
313.0,349.8778343200683,lstm,0.0031271820043912157,17883.0
343.0,334.39338654279703,lstm,0.0060443160036811605,51880.0
318.99999999999994,333.5146406292915,lstm,0.004955003998475149,43762.0
403.0,320.2938732504844,lstm,0.004507561010541394,35766.0
357.00000000000006,343.78676116466517,lstm,0.0030879510013619438,25940.0
268.99999999999994,322.6143212261082,svm,0.0002796300104819238,0.0
383.0,308.86639085860367,svm,0.0009518619917798787,6958.0
385.0,321.92913747369073,svm,0.0007895239978097379,6348.0
405.0,337.356913102317,svm,0.0009008990018628538,9948.0
351.0,339.1509556555085,svm,0.0009360340045532212,8850.0
307.0,326.42492083926123,svm,0.0008488449966534972,13977.0
377.0,331.32797693210466,svm,0.0009198210027534515,6714.0
355.0,337.057029156476,svm,0.0007659819966647774,6958.0
383.0,334.022599756089,svm,0.0008294809958897531,4883.0
465.0,332.0174933731104,svm,0.0006537720037158579,11048.0
381.0,352.15985314100203,svm,0.0006404040032066405,10254.0
377.0,357.78027867291667,svm,0.0005863679980393499,8423.0
363.0,354.40666165164015,svm,0.0008549519989173859,8301.0
392.99999999999994,353.70878931121456,svm,0.0007664469885639846,8484.0
387.0,363.613934378913,svm,0.0006230639992281795,0.0
299.0,349.4537796400348,svm,0.0008789220009930432,10131.0
339.00000000000006,329.6379189050252,svm,0.0008430140005657449,8606.0
331.0,326.4301819611179,svm,0.0007474699959857389,8850.0
315.0,323.7516519804606,svm,0.0007877269963501021,6775.0
401.0,313.385694533652,svm,0.0007470120035577565,7019.0
327.0,318.95227093597293,svm,0.0006191020074766129,14954.0
349.0,318.1108009166303,svm,0.0009693100000731647,9155.0
337.0,320.4619034311378,svm,0.000593718999880366,8789.0
373.0,317.87281252204644,svm,0.0007827320077922195,10254.0
381.0,334.5496403750445,svm,0.0007356769929174334,9216.0
363.0,329.34205817001566,svm,0.00026254699332639575,0.0
289.0,333.4364488856828,svm,0.0008548379992134869,6531.0
337.0,316.3740117483521,svm,0.0007675790111534297,10803.0
375.00000000000006,321.9607042048316,svm,0.0007366689969785511,0.0
323.0,327.76062683539266,svm,0.0006683319952571765,0.0
343.0,315.959930510441,svm,0.000867958995513618,5371.0
329.0,310.1519614582167,svm,0.0008740549965295941,8362.0
271.0,315.7172999495129,svm,0.0008162049925886095,10498.0
303.0,301.47935509681696,lstm,0.0012968070077477023,39307.0
357.00000000000006,295.5518808960914,lstm,0.0033984239998972043,25574.0
291.0,312.5685837864875,lstm,0.003581444005249068,26367.0
264.99999999999994,299.3310415744781,lstm,0.0031796189869055524,24292.0
363.0,282.8158459067344,lstm,0.0033186520013259724,27405.0
339.00000000000006,309.223618209362,lstm,0.0031844940094742924,32043.0
329.0,315.8055236935615,lstm,0.0018588870007079095,24048.0
359.0,314.46467190980906,lstm,0.0027570689999265596,21851.0
309.0,327.7151587605476,lstm,0.00369946300634183,28321.0
357.00000000000006,320.22177338600153,lstm,0.0031963029905455187,24109.0
335.0,327.5292524695396,lstm,0.0029565180011559278,23498.0
351.0,325.3456869721412,lstm,0.005356435998692177,58533.0
239.0,330.28819829225534,lstm,0.004419099001097493,36743.0
331.0,292.69604533910746,lstm,0.0048019499954534695,40039.0
437.0,303.26231062412256,lstm,0.0027886460011359304,26611.0
331.0,343.4864810109138,lstm,0.003142697998555377,24292.0
317.0,333.72632980346674,lstm,0.002825253992341459,18738.0
349.0,323.3026328682899,lstm,0.003377763001481071,26123.0
219.0,333.3328482508659,lstm,0.0027897480031242594,24170.0
281.0,289.1516259312629,lstm,0.002511799000785686,18738.0
255.0,276.68069005012507,lstm,0.003058893998968415,34058.0
248.99999999999997,263.44240307807917,lstm,0.0032401309872511774,20141.0
289.0,253.13495963811872,lstm,0.0031764110026415437,30213.0
282.99999999999994,258.6174219846725,lstm,0.0030862299900036305,22827.0
307.0,266.72839075326914,lstm,0.0033630590041866526,18372.0
257.0,277.5965675711631,lstm,0.003510421985993162,25513.0
221.0,268.60454767942423,lstm,0.00275349200819619,19653.0
282.99999999999994,250.49248009920117,lstm,0.0029382250068010762,18249.0
253.0,258.131838440895,lstm,0.0030031100031919777,24170.0
235.0,252.38566011190412,lstm,0.0011860919912578538,13428.0
207.0,241.149146258831,lstm,0.004706748004537076,38391.0
291.0,226.28013625741002,lstm,0.003178871003910899,20020.0
237.0,247.8913170099258,lstm,0.0017348050023429096,30395.0
219.0,242.1457719030908,svm,0.0010801979951793328,8484.0
248.99999999999997,234.6947854427428,svm,0.0006665450055152178,6165.0
209.0,236.40898273481247,svm,0.0007262450089910999,4577.0
225.0,238.06345081991878,svm,0.0007292809896171093,6103.0
191.0,228.42105236730754,svm,0.0004550050070974976,6470.0
209.0,217.75149724158211,svm,0.0006814090011175722,5920.0
181.0,220.11033669999608,svm,0.0007293570088222623,0.0
221.0,206.49207751237543,svm,0.0008251580002252012,4638.0
177.0,213.27397306363233,svm,0.0007096389890648425,7630.0
195.0,201.0950949204993,svm,0.0007580090023111552,7996.0
195.0,204.2499111680814,svm,0.0008077460079221055,8667.0
207.0,200.6116906651801,svm,0.0008821669907774776,6226.0
175.0,208.00759008490928,svm,0.0006629569979850203,7019.0
209.0,196.4232187116014,svm,0.0008290679979836568,4211.0
195.0,204.49749337311027,svm,0.001057543995557353,5920.0
199.0,203.31497886634054,svm,0.0006958129961276427,5310.0
183.0,205.2281703557022,svm,0.0007793670083628967,5737.0
161.0,198.30886668065378,svm,0.0009153799910563976,5859.0
171.0,195.88751271547008,svm,0.0009610620036255568,7324.0
195.0,191.0138570094739,svm,0.0007936570036690682,9155.0
149.0,194.2311877638261,svm,0.0008504759898642078,6042.0
163.0,182.9819808005764,svm,0.0011321170022711158,8057.0
131.0,179.92929221256875,svm,0.0009533570118946955,5798.0
167.0,172.97563650657258,svm,0.001194061987916939,5066.0
142.99999999999997,177.8616713228203,svm,0.0009987130033550784,8606.0
161.0,166.7238763518338,svm,0.0009780349937500432,5921.0
141.0,171.08627480444514,svm,0.0008710940019227564,7019.0
161.0,164.17749337311048,svm,0.0009173979924526066,7995.0
161.0,172.04194211585695,svm,0.00032322900369763374,0.0
131.0,170.0643792531876,svm,0.0007965499971760437,5310.0
153.0,166.61494018162114,svm,0.0009680920047685504,4272.0
145.0,166.10089762842955,svm,0.0011846200068248436,10193.0
139.0,167.09617809264617,svm,0.0007458439940819517,5676.0
132.99999999999997,109.94459165343702,linear,0.00043595900933723897,5310.0
145.0,107.2617358916687,linear,0.0006525979988509789,7202.0
109.0,108.6096152132107,linear,0.0006517139991046861,7874.0
132.99999999999997,104.30226118991868,linear,0.0006295639905147254,7141.0
109.0,103.17203798783058,linear,0.0005944590084254742,0.0
131.0,100.26947819961312,linear,0.0007005569932516664,3784.0
137.0,100.09500076687809,linear,0.0006210179999470711,0.0
151.00000000000003,99.43179361483398,linear,0.0006020690052537248,5737.0
114.99999999999999,103.48949769063036,linear,0.0007134369952837005,6714.0
101.0,101.6920617347967,linear,0.0006693290051771328,6836.0
101.0,100.7815999771778,linear,0.0006643360102316365,0.0
93.0,97.87503954508426,linear,0.0008080940024228767,10559.0
104.99999999999999,93.61960872865104,linear,0.0007372770051006228,7202.0
93.0,89.27913167931155,linear,0.0005172700039111078,6164.0
122.99999999999999,87.16906301712889,linear,0.0007130960002541542,4822.0
94.99999999999999,89.35720045649343,linear,0.0007294410024769604,0.0
93.0,88.75243238459156,linear,0.0005442739930003881,6836.0
58.99999999999999,88.6766884285362,linear,0.0006043019966455176,4761.0
81.0,84.16099161453194,linear,0.0007679940026719123,5005.0
58.99999999999999,82.99036193680811,linear,0.0007900369964772835,6287.0
67.0,76.85844022973826,linear,0.0006625230016652495,6531.0
43.0,74.16378901919067,linear,0.0007849160028854385,7263.0
65.0,69.34332341815518,linear,0.0002553829981479794,0.0
65.0,69.92442239897912,linear,0.0008910040050977841,5127.0
78.99999999999999,68.45956019514828,linear,0.0006602249923162162,6103.0
45.000000000000014,70.41549881961734,linear,0.0006698720098938793,6714.0
63.000000000000014,68.2421592923773,linear,0.0006093010015320033,8973.0
45.000000000000014,70.12945935745996,linear,0.0005516000092029572,10193.0
58.99999999999999,68.18723186329943,linear,0.0005689760000677779,7873.0
43.0,67.61151639607841,linear,0.0008069379982771352,8728.0
39.0,64.17172209894464,linear,0.0006738850061083212,5188.0
40.99999999999999,63.53233382051104,linear,0.0007102249946910888,0.0
53.0,61.44373656185725,linear,0.0006825399905210361,0.0
65.0,87.20789956266553,svm,0.0006547770026372746,0.0
40.99999999999999,88.71876996885514,svm,0.0005799109931103885,4456.0
40.99999999999999,85.85919550076999,svm,0.0008146600011968985,0.0
47.00000000000001,85.60697112939665,svm,0.0008715339936316013,11291.0
33.00000000000001,87.37749337311038,svm,0.0008456590003333986,16174.0
33.00000000000001,84.49099434022837,svm,0.0008766160026425496,8179.0
30.999999999999996,79.01757074254944,svm,0.0010548889986239374,9399.0
50.999999999999986,77.4222129088937,svm,0.0006763279961887747,10803.0
37.00000000000001,81.3541278025107,svm,0.0008698349993210286,8789.0
27.00000000000001,78.21292857620506,svm,0.0009638570045353845,6897.0
33.00000000000001,76.20225159361317,svm,0.0006922949978616089,0.0
25.0,76.20720323771391,svm,0.000764587995945476,7629.0
47.00000000000001,75.94538505589567,svm,0.0008096519886748865,4761.0
37.00000000000001,77.15049143887434,svm,0.000793676998000592,7934.0
33.00000000000001,75.82159395338115,svm,0.0008937680104281753,9949.0
35.0,76.44766745434823,svm,0.0006788299942854792,5676.0
22.999999999999993,76.03884733829416,svm,0.00028433799161575735,8484.0
19.000000000000007,75.81880865357455,svm,0.000657408992992714,3174.0
25.0,71.2289440500929,svm,0.0008520269911969081,7019.0
37.00000000000001,70.04642954332306,svm,0.0007787759968778118,9583.0
48.99999999999999,72.25393437891307,svm,0.0008117169927572832,4211.0
16.999999999999996,74.97857654525735,svm,0.00046056899009272456,0.0
33.00000000000001,70.68302528800399,svm,0.0011594959942158312,7935.0
27.00000000000001,73.73169066517997,svm,0.000702903009369038,7141.0
22.999999999999993,73.96782219322644,svm,0.0008414559997618198,3663.0
37.00000000000001,72.87041406943531,svm,0.000961508005275391,7385.0
33.00000000000001,70.88573321837148,svm,0.000761283008614555,0.0
29.000000000000004,73.61842180637927,svm,0.0007121779926819727,4334.0
22.999999999999993,72.398769968855,svm,0.0010344260081183165,5188.0
25.0,70.72542374061516,svm,0.0009276199998566881,8423.0
22.999999999999993,71.86863457233665,svm,0.0007243180007208139,8545.0
21.0,69.78739666131149,svm,0.0008490530017297715,11169.0
35.0,67.9345533344256,svm,0.00029099700623191893,9644.0
21.0,26.253203824162476,lstm,0.002660954007296823,22583.0
25.0,24.45061855018138,lstm,0.0025781910080695525,17762.0
27.00000000000001,24.36875700950622,lstm,0.003933383995899931,29724.0
30.999999999999996,25.13538107275962,lstm,0.0031693489872850478,32471.0
37.00000000000001,27.19783440232276,lstm,0.0030953849927755073,25208.0
27.00000000000001,30.09426824748515,lstm,0.0030822339904261753,25085.0
25.0,29.3580463528633,lstm,0.00351700400642585,23620.0
43.0,27.78702825307845,lstm,0.0032413139997515827,26550.0
30.999999999999996,32.91561432182788,lstm,0.0026902199897449464,18372.0
29.000000000000004,32.192035615444176,lstm,0.003411580008105375,18982.0
35.0,30.58280423283576,lstm,0.002900247010984458,20325.0
35.0,32.067128717899315,lstm,0.0032649880013195798,14954.0
39.0,33.22311155498027,lstm,0.0033569049992365763,27039.0
61.0,34.52891528606414,lstm,0.0030811710021225736,17944.0
25.0,43.93991589546203,lstm,0.0034680660028243437,19836.0
30.999999999999996,37.975097298622124,lstm,0.0026834649906959385,18494.0
48.99999999999999,35.2706342190504,lstm,0.0042725800012703985,22217.0
55.00000000000001,39.75574761629104,lstm,0.0031001659954199567,15625.0
47.00000000000001,44.976480007171624,lstm,0.003601192991482094,25147.0
53.0,44.757316634058945,lstm,0.0029442179948091507,20935.0
40.99999999999999,48.544359356164925,lstm,0.0035779019963229075,14893.0
63.000000000000014,46.52769103646278,lstm,0.003060308998101391,19592.0
71.0,51.863214001059525,lstm,0.004593902005581185,27710.0
63.000000000000014,58.293950930237756,lstm,0.004616256002918817,32226.0
73.00000000000001,60.41807748377322,lstm,0.004174350993707776,24169.0
75.0,65.04807330667971,lstm,0.004489807994104922,32959.0
68.99999999999999,69.58252705633639,lstm,0.0026836350007215515,21851.0
102.99999999999999,69.39110599458216,lstm,0.0034991480060853064,16602.0
71.0,80.91166600584982,lstm,0.003510504000587389,17090.0
67.0,78.09149913489817,lstm,0.00372287500067614,20935.0
73.00000000000001,73.98002475500105,lstm,0.003043908000108786,23376.0
81.0,73.05619426071642,lstm,0.003393052000319585,20142.0
61.0,77.67766875923829,linear,0.0002446139988023788,0.0
81.0,73.63515470591976,linear,0.0006152399873826653,0.0
99.0,74.62718543886024,linear,0.0006445260078180581,4395.0
81.0,77.7884152720858,linear,0.0005744699883507565,5798.0
73.00000000000001,78.51861173421266,linear,0.0007966059929458424,7935.0
129.0,77.70905334732993,linear,0.0006687360000796616,4944.0
120.99999999999999,84.38042254074739,linear,0.0007821350009180605,4822.0
109.0,88.27558874119158,linear,0.000695589988026768,3174.0
137.0,89.19322510907274,linear,0.0005686360091203824,0.0
127.0,94.63787834397633,linear,0.0006657979974988848,5310.0
111.0,99.77074120191247,linear,0.0008599669963587075,7507.0
111.0,97.97910249334359,linear,0.0005754149897256866,0.0
83.0,97.00203795926612,linear,0.0007931849977467209,5311.0
139.0,94.38484227925294,linear,0.0005062940035713837,0.0
104.99999999999999,94.72819272292365,linear,0.0005614049878204241,4944.0
151.00000000000003,92.63086598894226,linear,0.0005415179912233725,0.0
168.99999999999997,96.55464729256133,linear,0.000667103988234885,4089.0
124.99999999999997,102.29267687811215,linear,0.0002542129950597882,0.0
175.0,106.1364781031725,linear,0.0005467919982038438,0.0
157.0,109.70668383451005,linear,0.0005316609895089641,6164.0
186.99999999999997,114.67439146506001,linear,0.0006046460039215162,7263.0
203.0,118.17215211651347,linear,0.0005303309881128371,4577.0
197.00000000000003,121.58978481361943,linear,0.0005971869977656752,3479.0
157.0,128.44223272150785,linear,0.0005593730020336807,3906.0
165.0,126.58429987057384,linear,0.0006993040005909279,5310.0
175.0,127.2670663891541,linear,0.0007112019957276061,9765.0
163.0,126.1529432947114,linear,0.0005114750092616305,13794.0
199.0,122.30717085005531,linear,0.0007257389952428639,4395.0
215.00000000000003,122.64316811119824,linear,0.0008190360094886273,5432.0
195.0,128.31666817124943,linear,0.0005471769982250407,0.0
207.0,131.1400326501089,linear,0.000837156010675244,0.0
266.99999999999994,134.21845714202192,linear,0.0009085710044018924,11170.0
273.0,144.37420496807948,linear,0.0008121179998852313,13550.0
223.0,239.15574282407758,lstm,0.001512492002802901,19348.0
255.0,232.59614467620847,lstm,0.004348685004515573,25025.0
221.0,240.8736205101013,lstm,0.003809962989180349,24475.0
244.99999999999997,233.48340213298795,lstm,0.004341574007412419,37780.0
237.0,233.9826041460037,lstm,0.004085992011823691,36804.0
315.0,231.00054949522016,lstm,0.0051628280052682385,34607.0
257.0,259.2971751093864,lstm,0.0036436730006244034,38147.0
261.0,255.89713275432584,lstm,0.0032979060051729903,24048.0
291.0,257.3992428183555,lstm,0.0030155550048220903,24536.0
293.0,267.70168572664255,lstm,0.003612795000663027,21728.0
255.0,275.51599174737925,lstm,0.0029899819928687066,13733.0
392.99999999999994,263.4128609299659,lstm,0.0038520119996974245,21424.0
371.0,307.1388575434684,lstm,0.002989365006214939,18189.0
299.0,327.3029872775077,lstm,0.003674106003018096,20202.0
289.0,314.9263167381286,lstm,0.0016321250004693866,42847.0
248.99999999999997,303.9923527836799,lstm,0.0012873980012955144,19653.0
347.0,284.2568147182464,lstm,0.0016564850084250793,27283.0
297.0,298.34409266710276,lstm,0.0024229849950643256,28565.0
266.99999999999994,290.26412010192865,lstm,0.0030880790000082925,31433.0
313.0,278.68033528327936,lstm,0.001311041007284075,15198.0
373.0,287.8310245275497,lstm,0.004670009002438746,42542.0
367.0,316.5474465489387,lstm,0.004709933011326939,35827.0
303.0,328.15187186002726,lstm,0.004094529009307735,39368.0
248.99999999999997,316.6951927542686,lstm,0.00418177800020203,28625.0
331.0,292.38218218088144,lstm,0.004363858999568038,33935.0
339.00000000000006,302.6751205325126,lstm,0.004631682997569442,36316.0
284.99999999999994,308.09005796909327,lstm,0.004026719994726591,26917.0
347.0,293.152547776699,lstm,0.0030547490023309365,20386.0
297.0,308.8202774524688,lstm,0.004236756009049714,36377.0
321.00000000000006,303.98064941167826,lstm,0.0031483499915339053,27832.0
321.00000000000006,305.48275947570795,lstm,0.0019242479902459309,31739.0
315.0,305.77172636985773,lstm,0.002696756986551918,23743.0
309.0,306.66143089532846,lstm,0.0031541659991489723,37964.0
311.0,190.59373326963154,linear,0.0009038720017997548,6531.0
349.0,191.9042371797426,linear,0.0009428890043636784,12756.0
317.0,194.72318523018063,linear,0.0007934770110296085,8057.0
309.0,194.3097448194649,linear,0.0006627109978580847,9888.0
335.0,193.64901789038132,linear,0.0007421940099447966,7141.0
317.0,196.21200710429213,linear,0.0007981480011949316,4822.0
365.0,196.73565811273244,linear,0.0008170299988705665,7690.0
263.0,198.43404478938976,linear,0.0005226100038271397,0.0
363.0,193.00855156655683,linear,0.0007357220019912347,10071.0
239.0,198.29989400056715,linear,0.0009351350017823279,4639.0
365.0,188.8903890092615,linear,0.0006356969970511273,5066.0
333.0,193.63200269481308,linear,0.000776936998590827,9094.0
335.0,190.81418559531812,linear,0.0007280669960891828,9094.0
371.0,197.54652375054016,linear,0.0004695249954238534,0.0
323.0,198.57233135845397,linear,0.0005418930086307228,7935.0
297.0,206.38669724085972,linear,0.0005702380003640428,5249.0
321.00000000000006,199.72128091045306,linear,0.0006380179984262213,10682.0
349.0,198.602888691004,linear,0.000736693007638678,11596.0
343.0,200.05293869104722,linear,0.000504474010085687,0.0
286.99999999999994,197.45696655908299,linear,0.0006765040016034618,7019.0
381.0,193.82748153712615,linear,0.0005283700011204928,8789.0
392.99999999999994,202.06437338185603,linear,0.0006127820088295266,5065.0
431.0,209.15983113161198,linear,0.0006653080054093152,6470.0
359.0,217.17506047341948,linear,0.0006799219991080463,0.0
329.0,218.58717552081572,linear,0.0005659270100295544,8362.0
379.0,222.2603373903588,linear,0.000615747005213052,3174.0
309.0,222.17276580579147,linear,0.0006946359935682267,7263.0
351.0,213.9442212789595,linear,0.0005096139939269051,0.0
291.0,206.36729025425498,linear,0.0004762699973070994,5676.0
309.0,199.76051643537923,linear,0.0005078850081190467,3845.0
315.0,197.73683436441885,linear,0.0005617389979306608,4394.0
341.0,191.73935786431085,linear,0.0005603969912044704,0.0
339.00000000000006,194.86331153096927,linear,0.0006791619962314144,7446.0
385.0,315.7050165534019,lstm,0.003426114999456331,30030.0
371.0,337.3758313059806,lstm,0.0030019110126886517,19592.0
403.0,345.73664933443064,lstm,0.0018294320034328848,12939.0
317.0,362.5201359391212,lstm,0.0036509680066956207,21362.0
327.0,342.4396321177482,lstm,0.0029440200014505535,20446.0
405.0,333.71260493993753,lstm,0.0032407830003648996,17090.0
339.00000000000006,352.1826538443565,lstm,0.002464406003127806,15808.0
347.0,341.2138989567756,lstm,0.003517007004120387,17639.0
341.0,336.034305691719,lstm,0.002928247005911544,17029.0
335.0,334.7283867001533,lstm,0.003947708988562226,24475.0
367.0,331.23411446809763,lstm,0.0034738139947876334,20690.0
329.0,336.0043734312057,lstm,0.0031764309969730675,16174.0
341.0,328.9401471614837,lstm,0.0033021069975802675,22644.0
313.0,328.49779516458506,lstm,0.0032108399900607765,18493.0
351.0,318.52194726467127,lstm,0.003397024003788829,25940.0
282.99999999999994,325.6359305977821,lstm,0.002942513005109504,18371.0
325.0,304.46059405803675,lstm,0.0035608730104286224,18067.0
255.0,307.574790418148,lstm,0.0033290299907093868,19409.0
343.0,283.8334718346595,lstm,0.0031750939961057156,21423.0
379.0,300.7792451977729,lstm,0.004580368986353278,31005.0
299.0,321.7565110325813,lstm,0.0029533310007536784,15869.0
369.0,311.3321757316589,lstm,0.0037450480012921616,26489.0
299.0,327.7580711245536,lstm,0.0029756909934803843,17334.0
355.0,317.1382185816764,lstm,0.003904226003214717,21424.0
271.0,325.88226884603495,lstm,0.002801477996399626,18555.0
284.99999999999994,299.7544199228286,lstm,0.017111933993874118,535887.0
264.99999999999994,291.97174847126,lstm,0.004883119996520691,31372.0
284.99999999999994,275.6030932068824,lstm,0.0024698249908396974,24475.0
299.0,275.18343865871424,lstm,0.0055902839958434924,32044.0
289.0,276.6491618752479,lstm,0.002914415003033355,16601.0
295.0,278.42857092618937,lstm,0.0034439099981682375,18311.0
225.0,281.1898928880691,lstm,0.0020772650022991,15991.0
293.0,173.99334662585827,linear,0.00024139801098499447,0.0
299.0,174.84430008015457,linear,0.00021157499577384442,0.0
271.0,175.01240586690074,linear,0.0007945029938127846,7629.0
239.0,173.19593664732184,linear,0.0005318900075508282,0.0
279.0,167.7378751992921,linear,0.0004747010098071769,0.0
225.0,172.9143828248217,linear,0.0006264340045163408,4455.0
323.0,166.28735494645608,linear,0.0008310539997182786,8362.0
237.0,168.85176218281052,linear,0.0005948559992248192,8422.0
261.0,165.52289832550898,linear,0.00022549601271748543,0.0
232.99999999999994,167.49972378992558,linear,0.0006632840086240321,4577.0
279.0,163.10105581934786,linear,0.0003867310006171465,10193.0
211.0,168.27556371964323,linear,0.0006311219913186505,0.0
219.0,157.49399858283874,linear,0.0005713580030715093,7934.0
273.0,155.63743752627093,linear,0.00034985299862455577,9582.0
219.0,157.0221653236371,linear,0.000542844005394727,0.0
246.99999999999997,155.551755968157,linear,0.0005933669890509918,0.0
237.0,152.54900075120125,linear,0.0007338550058193505,13245.0
217.0,155.05095520120506,linear,0.0006979879981372505,6347.0
271.0,154.71270743053648,linear,0.0007185520080383867,11170.0
221.0,154.72777608660812,linear,0.0006823370058555156,7508.0
213.0,154.82208736769502,linear,0.000650174988550134,6714.0
250.99999999999994,151.44858069062695,linear,0.0007228780013974756,7324.0
242.99999999999997,152.92787965553632,linear,0.0005124989984324202,0.0
193.0,155.40915090183645,linear,0.0004674920055549592,0.0
183.0,147.80055041865091,linear,0.00042482500430196524,7507.0
193.0,144.03500814365012,linear,0.000708593986928463,5798.0
185.0,142.09599209946148,linear,0.000197326997295022,10865.0
217.0,135.77712984464247,linear,0.0006045890040695667,0.0
171.0,133.43662560271022,linear,0.0004576229985104874,0.0
175.0,131.24252408479217,linear,0.0005637099966406822,7752.0
197.00000000000003,130.38797038979197,linear,0.0004485829995246604,8850.0
193.0,130.86498403227452,linear,0.0005586689949268475,0.0
157.0,131.62772705132892,linear,0.0005832750030094758,0.0
173.0,172.70862475037572,lstm,0.001235085990629159,28198.0
161.0,171.82259082794187,lstm,0.0031598019995726645,28687.0
151.00000000000003,166.58925071358678,lstm,0.003232104005292058,20447.0
157.0,158.2786153256893,lstm,0.003377422006451525,32410.0
165.0,154.95794311165807,lstm,0.0028410960076143965,18737.0
147.0,157.4324260652065,lstm,0.004057067009853199,31005.0
168.99999999999997,151.88665911555287,lstm,0.001472050993470475,19104.0
157.0,156.59691169857976,lstm,0.004258128989022225,43029.0
151.00000000000003,156.05880483984944,lstm,0.004170667001744732,30274.0
168.99999999999997,153.24299126863477,lstm,0.0040081690094666556,34728.0
135.0,157.3065438866615,lstm,0.004108598004677333,38940.0
127.0,148.89148250222203,lstm,0.0037045790086267516,34912.0
149.0,139.07178595662114,lstm,0.003174341007252224,32959.0
119.0,140.74868410825727,lstm,0.0038608489994658157,34302.0
109.0,131.51952907443044,lstm,0.0032180829875869676,30701.0
101.0,120.66440328955647,lstm,0.0032915129995672032,26489.0
96.99999999999999,112.07519218325612,lstm,0.0030770699959248304,17639.0
151.00000000000003,105.07639840245244,lstm,0.0029488469881471246,24658.0
102.99999999999999,118.43381151556966,lstm,0.003388168988749385,35278.0
159.0,112.3840548098087,lstm,0.002369238995015621,21057.0
106.99999999999997,128.66442054510114,lstm,0.002690351990167983,19104.0
84.99999999999999,121.81621015071866,lstm,0.00339713400171604,19348.0
99.0,109.24992725253102,lstm,0.012497121002525091,535827.0
88.99999999999997,102.54529595375058,lstm,0.004020453998236917,37841.0
68.99999999999999,96.88542112708089,lstm,0.004176237998763099,23255.0
83.0,82.96757608652113,lstm,0.004995512994355522,54383.0
71.0,81.0824643075466,lstm,0.004054983000969514,26855.0
84.99999999999999,76.74043349921702,lstm,0.005445244009024464,49316.0
88.99999999999997,77.97973193228243,lstm,0.004222795003443025,36194.0
63.000000000000014,80.93941718339919,lstm,0.003327279002405703,31372.0
78.99999999999999,74.81841176748274,lstm,0.002273983001941815,13977.0
83.0,75.35986118018626,lstm,0.0035325789940543473,18982.0
81.0,77.84698732197283,lstm,0.002420826000161469,38757.0
71.0,77.7122585318966,linear,0.0007228720060084015,4212.0
86.99999999999999,75.97656939518046,linear,0.0004639389953808859,10009.0
84.99999999999999,78.29419136414035,linear,0.0004729220090666786,9339.0
68.99999999999999,78.88955460478266,linear,0.0006312180048553273,0.0
68.99999999999999,77.4907250417166,linear,0.000582319000386633,6165.0
47.00000000000001,76.3200897892425,linear,0.00021615599689539522,0.0
57.0,73.92801736787425,linear,0.0006669510039500892,8483.0
71.0,71.04896598616007,linear,0.0004522139934124425,10803.0
47.00000000000001,69.79469384675252,linear,0.000573579003685154,6164.0
-58.2,67.63172427656076,linear,0.0007479369960492477,7751.0
-29.200000000000003,55.05658764862564,linear,0.0007097900088410825,8545.0
-42.8,47.64189906707942,linear,0.000568831994314678,8179.0
-42.8,38.08256844390773,linear,0.0006452230009017512,8667.0
-42.8,27.184657280204537,linear,0.0006829119956819341,4760.0
-56.4,18.6962133601569,linear,0.0005846270069014281,14282.0
-41.10000000000001,18.790434671750653,linear,0.0007491599972127005,7263.0
-53.0,17.691932792409034,linear,0.0006804430013289675,5798.0
-51.3,16.704072948458787,linear,0.0007046719983918592,7141.0
-51.3,15.872363348046196,linear,0.000681791003444232,7752.0
-46.2,15.076096786680223,linear,0.0005943120049778372,6653.0
-51.3,16.054786423332157,linear,0.0004080360085936263,0.0
-47.900000000000006,15.082799661818752,linear,0.0005839930090587586,0.0
-46.2,15.571082704606301,linear,0.0005391770100686699,10742.0
-34.300000000000004,16.07219959024717,linear,0.0005060080002294853,0.0
-47.900000000000006,17.739941506980415,linear,0.00048675799916964024,3907.0
-49.6,17.55834684638445,linear,0.0006072749965824187,5981.0
-54.7,17.684271961371394,linear,0.000471160004963167,11719.0
-54.7,17.01005907491875,linear,0.000745436002034694,8179.0
-54.7,16.17365953823585,linear,0.0005792329902760684,8484.0
-59.8,14.234637197283371,linear,0.0005601620068773627,0.0
-49.6,13.07906332336796,linear,0.0006835679960204288,0.0
-59.8,13.110128425783643,linear,0.0006851479993201792,6531.0
-56.4,12.60631191056008,linear,0.0004648160102078691,7202.0
-53.0,-56.41225654631854,lstm,0.0033392989862477407,34851.0
-51.3,-55.34686179831625,lstm,0.014089356001932174,455016.0
-61.5,-53.68794871494175,lstm,0.0018844320002244785,51392.0
-59.8,-56.57039171084762,lstm,0.0029824719968019053,25329.0
-56.4,-57.66136541962624,lstm,0.0031074150028871372,20935.0
-56.4,-57.41203704848886,lstm,0.0029461950034601614,24414.0
-46.2,-57.31860069558025,lstm,0.0037297399976523593,31555.0
-53.0,-53.72338688001037,lstm,0.002837243999238126,20202.0
-49.6,-52.88416644558311,lstm,0.0013064210070297122,13977.0
-59.8,-51.35643308982254,lstm,0.003233027004171163,24109.0
-53.0,-54.02933696284891,lstm,0.002030345000093803,20813.0
-49.6,-53.73563552275301,lstm,0.003894462002790533,31799.0
-56.4,-52.737322375178344,lstm,0.0034782739967340603,34301.0
-46.2,-53.962224330753095,lstm,0.002809828001772985,16419.0
-47.900000000000006,-51.52699643746019,lstm,0.0035466450062813237,27160.0
-54.7,-49.744446538388736,lstm,0.0032980620017042384,27222.0
-46.2,-51.27542935311795,lstm,0.003549713990651071,21362.0
-54.7,-49.68166060745717,lstm,0.0031236100039677694,25940.0
-53.0,-51.07753375545145,lstm,0.003722809997270815,30822.0
-51.3,-52.121354844421155,lstm,0.004507578996708617,34240.0
-54.7,-52.12440703064204,lstm,0.0030427790043177083,23010.0
-41.10000000000001,-52.9290027730167,lstm,0.0033061430003726855,25207.0
-47.900000000000006,-49.20780925080181,lstm,0.0027517620037542656,23925.0
-49.6,-48.30786649137736,lstm,0.003922711999621242,21667.0
-34.300000000000004,-48.49197072908283,lstm,0.0030985150078777224,27527.0
-47.900000000000006,-43.425569906830795,lstm,0.0036699279880849645,21728.0
-22.399999999999995,-44.26352247595788,lstm,0.0027466739993542433,25817.0
-36.0,-36.83512849733234,lstm,0.0035223519953433424,23926.0
-15.599999999999998,-35.692096948623664,lstm,0.001428614996257238,17578.0
-13.900000000000002,-27.907776385545738,lstm,0.003186663001542911,19409.0
-5.400000000000008,-22.426728196442134,lstm,0.003421815999899991,24597.0
-29.200000000000003,-14.9556102603674,lstm,0.0033631919941399246,19410.0
-17.3,31.579829930170288,svm,0.0003080890019191429,21545.0
-5.400000000000008,35.82687054912583,svm,0.0008106550085358322,7630.0
-17.3,38.50162490115675,svm,0.000952832997427322,7935.0
4.799999999999997,37.86082025899044,svm,0.0007798009901307523,0.0
30.300000000000004,39.91660362456102,svm,0.0007853270071791485,7691.0
21.8,50.90024772514133,svm,0.0009210700081894174,5859.0
21.8,56.17347016227859,svm,0.0003285370039520785,7874.0
21.8,58.48231348916448,svm,0.0006309579912340268,0.0
30.300000000000004,64.05989182572165,svm,0.000874352001119405,4577.0
43.9,69.62878931121479,svm,0.0009355609945487231,3052.0
71.1,72.51635604235602,svm,0.0008125430031213909,6409.0
42.20000000000002,81.88641406943528,svm,0.0007319460128201172,5615.0
33.70000000000001,81.66255333442562,svm,0.0008258390007540584,7325.0
54.099999999999994,81.97559008490919,svm,0.00038582699198741466,19165.0
57.5,87.19830575222066,svm,0.0007742360030533746,3662.0
43.9,91.50506010425156,svm,0.0006710529996780679,5677.0
111.9,85.38242954332314,svm,0.0007760849985061213,3479.0
122.10000000000001,100.4542283827814,svm,0.0009529459930490702,7508.0
106.79999999999998,114.78078931121468,svm,0.0009098270093090832,7202.0
110.19999999999999,120.42307944661123,svm,0.000717695991625078,4029.0
132.29999999999998,125.27172934989943,svm,0.0007759900036035106,5249.0
132.29999999999998,142.0833811874237,svm,0.0008731340058147907,4272.0
149.29999999999998,145.81614714487048,svm,0.0008053839992498979,8239.0
186.7,150.2557448237872,svm,0.0008600809960626066,6042.0
147.59999999999997,164.40132316034428,svm,0.0009021680016303435,6958.0
188.4,166.66623611972526,svm,0.0007519420032622293,9705.0
186.7,177.19637151624366,svm,0.0006639950006501749,5493.0
246.2,184.70004656459975,svm,0.000840512991999276,6836.0
161.19999999999996,205.90789182572175,svm,0.0008712780108908191,6286.0
210.5,191.83675836343906,svm,0.0007661190029466525,5127.0
300.6,205.79109492049912,svm,0.0007070110004860908,5188.0
215.6,229.20413940792653,svm,0.0008487439918098971,5249.0
246.2,229.79101755106012,svm,0.0009982429910451174,8118.0
244.49999999999997,230.53659945726392,lstm,0.0021591059921775013,42602.0
249.59999999999997,237.29253053665158,lstm,0.0029508300067391247,12146.0
293.79999999999995,241.03753864765164,lstm,0.003833941009361297,25085.0
280.2,254.50588554143903,lstm,0.003125639006611891,19836.0
169.7,263.07991772890085,lstm,0.0035600699920905754,26855.0
227.49999999999997,228.4154164791107,lstm,0.0031817380076972768,18249.0
168.0,225.9393376111984,lstm,0.0037806139880558476,21240.0
210.5,202.095862776041,lstm,0.0033651999983703718,20629.0
224.1,198.80047693848607,lstm,0.003156262988341041,22217.0
219.0,201.97209075093267,lstm,0.01135988200257998,518309.0
212.2,208.20392355322835,lstm,0.00476042200170923,28503.0
164.59999999999997,207.09632351994512,lstm,0.004423819002113305,18921.0
174.79999999999998,192.52959743142125,lstm,0.004616602003807202,26001.0
208.8,183.96134600043294,lstm,0.004608186005498283,25574.0
133.99999999999997,189.35876384377477,lstm,0.0045860050013288856,25512.0
156.10000000000002,166.61226734519002,lstm,0.004274602993973531,16175.0
185.0,159.4219461083412,lstm,0.003249018991482444,28565.0
176.5,167.19701036810872,lstm,0.0032058159995358437,21911.0
183.3,168.94262149929997,lstm,0.0028127010009484366,24353.0
188.4,170.9212006628513,lstm,0.003502779989503324,37842.0
164.59999999999997,178.06752786040303,lstm,0.0027061639993917197,27527.0
195.2,173.24797287583348,lstm,0.002939546000561677,22766.0
133.99999999999997,179.3508557975292,lstm,0.002935046999482438,28748.0
152.70000000000002,162.07112848758695,lstm,0.0030336610070662573,22705.0
212.2,156.55846789479253,lstm,0.003799373997026123,32654.0
144.19999999999996,173.68408307433126,lstm,0.00557328799914103,45105.0
178.2,162.43756815791127,lstm,0.006142397993244231,77453.0
149.29999999999998,165.4247651994228,lstm,0.004515380001976155,39795.0
147.59999999999997,160.28045937418935,lstm,0.004071374001796357,32593.0
113.6,155.08019015192983,lstm,0.004233037994708866,32470.0
132.29999999999998,136.20889291167256,lstm,0.004783702999702655,38452.0
142.49999999999997,133.43129262328145,lstm,0.0028709899925161153,25147.0
169.7,133.38557854294774,lstm,0.0029109739989507943,25146.0
96.6,164.04514521063464,svm,0.0002827040007105097,7996.0
149.29999999999998,148.16786861488995,svm,0.0007106840057531372,7934.0
183.3,157.89883960135006,svm,0.0012517010036390275,16418.0
156.10000000000002,168.81987635183364,svm,0.0010435300064273179,12756.0
154.39999999999998,170.91327673868105,svm,0.0007120100053725764,7934.0
191.8,163.73552818935804,svm,0.00083992000145372,6653.0
84.69999999999999,181.7514508199188,svm,0.000626112989266403,4761.0
96.6,164.9287506264952,svm,0.0009832020004978403,6653.0
111.9,152.18710265744306,svm,0.0008467500010738149,9949.0
176.5,147.6072960810406,svm,0.0006366290035657585,6591.0
132.29999999999998,161.41984540405815,svm,0.0007921979995444417,9705.0
178.2,144.63292083926112,svm,0.0008482410048600286,5310.0
113.6,160.99500981411626,svm,0.0010123029933311045,9765.0
142.49999999999997,156.52963263810068,svm,0.0007514819881180301,0.0
202.0,166.51708331508323,svm,0.0006759800016880035,4150.0
147.59999999999997,173.49043728026695,svm,0.0008675189892528579,6104.0
176.5,174.07047596498663,svm,0.0006861920119263232,7080.0
123.79999999999998,172.3229943402283,svm,0.0008542780124116689,4761.0
115.29999999999998,168.7670020771722,svm,0.0010268549958709627,5188.0
139.09999999999997,167.56010072320706,svm,0.0008150539943017066,6287.0
202.0,158.73456880831355,svm,0.0007943499949760735,6714.0
162.9,175.1492690017371,svm,0.0008966829918790609,7202.0
139.09999999999997,167.79053786053777,svm,0.0005572980007855222,23864.0
154.39999999999998,165.70581832475438,svm,0.0009152090060524642,7446.0
213.9,171.91736184506388,svm,0.0012068839860148728,20141.0
156.10000000000002,191.85596145821683,svm,0.0008252970001194626,6165.0
193.5,179.31581445628262,svm,0.000758222013246268,11902.0
195.2,184.8026384408087,svm,0.0009208010014845058,8484.0
151.00000000000003,192.3291993692419,svm,0.0007562579994555563,7019.0
169.7,191.25882412746247,svm,0.000739071998395957,0.0
183.3,183.3695088469981,svm,0.0007438140019075945,7507.0
171.4,190.3915281893579,svm,0.0009204899979522452,6714.0
183.3,187.4521394079266,svm,0.0008343109948327765,9582.0
169.7,172.30929151177403,lstm,0.0015794639912201092,15991.0
162.9,171.39740377664563,lstm,0.0029374180012382567,26489.0
137.39999999999998,167.34158247709271,lstm,0.003712436999194324,36194.0
159.49999999999997,154.70366075634954,lstm,0.0030031820060685277,23315.0
203.7,154.4992773234844,lstm,0.0035312710097059608,30335.0
205.4,169.5058551430702,lstm,0.0029269119986565784,30884.0
140.79999999999995,181.18163555860517,lstm,0.0016163760010385886,22033.0
203.7,166.6617406904697,lstm,0.0033223209902644157,25940.0
246.2,180.50445362925527,lstm,0.00303101800091099,26916.0
191.8,203.69550094008443,lstm,0.002984113001730293,29480.0
236.0,197.83454090356824,lstm,0.003101719994447194,32409.0
174.79999999999998,209.80955526232717,lstm,0.002647519009769894,23925.0
288.7,199.36823233962056,lstm,0.004842185007873923,38757.0
276.79999999999995,229.6371421217918,lstm,0.0018852969951694831,40649.0
195.2,243.20500314235684,lstm,0.004776010988280177,39185.0
166.29999999999995,226.71138778328893,lstm,0.0044945720001123846,25879.0
261.5,203.285067230463,lstm,0.0026963709970004857,23925.0
219.0,224.20319557189939,lstm,0.003206969005987048,24658.0
224.1,216.77419647574422,lstm,0.003633064014138654,25512.0
281.9,214.59369868040082,lstm,0.001778623991413042,17822.0
273.4,237.9594454169273,lstm,0.0030560570012312382,24780.0
358.3999999999999,252.0067191123962,lstm,0.004414136987179518,32165.0
268.3,286.67026281356806,lstm,0.00402110000140965,40467.0
229.2,280.17549425363535,lstm,0.005410790996393189,48584.0
292.1,262.6918268203735,lstm,0.003821589009021409,35767.0
278.5,270.1786512136459,lstm,0.004207573001622222,38330.0
161.19999999999996,270.1088920235633,lstm,0.0032601220009382814,21667.0
283.59999999999997,224.24759745597837,lstm,0.008043829002417624,70862.0
195.2,241.84489399194715,lstm,0.0033255239977734163,21545.0
210.5,223.47572460770604,lstm,0.002762439995422028,19715.0
273.4,213.63753318786618,lstm,0.003628053003922105,21180.0
242.8,229.88677859306333,lstm,0.0033339219953631982,29602.0
305.7,242.5371374736907,svm,0.0002816179912770167,24902.0
210.5,246.88466552011212,svm,0.0006223489908734336,9033.0
210.5,239.24157074254978,svm,0.0008735189912840724,0.0
208.8,241.4409827348126,svm,0.0009375330118928105,9765.0
161.19999999999996,230.35553592630185,svm,0.0007484499947167933,8301.0
174.79999999999998,219.82145468839096,svm,0.00066564699227456,7263.0
188.4,199.1820736439035,svm,0.0006653900054516271,7690.0
222.4,198.07460749303308,svm,0.0005956690001767129,8422.0
229.2,204.23827480444515,svm,0.0006821699935244396,7812.0
312.5,205.467272870209,svm,0.0008250520040746778,7690.0
244.49999999999997,234.07225546208537,svm,0.0006058050057617947,0.0
200.3,237.01480091663058,svm,0.0006256099877646193,4456.0
191.8,234.29953592630173,svm,0.0006014429964125156,7630.0
234.29999999999998,227.57818969806215,svm,0.00024055098765529692,0.0
227.49999999999997,238.04361329574078,svm,0.00026130699552595615,0.0
246.2,224.6608976284296,svm,0.0008706169901415706,4944.0
337.99999999999994,224.7279769321047,svm,0.0012308860023040324,7812.0
178.2,251.0580504330716,svm,0.0006704370025545359,8362.0
251.29999999999998,235.98362103268494,svm,0.0008302640053443611,7202.0
181.6,242.72127673868084,svm,0.0007449769909726456,3906.0
229.2,229.8157448237872,svm,0.0008368900016648695,6958.0
208.8,239.2100040114081,svm,0.0006560280016856268,9399.0
213.9,212.07524192243338,svm,0.0007099490030668676,0.0
261.5,221.7735939533813,svm,0.0007431029953295365,7751.0
144.19999999999996,223.86252238665,svm,0.0006333170022116974,0.0
203.7,210.1117912454506,svm,0.0005856130010215566,5676.0
198.6,210.25883960135027,svm,0.0008040850079851225,4090.0
198.6,208.71470033635987,svm,0.0010103679960593581,9765.0
195.2,211.27160555879698,svm,0.0007742599991615862,4455.0
176.5,195.54690149690154,svm,0.0008133949886541814,6469.0
164.59999999999997,200.64966358587614,svm,0.0004887239920208231,0.0
171.4,193.87123418548953,svm,0.0009954069973900914,8545.0
130.59999999999997,191.02128447562473,svm,0.0007543220126535743,5371.0
113.6,154.56311389803884,lstm,0.002232929997262545,26062.0
169.7,136.7222453653812,lstm,0.004482518997974694,32715.0
145.89999999999998,145.4221065342426,lstm,0.004333756995038129,24536.0
130.59999999999997,143.62241163849828,lstm,0.004837245011003688,30030.0
151.00000000000003,136.71284720301625,lstm,0.004430891000083648,20691.0
133.99999999999997,141.37926533818242,lstm,0.00417056301375851,25207.0
147.59999999999997,139.33356910943982,lstm,0.003384968003956601,20080.0
144.19999999999996,139.81888666748998,lstm,0.003761095998925157,21668.0
133.99999999999997,140.24754926562306,lstm,0.0030627950036432594,14404.0
118.69999999999999,137.70488530397412,lstm,0.0034639130026334897,21790.0
125.49999999999997,129.38541918992993,lstm,0.0031524009973509237,17456.0
123.79999999999998,126.91175192594525,lstm,0.002996320996317081,21606.0
89.79999999999998,123.87871667742726,lstm,0.003432990997680463,22217.0
123.79999999999998,109.8773521184921,lstm,0.004334033001214266,32653.0
94.9,112.81404733657834,lstm,0.002616373007185757,20630.0
89.79999999999998,105.4300884902477,lstm,0.0037010739906691015,31067.0
115.29999999999998,98.10845896601674,lstm,0.003059991999180056,30090.0
62.599999999999994,102.24714368581769,lstm,0.002915802993811667,23987.0
59.19999999999999,88.20969372987746,lstm,0.0033828670129878446,23865.0
64.29999999999998,75.27068503201006,lstm,0.0044365740031935275,31006.0
94.9,69.59208481013773,lstm,0.0034785540046868846,21668.0
96.6,76.91859073936938,lstm,0.002580066997325048,22644.0
52.399999999999984,81.62362113595007,lstm,0.003032638007425703,32166.0
47.30000000000001,72.04002238810061,lstm,0.003247806991566904,26184.0
66.0,63.35719317197798,lstm,0.003569943000911735,21118.0
66.0,63.52882489562033,lstm,0.0036687620013253763,29846.0
67.69999999999999,62.235380634665475,lstm,0.0030039160046726465,30883.0
66.0,62.056159451603875,lstm,0.009585880005033687,108520.0
45.60000000000001,63.72288808226584,lstm,0.0027679349877871573,18982.0
43.9,57.79979377984999,lstm,0.0034195209882454947,27344.0
38.800000000000004,51.89358957111835,lstm,0.002738615992711857,30823.0
30.300000000000004,45.95668174326419,lstm,0.0032384820078732446,15747.0
37.1,38.74545402824878,lstm,0.0015311689930967987,46326.0
72.79999999999998,79.67463844080852,svm,0.00033140499726869166,22644.0
33.70000000000001,87.0512573963212,svm,0.0007348840008489788,4395.0
47.30000000000001,82.05897886634051,svm,0.0007562509999843314,5738.0
26.9,83.41976803461907,svm,0.00043544400250539184,0.0
9.899999999999991,80.6918763518337,svm,0.0006686540000373498,7812.0
20.099999999999998,77.61753979477382,svm,0.000517848995514214,0.0
21.8,69.5509247077332,svm,0.0007230470073409379,8545.0
15.000000000000004,69.44386087794597,svm,0.0010535030014580116,4821.0
38.800000000000004,63.954932444677105,svm,0.0006960930040804669,7141.0
-5.400000000000008,66.85801948529613,svm,0.0007150950114009902,14588.0
-2.000000000000001,61.05447596498654,svm,0.0008687869994901121,5676.0
1.39999999999999,58.127976932104566,svm,0.0007833580020815134,6043.0
16.700000000000006,55.168595887617094,svm,0.0007221859996207058,5249.0
3.099999999999994,59.08576416614705,svm,0.0003273449983680621,8851.0
15.000000000000004,51.08780671933864,svm,0.0003239600046072155,0.0
-7.100000000000004,54.8350407618918,svm,0.0008564369927626103,4883.0
4.799999999999997,51.899597821853085,svm,0.0006325410067802295,7935.0
11.599999999999996,54.26762876962873,svm,0.0008208439976442605,10803.0
-27.5,53.63313747369062,svm,0.0009548639936838299,6042.0
-0.29999999999999727,46.69740052978347,svm,0.00046368800394702703,5371.0
-32.6,45.71646435957071,svm,0.0006972309929551557,7325.0
-12.200000000000006,39.92923031701749,svm,0.00075044299592264,3845.0
-0.29999999999999727,40.51321484312972,svm,0.0007205279980553314,0.0
3.099999999999994,38.13834443694013,svm,0.0007892629946582019,12573.0
-17.3,44.532185829590055,svm,0.0008112859941320494,8972.0
-12.200000000000006,38.2643483054121,svm,0.0009196159953717142,8606.0
-8.800000000000008,41.86321871160166,svm,0.0010185110004385933,7080.0
11.599999999999996,43.26451851817805,svm,0.0008204080077121034,5310.0
-0.29999999999999727,47.557067841195476,svm,0.000977299001533538,6286.0
-20.700000000000003,45.069346371176074,svm,0.0010018820030381903,12024.0
-24.1,42.464301883748625,svm,0.0011725390068022534,9339.0
-34.300000000000004,40.05365584893243,svm,0.0006982360064284876,6774.0
-30.9,36.914870549125794,svm,0.0009426820033695549,7142.0
-24.1,-27.19742603600026,lstm,0.0011716040025930852,23499.0
-39.40000000000001,-27.771538496017463,lstm,0.003016734990524128,25757.0
-10.500000000000004,-32.26128891110421,lstm,0.0033798479998949915,21179.0
-30.9,-25.24294517934323,lstm,0.0031351799989352003,27465.0
-46.2,-26.56542621552945,lstm,0.0032624620071146637,28443.0
-49.6,-33.34804896265269,lstm,0.003186809000908397,31860.0
-53.0,-39.915021564811475,lstm,0.002543975002481602,23316.0
-42.8,-44.985640477389104,lstm,0.003223673003958538,19226.0
-39.40000000000001,-46.364911682903774,lstm,0.0030547040078090504,19226.0
-30.9,-44.73045155405999,lstm,0.003116988009423949,15320.0
-30.9,-39.68855910003186,lstm,0.003112425998551771,21973.0
-47.900000000000006,-35.87939966470004,lstm,0.0032275239937007427,16845.0
-37.7,-39.09148098900915,lstm,0.0032803530048113316,25574.0
-47.900000000000006,-38.65589389577509,lstm,0.004164264988503419,21545.0
-54.7,-41.98643639683724,lstm,0.004402915990795009,24475.0
-49.6,-47.24467277526856,lstm,0.003347592006321065,18799.0
-44.49999999999999,-49.177112281322486,lstm,0.003539929006365128,20935.0
-61.5,-47.73476034402848,lstm,0.004108552995603532,160766.0
-46.2,-53.040752243250616,lstm,0.003140079992590472,15503.0
-32.6,-51.12355150282384,lstm,0.0017418570059817284,22034.0
-44.49999999999999,-44.426319040358074,lstm,0.0027827309968415648,27527.0
-49.6,-43.928008079528816,lstm,0.0036217140004737303,29236.0
-53.0,-45.825623404234655,lstm,0.002730234991759062,24048.0
-53.0,-47.66521837562323,lstm,0.0034238810039823875,21912.0
-51.3,-49.86372562125326,lstm,0.003590745007386431,25878.0
-47.900000000000006,-51.43326528370381,lstm,0.0026736080035334453,14954.0
-47.900000000000006,-50.609339028596885,lstm,0.003592727007344365,21911.0
-54.7,-49.67589315026999,lstm,0.002923873995314352,20691.0
-58.1,-51.23035807162524,lstm,0.003120391003903933,16601.0
-56.4,-53.65314448252321,lstm,0.0034796950058080256,24414.0
-54.7,-54.9198172800243,lstm,0.0028654500056291,19775.0
-44.49999999999999,-55.324221979826696,lstm,0.003585405007470399,20569.0
-44.49999999999999,-51.94593725726009,lstm,0.0014346100069815293,39001.0
-49.6,8.943327028816348,svm,0.0003193159936927259,0.0
-53.0,9.530468228042649,svm,0.0008914990030461922,3723.0
-49.6,9.410777705798928,svm,0.0008030410099308938,9155.0
-56.4,10.873369582007825,svm,0.0007340279989875853,19409.0
-54.7,8.788386990131622,svm,0.0007536840130342171,5005.0
-53.0,7.378932444677083,svm,0.0010219760006293654,9643.0
-53.0,6.922530123593902,svm,0.0006668130081379786,8790.0
-51.3,7.246615229976893,svm,0.0006412729999283329,0.0
-51.3,6.84229801527669,svm,0.0006132980051916093,4883.0
-42.8,7.568595887617122,svm,0.0007442620117217302,6226.0
-46.2,10.069207106185788,svm,0.00043393099622335285,0.0
-46.2,10.671605558796992,svm,0.0008251210092566907,10131.0
-53.0,11.565207106185808,svm,0.0008344540110556409,9033.0
-47.900000000000006,10.464054301543632,svm,0.0011052320041926578,9582.0
-41.10000000000001,11.818267067501067,svm,0.0007097170018823817,17639.0
-29.200000000000003,12.670568808313439,svm,0.0007623459969181567,6470.0
-27.5,16.332046564599704,svm,0.001010728010442108,6774.0
-41.10000000000001,18.639837667114204,svm,0.0008029330056160688,9094.0
-41.10000000000001,18.85159782185307,svm,0.0006749229942215607,5066.0
-44.49999999999999,19.612882154541694,svm,0.0006940869934624061,6775.0
-29.200000000000003,19.37797306363257,svm,0.0005861569952685386,9095.0
-24.1,21.29670420483182,svm,0.0006851829966763034,5737.0
-10.500000000000004,21.837810587810548,svm,0.0007076570036588237,0.0
3.099999999999994,27.315164552994283,svm,0.0008416240016231313,15076.0
-7.100000000000004,34.13042180637925,svm,0.0005792340089101344,8728.0
-20.700000000000003,38.66682412746242,svm,0.0006736769864801317,9339.0
-32.6,38.1309788663405,svm,0.0005512369971256703,12268.0
13.3,35.98786087794594,svm,0.0008540700073353946,9949.0
50.7,44.58164037504455,svm,0.0010990090086124837,5798.0
3.099999999999994,55.083365713535855,svm,0.0009944049961632118,9826.0
25.20000000000001,51.442143276398625,svm,0.0008965010056272149,8911.0
38.800000000000004,57.41351658394207,svm,0.0008486070000799373,4639.0
42.20000000000002,69.8458105878105,svm,0.0006607670075027272,0.0
47.30000000000001,33.32421272993087,lstm,0.0011308260000078008,28564.0
42.20000000000002,37.3478852212429,lstm,0.0034413339890306816,23864.0
89.79999999999998,40.825497880578034,lstm,0.0032598450052319095,28686.0
71.1,58.84924046695231,lstm,0.0031774550006957725,22278.0
86.4,64.31063674390315,lstm,0.003320989999338053,20263.0
74.5,73.2083026319742,lstm,0.00285481900209561,22949.0
69.4,74.84651759266852,lstm,0.0013107720005791634,18005.0
94.9,74.21634420752524,lstm,0.0027098809950985014,23559.0
113.6,80.27782201766966,lstm,0.002725957994698547,23498.0
108.5,92.29789435863493,lstm,0.003196573001332581,22522.0
128.89999999999998,98.12250301241872,lstm,0.003287744999397546,22766.0
152.70000000000002,110.02490326762197,lstm,0.0039592560060555115,32898.0
118.69999999999999,126.9777341187,lstm,0.0030090069922152907,24964.0
156.10000000000002,125.18092960119245,lstm,0.0024492079974152148,27893.0
232.59999999999997,136.20382145047185,lstm,0.00359119099448435,29847.0
183.3,171.3451641798019,lstm,0.0031719609978608787,35705.0
183.3,176.7869661748409,lstm,0.003438258994719945,32470.0
190.1,179.4521254301071,lstm,0.004982052996638231,36437.0
133.99999999999997,185.36706283688542,lstm,0.004702352001913823,31738.0
271.7,167.24643051624295,lstm,0.0012440489954315126,21423.0
183.3,200.01606717705724,lstm,0.002584774003480561,29236.0
213.9,193.23947787284848,lstm,0.0012201969948364422,41626.0
343.1,199.9638098478317,lstm,0.0031345859897555783,28198.0
266.59999999999997,249.89837437868115,lstm,0.0032213700033025816,27160.0
276.79999999999995,258.98267358541483,lstm,0.002663760998984799,18555.0
297.19999999999993,262.40427851676935,lstm,0.0033080469875130802,19653.0
241.1,276.5085086226463,lstm,0.002839294000295922,25696.0
273.4,264.41789686679834,lstm,0.003553362999809906,28564.0
232.59999999999997,261.33178859949106,lstm,0.0030677730101160705,24292.0
202.0,248.40530782938,lstm,0.0032138700044015422,19836.0
215.6,228.4114798903465,lstm,0.00360933699994348,18249.0
198.6,218.5578081011772,lstm,0.0028672930056927726,15198.0
213.9,208.49867120385167,lstm,0.0029675010009668767,25879.0
239.39999999999998,217.4944604910986,svm,0.0009648840059526265,8361.0
236.0,219.5407738373271,svm,0.0007370690000243485,6775.0
249.59999999999997,224.8913347657602,svm,0.00032340199686586857,0.0
208.8,229.46851078123404,svm,0.0005414000042947009,5860.0
224.1,226.90608138084752,svm,0.000582417007535696,10437.0
215.6,230.5183676477717,svm,0.0006326989969238639,9155.0
207.1,226.4081161970949,svm,0.000729617997421883,12513.0
210.5,223.14648370193046,svm,0.0008887639996828511,11841.0
154.39999999999998,216.09815875028633,svm,0.0005570350040215999,6286.0
219.0,204.18855720289758,svm,0.0006101870094425976,6958.0
174.79999999999998,209.2815862164372,svm,0.0007399570022244006,6469.0
154.39999999999998,199.9254701622784,svm,0.0009258750069420785,11109.0
213.9,191.59395758974486,svm,0.0007419949979521334,8728.0
139.09999999999997,194.0409053653733,svm,0.00043338599789422005,7263.0
191.8,189.1070252880039,svm,0.0008115590026136488,4334.0
195.2,188.28339666131157,svm,0.0007178829982876778,6042.0
171.4,189.92960169032477,svm,0.0008472920017084107,8178.0
161.19999999999996,193.97040633249122,svm,0.0007093960011843592,6897.0
191.8,181.11012006556672,svm,0.0008932479977374896,6958.0
105.1,193.4519227734973,svm,0.000789475001511164,10254.0
118.69999999999999,174.3085417290098,svm,0.0007617160008521751,6653.0
164.59999999999997,163.6937022705958,svm,0.0008279159956146032,7019.0
140.79999999999995,166.85484733829415,svm,0.0005782939988421276,8118.0
147.59999999999997,165.6100659069594,svm,0.0007986669952515513,14892.0
162.9,155.78781445628266,svm,0.0007212089985841885,0.0
139.09999999999997,164.6693773189517,svm,0.0008135109965223819,9521.0
217.3,167.6911026574431,svm,0.0006513830012409016,7813.0
169.7,181.029098788971,svm,0.0009147340024355799,14466.0
142.49999999999997,180.90441020096333,svm,0.0007292220107046887,9338.0
127.2,177.8153425027042,svm,0.0006319219974102452,0.0
186.7,168.56655333442563,svm,0.000791079000919126,9766.0
115.29999999999998,185.49131929187246,svm,0.0006340230029309168,8606.0
152.70000000000002,164.02488989148557,svm,0.0006695750053040683,4334.0
142.49999999999997,142.48941883444783,lstm,0.0032058560027508065,24841.0
154.39999999999998,141.62328064441678,lstm,0.003964150004321709,30091.0
152.70000000000002,146.0597629845142,lstm,0.003236951000872068,22705.0
161.19999999999996,145.42685881257054,lstm,0.003713449012138881,26794.0
188.4,151.82796493172643,lstm,0.0030859870021231472,15869.0
176.5,163.94049391150472,lstm,0.0034069899993482977,27465.0
191.8,168.55917647480962,lstm,0.0013174750056350604,20630.0
144.19999999999996,176.59561604261395,lstm,0.0034711290063569322,29480.0
144.19999999999996,165.17103254795072,lstm,0.00291797099635005,26489.0
186.7,156.83817848563191,lstm,0.003403706999961287,26855.0
122.10000000000001,164.7601909935474,lstm,0.0034976570022990927,34484.0
176.5,147.773775011301,lstm,0.0032048620050773025,24780.0
176.5,154.81780409812924,lstm,0.0013688350009033456,23743.0
208.8,162.1465443074703,lstm,0.0024941469891928136,22155.0
132.29999999999998,178.7310381233692,lstm,0.004519143985817209,39551.0
135.69999999999996,160.6429801881313,lstm,0.0035556319926399738,32532.0
200.3,152.83454358577725,lstm,0.00285551899287384,31616.0
178.2,167.4857999384403,lstm,0.00335437900503166,33753.0
217.3,169.61740955710408,lstm,0.0026132229977520183,34057.0
179.9,183.53552058339116,lstm,0.0012386349990265444,11840.0
220.7,183.78198295831677,lstm,0.0031590290018357337,30335.0
203.7,198.33571121096608,lstm,0.00290697900345549,20691.0
179.9,198.65769580006597,lstm,0.00901226099813357,394774.0
219.0,191.64987623691556,lstm,0.004162090001045726,36194.0
173.1,198.7720341980457,lstm,0.003930554987164214,39367.0
203.7,189.08921390771863,lstm,0.002079859987134114,50781.0
208.8,191.37337520718572,lstm,0.004036477999761701,42359.0
140.79999999999995,195.54786160588262,lstm,0.0032506769930478185,30945.0
234.29999999999998,175.4309709370136,lstm,0.0026896789931925014,20020.0
186.7,193.0824753642082,lstm,0.003662307994090952,32898.0
193.5,190.32035544514653,lstm,0.003788800007896498,28138.0
181.6,189.4788475334644,lstm,0.002838481988874264,25696.0
161.19999999999996,192.8384759649866,svm,0.0003397149994270876,0.0
213.9,198.6070330249479,svm,0.0008248320082202554,8301.0
268.3,198.82247596498655,svm,0.0005826249980600551,10986.0
244.49999999999997,216.37042180637937,svm,0.0005490499897859991,7813.0
224.1,220.9568047851025,svm,0.0006221030052984133,13550.0
217.3,221.79069259941573,svm,0.0008143669983837754,9827.0
270.0,229.45272741566367,svm,0.00043162600195501,10498.0
258.1,245.23372548142729,svm,0.0007939079951029271,0.0
198.6,242.70549337311016,svm,0.0005089450132800266,9704.0
178.2,229.46509105202733,svm,0.0007206829905044287,8117.0
200.3,219.19432896305224,svm,0.0005791529983980581,0.0
185.0,221.91380285086683,svm,0.0005935309891356155,7141.0
315.9,210.37826706750087,svm,0.0006421829893952236,0.0
237.69999999999996,228.8563792531876,svm,0.00043083899072371423,12818.0
322.7,226.1158608779458,svm,0.0006964820058783516,5859.0
382.2,253.6654624253348,svm,0.0008967979956651106,7019.0
210.5,281.20006977543136,svm,0.0006896560080349445,12574.0
266.59999999999997,275.0471877638262,svm,0.000817738997284323,13306.0
288.7,266.57388795724927,svm,0.000621979997958988,7568.0
310.80000000000007,279.3855088469981,svm,0.0006230349972611293,11292.0
195.2,286.77738505589576,svm,0.0006733329937560484,0.0
178.2,241.48622838278155,svm,0.0008278340101242065,6775.0
188.4,236.12014714487051,svm,0.0006040009902790189,0.0
319.3,227.6973541081199,svm,0.0005083650030428544,0.0
249.59999999999997,248.977013682588,svm,0.0006453789974329993,10315.0
275.1,230.42550884699816,svm,0.0005816060001961887,6958.0
208.8,241.14530768645673,svm,0.0006878330023027956,9034.0
258.1,236.3974082667272,svm,0.0006031980010448024,10681.0
290.3999999999999,257.26880478510253,svm,0.0006334670033538714,9155.0
224.1,253.880116197095,svm,0.0007398760062642395,9887.0
259.8,246.60398466904846,svm,0.000855428006616421,4455.0
154.39999999999998,243.198460491099,svm,0.0007009740074863657,4882.0
266.59999999999997,227.46112973674667,svm,0.0005783230008091778,8240.0
266.59999999999997,228.02998542785642,lstm,0.002605683999718167,24597.0
278.5,236.22869402170178,lstm,0.002980159013532102,23621.0
176.5,249.68945145606992,lstm,0.003265778999775648,29724.0
337.99999999999994,220.98342061042783,lstm,0.0034225639974465594,20752.0
195.2,264.7835031151771,lstm,0.0028890539979329333,26611.0
222.4,236.87007427215573,lstm,0.0036203960044076666,26916.0
264.9,228.61714005470273,lstm,0.004032609998830594,30090.0
275.1,237.14244365692136,lstm,0.0035266929917270318,31983.0
295.5,251.54890447854993,lstm,0.002739546005614102,27222.0
329.5,260.1398888230323,lstm,0.00278475099185016,35461.0
196.9,285.42633622884745,lstm,0.0029545430006692186,19775.0
242.8,254.25525605678556,lstm,0.0034269509924342856,24658.0
246.2,248.09637427330014,lstm,0.00338688500050921,23987.0
118.69999999999999,243.86755585670468,lstm,0.003961857000831515,33081.0
280.2,194.39202949404714,lstm,0.003592599998228252,21362.0
174.79999999999998,216.84069290757176,lstm,0.003411165002034977,22949.0
207.1,200.8233870565891,lstm,0.0032228759955614805,16174.0
200.3,199.53683182597157,lstm,0.003163693007081747,19531.0
110.19999999999999,195.9448896348476,lstm,0.003238564997445792,18249.0
161.19999999999996,167.9682448506355,lstm,0.0045392050087684765,30090.0
203.7,158.50385203957555,lstm,0.0031979269988369197,17944.0
191.8,172.60513857007024,lstm,0.0035254170070402324,18250.0
205.4,176.38681724667546,lstm,0.0033902889990713447,23254.0
200.3,184.42784950137136,lstm,0.003768606999074109,23499.0
174.79999999999998,192.8438329696655,lstm,0.002815619998727925,13244.0
174.79999999999998,186.75100430846211,lstm,0.003378160996362567,17578.0
193.5,180.3400035202503,lstm,0.0014165489992592484,16418.0
144.19999999999996,183.17296430468556,lstm,0.0029079539963277057,18432.0
159.49999999999997,166.7713977396488,lstm,0.0035296839923830703,23499.0
190.1,161.33667096495626,lstm,0.00314992199128028,28320.0
137.39999999999998,169.8067559301853,lstm,0.003186620000633411,16601.0
127.2,156.81315809488294,lstm,0.0030190170073183253,20935.0
127.2,143.34711641073224,lstm,0.0033053960069082677,21789.0
147.59999999999997,162.94925352784924,svm,0.00031161500373855233,11475.0
135.69999999999996,166.1290755781394,svm,0.0010477270116098225,7080.0
142.49999999999997,155.8546307038648,svm,0.0006967599911149591,3906.0
96.6,156.53226319902927,svm,0.0009193290024995804,6042.0
100.0,147.4781355394546,svm,0.0008965320012066513,8667.0
66.0,144.9028163905185,svm,0.0009917790011968464,8361.0
76.19999999999999,130.25822064583758,svm,0.0012242609955137596,9399.0
71.1,124.46362103268477,svm,0.0007741720037302002,3540.0
81.29999999999998,112.67712973674672,svm,0.0006316729995887727,4395.0
91.5,112.55349337311026,svm,0.0007661920099053532,5249.0
110.19999999999999,110.84205043307165,svm,0.0009551959956297651,6164.0
59.19999999999999,119.20802335376793,svm,0.0010061149951070547,9888.0
66.0,111.46286281218185,svm,0.0007224080036394298,5432.0
69.4,111.04986474641787,svm,0.0004217469977447763,19104.0
72.79999999999998,110.16336571353592,svm,0.0009008729975903407,4578.0
88.1,110.09839085860352,svm,0.0007160349923651665,0.0
72.79999999999998,106.31748563616647,svm,0.0006970380054553971,0.0
69.4,106.9269866032845,svm,0.0008376129990210757,4761.0
60.900000000000006,106.85911813133076,svm,0.00110633899748791,8117.0
66.0,104.70074288955135,svm,0.0006791490013711154,8484.0
91.5,105.2963018837487,svm,0.0007128260040190071,4089.0
52.399999999999984,107.83111039438691,svm,0.00030862899438943714,0.0
86.4,101.4680465645998,svm,0.0008325670060003176,3418.0
106.79999999999998,106.11440633249146,svm,0.0007253329968079925,6226.0
88.1,114.42198080057638,svm,0.0007960959919728339,7568.0
86.4,117.55918776382599,svm,0.0008958219987107441,5798.0
88.1,113.85167519129217,svm,0.0007724419992882758,7507.0
13.3,119.83962103268483,svm,0.0008856700005708262,7874.0
42.20000000000002,103.98259975608894,svm,0.0006663320091320202,0.0
23.500000000000007,96.78959395338111,svm,0.0008710219990462065,7141.0
28.599999999999984,86.93866938858433,svm,0.0008513829961884767,8179.0
28.599999999999984,81.34977964003498,svm,0.00079040699347388,5860.0
20.099999999999998,69.61958234796522,svm,0.0008970240014605224,11170.0
9.899999999999991,25.252973362803452,lstm,0.0015610509872203693,26367.0
4.799999999999997,18.59504915773868,lstm,0.0031937489984557033,22827.0
9.899999999999991,13.038421124219886,lstm,0.003247911998187192,20752.0
37.1,10.675492584705346,lstm,0.004478017013752833,29419.0
6.500000000000001,18.820392265915864,lstm,0.002263381000375375,15564.0
52.399999999999984,14.497672021388999,lstm,0.0033626030053710565,17639.0
13.3,27.96727791428565,lstm,0.0035718869912670925,26001.0
3.099999999999994,24.125708118081086,lstm,0.0031050229881657287,36316.0
-8.800000000000008,17.0980105549097,lstm,0.002911886986112222,19348.0
-12.200000000000006,6.388121843338005,lstm,0.0033448589965701103,34729.0
-2.000000000000001,-0.8408205211162639,lstm,0.004139026001212187,33020.0
-12.200000000000006,-4.552677944302566,lstm,0.014987700007623062,675718.0
-19.000000000000007,-8.357559442520149,lstm,0.0031446009961655363,26550.0
-22.399999999999995,-12.908025532960899,lstm,0.003273796013672836,23072.0
-22.399999999999995,-16.7429368197918,lstm,0.002209288999438286,30213.0
-7.100000000000004,-19.289368912577636,lstm,0.002166975988075137,28381.0
-8.800000000000008,-16.133262068033225,lstm,0.0027448740002000704,21179.0
18.399999999999995,-13.699395135045059,lstm,0.0021177070011617616,29358.0
-5.400000000000008,-2.045651637017734,lstm,0.0036501099966699257,42664.0
-2.000000000000001,-1.8543059378862452,lstm,0.002125516999512911,20020.0
-30.9,-0.9332150965929104,lstm,0.0012549319944810122,43518.0
-5.400000000000008,-11.37313716113568,lstm,0.002320893996511586,60425.0
-25.800000000000004,-10.012664496898658,lstm,0.0026987479941453785,40345.0
-30.9,-17.242883592844017,lstm,0.00459300099464599,36926.0
-24.1,-22.97174625098706,lstm,0.004518210989772342,55847.0
-34.300000000000004,-24.764840267598636,lstm,0.003237729993998073,112671.0
-27.5,-27.980022542178638,lstm,0.005172276010853238,125305.0
-20.700000000000003,-29.23074949532748,lstm,0.0017228600045200437,55664.0
-27.5,-26.487279608845718,lstm,0.001416047991369851,23864.0
-37.7,-26.581416390836246,lstm,0.0018668139964574948,48523.0
-37.7,-30.680194385349758,lstm,0.0013576829951489344,27160.0
-46.2,-33.21379266679288,lstm,0.012588619996677153,387084.0
-47.900000000000006,21.398243856669342,svm,0.00042596399725880474,0.0
-41.10000000000001,17.486336699996222,svm,0.0009114290005527437,0.0
-44.49999999999999,15.952193566533934,svm,0.0004071099974680692,0.0
-32.6,14.994669388584224,svm,0.0006276479980442673,7935.0
-36.0,16.466731284135516,svm,0.0007444340008078143,6592.0
-39.40000000000001,17.37348563616644,svm,0.0005135899991728365,9705.0
-51.3,18.437810587810542,svm,0.0008717349992366508,7386.0
-47.900000000000006,15.427659717404351,svm,0.0009290210000472143,9278.0
-37.7,15.826189698061961,svm,0.001032387008308433,13428.0
-39.40000000000001,16.215512715470123,svm,0.001000944001134485,19104.0
-54.7,15.819613295740915,svm,0.000853650999488309,7142.0
-32.6,11.56494405009293,svm,0.0008661019965074956,3723.0
-32.6,16.028742889551364,svm,0.0006650619907304645,7141.0
-36.0,18.857648111988475,svm,0.0007570329908048734,9827.0
-58.1,18.91525739632117,svm,0.0008180439908755943,10254.0
-41.10000000000001,12.955458556862766,svm,0.00030922400765120983,0.0
-56.4,17.242483701930457,svm,0.0002698290045373142,0.0
-61.5,12.923891825721562,svm,0.0008654610137455165,7874.0
-59.8,8.719992405992361,svm,0.0008589210046920925,10986.0
-61.5,4.3821974350059145,svm,0.0002791239967336878,0.0
-44.49999999999999,4.929617164212861,svm,0.0003474140103207901,0.0
-47.900000000000006,5.620139407926599,svm,0.0006782970012864098,8850.0
-47.900000000000006,6.319079446611317,svm,0.000657778000459075,10009.0
-47.900000000000006,8.107597821853105,svm,0.0009042830060934648,5920.0
-46.2,9.212170355702218,svm,0.0008635629928903654,8118.0
-44.49999999999999,12.243365713535889,svm,0.00047103500401135534,0.0
-54.7,12.282561071369537,svm,0.0003568729880498722,29968.0
-53.0,10.359094920499123,svm,0.00029694699333049357,23620.0
-51.3,9.700139407926589,svm,0.00028436200227588415,0.0
-46.2,9.52915294757844,svm,0.0003151480050291866,15259.0
197.00000000000003,194.02043341179504,svm,0.03738037499715574,829099.0
202.0,195.9231026574429,svm,0.00034163698728661984,0.0
188.00000000000003,199.46569453365197,svm,0.0002689060056582093,0.0
231.99999999999994,191.3752371072769,lstm,0.016092189005576074,412352.0
206.00000000000003,204.76595163345334,lstm,0.003499241007375531,31372.0
177.0,203.2575465738773,lstm,0.005254729010630399,42907.0
201.0,192.80905976891515,lstm,0.0038298900035442784,31921.0
173.0,193.97716268897054,lstm,0.0038266000046860427,44128.0
164.0,185.34716710448262,lstm,0.0028142629889771342,25513.0
151.00000000000003,173.97418484091756,lstm,0.014251382002839819,583434.0
182.0,162.89836183190343,lstm,0.0033871829946292564,30212.0
130.0,167.8632868826389,lstm,0.0034143249940825626,26855.0
220.0,151.44058331847188,lstm,0.0035310270031914115,23621.0
176.0,173.8718335330486,lstm,0.00557561099412851,57190.0
165.0,173.95661205053327,lstm,0.0017935989890247583,21179.0
142.99999999999997,170.93847200274465,lstm,0.003989288001321256,35705.0
183.0,159.3373094499111,lstm,0.0035490640002535656,33570.0
182.0,168.26792210340497,lstm,0.005326879007043317,59692.0
139.0,169.23194304108617,lstm,0.003238183999201283,31250.0
147.0,157.02720567584035,lstm,0.005426242991234176,50903.0
216.0,152.0904396474361,lstm,0.0019932540017180145,29907.0
199.0,174.3951870501041,lstm,0.003566464001778513,40100.0
207.0,181.465158611536,lstm,0.00279648500145413,28259.0
222.0,189.42948058247563,lstm,0.0019378919969312847,72571.0
241.99999999999997,202.4837054312229,lstm,0.0012826800084440038,31738.0
205.0,217.97460779547689,lstm,0.003889059997163713,36011.0
177.0,211.71270087361333,lstm,0.0012703200045507401,44433.0
177.0,198.54218706488606,lstm,0.0012694889883277938,41198.0
201.0,189.04436871409413,lstm,0.008256953005911782,190978.0
198.0,190.17307028174397,lstm,0.0037355039967224,35705.0
203.0,188.7861497700214,lstm,0.002877648003050126,40405.0
206.00000000000003,191.69970422983167,lstm,0.003088708996074274,22888.0
131.0,196.25971034169194,lstm,0.0016192100010812283,21362.0
172.0,172.6132422685623,lstm,0.005614565990981646,61157.0
183.0,169.7997339069843,lstm,0.005496558005688712,48889.0
170.0,190.95567519129222,svm,0.00037646200507879257,0.0
168.0,187.12093631314895,svm,0.0013580289960373193,15808.0
148.0,177.38151658394213,svm,0.000879655999597162,9704.0
156.0,179.20356687407755,svm,0.0010204430000158027,0.0
165.0,178.50244501721096,svm,0.00040489099046681076,16052.0
163.0,176.69633283152424,svm,0.0005894329951843247,0.0
131.99999999999997,176.01517228993833,svm,0.0012736419885186478,18006.0
145.0,166.96619743500588,svm,0.0011058660020353273,5188.0
167.0,167.7097177444836,svm,0.0013412590051302686,12696.0
174.0,172.1409749978685,svm,0.0009557809971738607,11474.0
144.0,174.86236764777175,svm,0.001210058995638974,8789.0
152.0,167.57834443694014,svm,0.0007163609989220276,8240.0
122.99999999999999,170.72588795724968,svm,0.0006554669962497428,9399.0
158.0,165.92944695144692,svm,0.0006162770005175844,9766.0
150.0,168.97532702881622,svm,0.0007866139931138605,6836.0
106.99999999999997,163.98840246401937,svm,0.0011762989888666198,7202.0
131.0,155.52774482378726,svm,0.0010868889949051663,11292.0
120.0,152.64201948529612,svm,0.0004918839986203238,8240.0
144.0,153.35691310231738,svm,0.0011098730028606951,20691.0
142.99999999999997,154.38004656459967,svm,0.0010484689992154017,11902.0
166.0,151.17509492049922,svm,0.001239585006260313,18310.0
120.99999999999999,162.49749337311036,svm,0.000960481003858149,13244.0
104.99999999999999,155.7945146497062,svm,0.0008878009975887835,15747.0
120.99999999999999,152.68612006556674,svm,0.0009149399993475527,5798.0
77.99999999999999,150.7371838953541,svm,0.0007306229963432997,13672.0
104.99999999999999,140.14964037504458,svm,0.000832406003610231,16418.0
82.0,132.67637151624376,svm,0.0007569419976789504,9461.0
124.99999999999997,124.60503689341995,svm,0.0005868979933438823,0.0
82.0,132.97068486247198,svm,0.0006716269999742508,17395.0
74.0,121.4708009166307,svm,0.0007945470133563504,5799.0
74.0,121.20697112939654,svm,0.00029594900843221694,14038.0
118.0,115.19304463036379,svm,0.0008326829993166029,7019.0
78.99999999999999,127.39962103268483,svm,0.0007267120090546086,6897.0
81.0,86.19802594184874,lstm,0.0017433080065529794,51330.0
87.99999999999999,84.14828673005103,lstm,0.0037974169972585514,38452.0
73.00000000000001,85.5502265691757,lstm,0.003295413000159897,33142.0
74.0,81.13369315862654,lstm,0.005602384000667371,61523.0
80.00000000000001,76.08917631208895,lstm,0.004711604007752612,37598.0
78.99999999999999,76.8350002914667,lstm,0.002730371998040937,22766.0
74.0,76.93587981164454,lstm,0.0036069449997739866,34973.0
66.0,74.89438615739344,lstm,0.003954571002395824,43213.0
80.00000000000001,71.39340221881865,lstm,0.0048700509942136705,47668.0
43.0,73.82492847740649,lstm,0.0046200229990063235,32836.0
58.0,62.11446352303027,lstm,0.0027996260032523423,60241.0
39.99999999999999,59.15696822106837,lstm,0.00514647200179752,38697.0
45.000000000000014,51.07327185571193,lstm,0.002866301001631655,24902.0
57.0,47.576135843992226,lstm,0.003972327001974918,33813.0
68.0,48.81652481853961,lstm,0.0032649259956087917,32226.0
63.000000000000014,55.7083036750555,lstm,0.003805995002039708,34424.0
37.00000000000001,58.046513274312005,lstm,0.0011913780035683885,17334.0
48.0,51.30499862134456,lstm,0.0037613170134136453,33874.0
58.99999999999999,49.95226614177226,lstm,0.003572054993128404,34973.0
58.0,52.333210781216614,lstm,0.0034597930061863735,27588.0
40.99999999999999,53.22688736021518,lstm,0.003749383002286777,41015.0
41.999999999999986,48.15121471881866,lstm,0.0027949929935857654,27465.0
45.000000000000014,46.16673067212104,lstm,0.0021626859961543232,31250.0
45.000000000000014,45.215051472187035,lstm,0.002752108994172886,33020.0
43.0,44.040946140885346,lstm,0.006013889011228457,67688.0
45.000000000000014,42.64591306447982,lstm,0.0036309029965195805,28626.0
31.999999999999993,43.28361384570598,lstm,0.0034322479914408177,35339.0
29.000000000000004,39.05697651207446,lstm,0.0033862689888337627,34179.0
39.0,34.77314338088035,lstm,0.0038014660094631836,42786.0
46.00000000000001,35.322492569684975,lstm,0.0013030769914621487,12695.0
36.00000000000001,38.43621015548705,lstm,0.0035812459973385558,26428.0
31.999999999999993,37.07803383469581,lstm,0.002875411999411881,24841.0
27.00000000000001,35.30557587742805,lstm,0.004221342998789623,39490.0
33.00000000000001,76.26507557813939,svm,0.000529525990714319,10681.0
39.99999999999999,76.60101368258819,svm,0.000730996995116584,11230.0
30.0,76.25950497852618,svm,0.0002566499897511676,0.0
39.0,74.43822838278159,svm,0.0007400169997708872,0.0
43.0,75.76650691276225,svm,0.0008930500043788925,12512.0
48.0,78.5310717096674,svm,0.0007934489985927939,8850.0
19.000000000000007,81.56704849883567,svm,0.0008976009994512424,8911.0
21.999999999999996,75.2229092338453,svm,0.0007945079996716231,11108.0
29.000000000000004,74.44147789922255,svm,0.0006742480036336929,6530.0
34.0,74.07056880831338,svm,0.0004989440058125183,7996.0
27.00000000000001,74.36797693210455,svm,0.0009660399955464527,19104.0
37.00000000000001,69.5388860230136,svm,0.0007101920054992661,7263.0
25.0,72.79536571353584,svm,0.0010283709998475388,9949.0
30.999999999999996,72.30778350850686,svm,0.0010866579978028312,11230.0
25.999999999999996,73.39234830541209,svm,0.0009399480040883645,12695.0
30.999999999999996,71.40240633249137,svm,0.0002637870056787506,11475.0
18.00000000000001,73.08735797659205,svm,0.00103130099887494,12390.0
21.0,68.66012393403877,svm,0.0009393780055688694,12452.0
16.999999999999996,68.65965971740437,svm,0.0009109529928537086,6775.0
16.0,66.16140052978346,svm,0.00093411399575416,8728.0
13.999999999999991,65.21656493984149,svm,0.0002906139998231083,0.0
24.000000000000004,62.128131670982704,svm,0.001334518994553946,15503.0
18.00000000000001,64.1485572028976,svm,0.0004867899988312274,10315.0
13.999999999999991,63.10623611972554,svm,0.0007631750049768016,8179.0
16.0,62.19250304429023,svm,0.0012135110009694472,8789.0
16.0,62.05447596498655,svm,0.000715118003427051,0.0
10.000000000000005,62.94979511392272,svm,0.0004548129945760593,0.0
21.0,60.311187763826,svm,0.0009349120082333684,7264.0
20.000000000000004,61.53347016227862,svm,0.000609780996455811,11536.0
13.999999999999991,62.46112973674669,svm,0.0010153480106964707,2624.0
15.000000000000004,61.66515294757847,svm,0.0007492590084439144,0.0
31.999999999999993,61.04449530734634,svm,0.0002579040010459721,19714.0
20.000000000000004,66.22948563616644,svm,0.0008888909942470491,7629.0
13.999999999999991,20.774642601609223,lstm,0.0034200169902760535,28565.0
12.999999999999995,18.247166424989693,lstm,0.007199961997685023,84716.0
11.999999999999998,16.326155439019196,lstm,0.004992217000108212,37476.0
15.000000000000004,14.527418091893187,lstm,0.004742819000966847,45959.0
13.999999999999991,13.48689079284667,lstm,0.005615734000457451,42785.0
12.999999999999995,13.136348202824584,lstm,0.003389674995560199,37110.0
11.000000000000002,12.862595692276946,lstm,0.003708909993292764,32165.0
11.000000000000002,12.000580281019202,lstm,0.005865853003342636,60974.0
16.0,11.419658586382859,lstm,0.0027989989903289825,25329.0
11.999999999999998,12.63226091861724,lstm,0.0035946089919889346,31860.0
11.000000000000002,12.187488451600066,lstm,0.003025974001502618,26978.0
7.999999999999996,11.539813205599778,lstm,0.004796374007128179,49927.0
11.999999999999998,10.105963945388787,lstm,0.004048810005770065,31372.0
12.999999999999995,10.477129295468323,lstm,0.005678898000041954,55054.0
11.000000000000002,10.891854241490357,lstm,0.0013238439860288054,22583.0
11.999999999999998,10.719034448266022,lstm,0.004029641000670381,32288.0
18.00000000000001,10.9828745573759,lstm,0.004121335005038418,36804.0
12.999999999999995,13.441788479685775,lstm,0.005900304997339845,55969.0
12.999999999999995,13.237006068229666,lstm,0.004728846994112246,28747.0
11.000000000000002,12.985037788748732,lstm,0.0033006110024871305,19775.0
20.000000000000004,12.183268144726744,lstm,0.0012724049884127453,53466.0
10.000000000000005,14.72213737666606,lstm,0.00393357100256253,43457.0
13.999999999999991,12.753603607416144,lstm,0.0030759090004721656,34302.0
18.00000000000001,12.959538623690596,lstm,0.0037703449925174937,39123.0
16.999999999999996,14.545549452304831,lstm,0.003268506989115849,31800.0
21.999999999999996,15.440813079476348,lstm,0.00445122599194292,46631.0
21.0,17.367516160011284,lstm,0.003495583005133085,23315.0
20.000000000000004,18.92038516700267,lstm,0.0014793909940635785,23804.0
25.0,19.396721273660653,lstm,0.003500635997625068,25574.0
25.0,21.25658214092254,lstm,0.004024480003863573,46387.0
12.999999999999995,22.63840459287166,lstm,0.004933250005706213,40527.0
21.999999999999996,19.080969616770737,lstm,0.0036646009975811467,39978.0
28.000000000000007,49.66987577873088,linear,0.00023488100850954652,0.0
27.00000000000001,50.46987956937921,linear,0.00020209699869155884,0.0
34.0,50.6698654445736,linear,0.0005261129990685731,4761.0
39.99999999999999,51.5667027992569,linear,0.0005608529900200665,9400.0
34.0,54.17763598375728,linear,0.0005229139933362603,6775.0
30.999999999999996,55.31117083099353,linear,0.0006911619857419282,2808.0
36.00000000000001,55.576799235914734,linear,0.0006706020067213103,6958.0
37.00000000000001,56.44285046785665,linear,0.0006164469959912822,9277.0
37.00000000000001,56.7374161907333,linear,0.0008759060001466423,6043.0
46.00000000000001,56.458419024734006,linear,0.0006986020016483963,11047.0
58.99999999999999,57.64221228953682,linear,0.0008563130104448646,5127.0
65.0,60.38176272561389,linear,0.001285791993723251,11902.0
41.999999999999986,63.20451639019311,linear,0.0008532630017725751,10315.0
72.00000000000001,63.61406767185325,linear,0.0007135939958970994,7263.0
53.0,67.01544602788253,linear,0.0005859020020579919,6043.0
85.99999999999999,67.66530993383161,linear,0.000781201000791043,10559.0
67.0,70.32245209293086,linear,0.0005610579974018037,8545.0
75.0,70.53699546508503,linear,0.0007493500015698373,4211.0
71.0,73.655424594629,linear,0.0008424069965258241,10925.0
82.0,73.58136517931668,linear,0.0006556799926329404,7934.0
90.0,76.35443002791364,linear,0.0002219909947598353,0.0
86.99999999999999,76.80744545224421,linear,0.0003970420075347647,8728.0
106.99999999999997,78.71944303727587,linear,0.0008599799912190065,11475.0
102.99999999999999,81.85192599995128,linear,0.0008023039990803227,7141.0
114.99999999999999,84.93028755560044,linear,0.0006870640063425526,7080.0
121.99999999999999,88.1157945924789,linear,0.0008805819961708039,6714.0
158.0,91.23146677953592,linear,0.000636427997960709,7752.0
100.0,98.14953381819556,linear,0.0005498840037034824,7691.0
132.99999999999997,97.35099264895908,linear,0.0008035490027396008,6042.0
111.0,100.21086005992194,linear,0.0005504419968929142,0.0
128.0,99.80925605083458,linear,0.0008062989945756271,7690.0
157.0,100.36215538533489,linear,0.00036395499773789197,0.0
141.99999999999997,100.46313838522298,linear,0.000691071996698156,7263.0
194.0,136.22861132025716,lstm,0.0012686200061580166,34485.0
216.0,156.35060891509053,lstm,0.0027696489996742457,17883.0
218.0,179.15721818804738,lstm,0.0035901860101148486,39795.0
155.0,194.57392826676366,lstm,0.005243972991593182,43457.0
204.0,181.20715245604512,lstm,0.0036949070054106414,35767.0
148.0,190.34191802144048,lstm,0.0035759979946305975,27161.0
176.0,173.5812175273895,lstm,0.002322063999599777,59204.0
168.99999999999997,171.03459924459455,lstm,0.00503141300578136,47241.0
160.00000000000003,166.64446935057637,lstm,0.006143927006633021,78491.0
167.0,163.78230333328244,lstm,0.00303755298955366,39306.0
156.0,161.75905629992482,lstm,0.0030843029962852597,24536.0
174.0,159.39121589064595,lstm,0.0015372239868156612,20080.0
213.0,162.70905092358586,lstm,0.004462738987058401,40405.0
198.0,179.2813980579376,lstm,0.0015253640012815595,17151.0
145.0,185.76671525835988,lstm,0.0022043859935365617,21057.0
171.0,171.06236815452573,lstm,0.0036986030027037486,32409.0
138.0,170.80239370465276,lstm,0.004183195997029543,46631.0
162.0,157.6677347719669,lstm,0.00470867998956237,34485.0
154.0,155.18903151154515,lstm,0.00350229098694399,41320.0
182.0,151.4821834862232,lstm,0.001316801004577428,53833.0
139.0,161.79395362734792,lstm,0.003526389002217911,31861.0
158.0,152.18867704272267,lstm,0.002546912000980228,18799.0
139.0,154.11753460764882,lstm,0.003861908000544645,34546.0
148.0,147.3045229911804,lstm,0.005007940999348648,38208.0
137.0,146.23463973402974,lstm,0.0056922210060292855,63415.0
131.0,140.11966332793233,lstm,0.004248466997523792,42724.0
151.00000000000003,136.05377003550527,lstm,0.001978221000172198,31433.0
152.0,139.382599145174,lstm,0.0025917170132743195,25695.0
154.0,143.07818710803983,lstm,0.0012702450039796531,28747.0
145.0,145.91074004769322,lstm,0.00245034099498298,86731.0
144.0,145.24478271603581,lstm,0.001946589007275179,47485.0
135.0,144.69383761286733,lstm,0.0019151659944327548,37964.0
120.99999999999999,110.03356103444777,linear,0.00029712700052186847,28931.0
128.0,106.99598656021915,linear,0.0003224170068278909,0.0
152.0,104.5126482216141,linear,0.0002901150000980124,0.0
152.0,105.28266559066597,linear,0.00020993099315091968,0.0
159.0,106.1061059067189,linear,0.000496399006806314,7996.0
168.0,108.44314429744567,linear,0.0003153630095766857,0.0
144.0,112.98159358600473,linear,0.0005677790031768382,10498.0
184.0,114.4218928509458,linear,0.00030412801424972713,0.0
144.0,117.5786763208949,linear,0.00047511199954897165,9399.0
160.00000000000003,116.74457289148877,linear,0.0005906099977437407,8178.0
165.0,116.80713096385466,linear,0.0006502169999293983,26001.0
147.0,116.59462525398266,linear,0.00024042499717324972,0.0
127.0,116.78680137952969,linear,0.0006584869988728315,0.0
119.0,111.26427855511857,linear,0.00020279599993955344,0.0
126.00000000000001,108.78574789793754,linear,0.0005069850012660027,7690.0
139.0,105.53398739935048,linear,0.0007347860082518309,13183.0
121.99999999999999,103.12331469057519,linear,0.0006757759983884171,0.0
162.0,100.71658795689596,linear,0.0009193320001941174,7812.0
174.0,104.18294814548234,linear,0.0006491020030807704,8118.0
149.0,109.56417220763328,linear,0.0006083930056774989,8545.0
148.0,111.6885427611881,linear,0.0004957280034432188,0.0
159.0,112.51416146336335,linear,0.0007183889974839985,8179.0
144.0,116.05195732808782,linear,0.0007812149997334927,16358.0
141.0,114.28526035168127,linear,0.0005186820053495467,7629.0
162.0,111.11100719897573,linear,0.0006001169967930764,9155.0
127.0,112.4248231093185,linear,0.0008771669963607565,14588.0
162.0,110.3214093369294,linear,0.00020033000328112394,0.0
157.0,110.67749392367824,linear,0.0006234650063561276,13000.0
168.0,111.97789123462009,linear,0.0005970150086795911,5737.0
149.0,114.5698920634976,linear,0.0006153220019768924,9766.0
175.0,113.31658974291722,linear,0.0005382239905884489,0.0
157.0,117.92952929457972,linear,0.0005616559938061982,0.0
166.0,117.44466873392504,linear,0.0007379000016953796,0.0
131.0,118.29054766704425,linear,0.0009219130006385967,16846.0
149.0,148.29012423753736,lstm,0.005043975004809909,59509.0
172.0,147.55084350705144,lstm,0.0053165980061749,49805.0
161.0,153.85548546910283,lstm,0.004629369999747723,34607.0
161.0,155.28453812003133,lstm,0.003792436997173354,46021.0
144.0,155.87649822235105,lstm,0.003428004987654276,30029.0
162.0,152.0333059132099,lstm,0.006670103000942618,80261.0
158.0,154.78907763957974,lstm,0.004502968993620016,39063.0
208.0,154.02186840772626,lstm,0.0039972320082597435,48767.0
176.0,171.97883084416387,lstm,0.002628369999001734,28564.0
234.0,172.89800658822057,lstm,0.0031044150091474876,34302.0
191.0,195.19906565546987,lstm,0.004862147005042061,56885.0
210.0,194.03851673007009,lstm,0.002111524998326786,33448.0
157.0,200.36486312747,lstm,0.003683129994897172,35034.0
170.0,183.05374950170514,lstm,0.0028864899941254407,27343.0
209.0,177.54892662167546,lstm,0.003478180995443836,40100.0
192.0,184.5159439742565,lstm,0.004459916992345825,52246.0
200.0,185.4712228477001,lstm,0.0037293519999366254,25269.0
200.0,188.14528375864026,lstm,0.0012694619945250452,46753.0
217.0,192.76600554585454,lstm,0.0015320820093620569,16296.0
158.0,201.24970898032186,lstm,0.0032859369966899976,30945.0
183.0,183.9356695115566,lstm,0.0035418629995547235,38086.0
170.0,182.01204299926755,lstm,0.003602924000006169,33386.0
193.0,175.4536861181259,lstm,0.005103332994622178,46020.0
132.99999999999997,179.1934986412525,lstm,0.004121072997804731,36377.0
184.0,159.4879814982414,lstm,0.001196237004478462,28259.0
193.0,167.34287694096562,lstm,0.002826808995450847,24170.0
186.0,174.50551792979238,lstm,0.0069658979919040576,72448.0
188.00000000000003,177.67842620611188,lstm,0.005465395995997824,49988.0
236.0,179.45363268256185,lstm,0.006120979989646003,45837.0
151.00000000000003,200.90935364365575,lstm,0.0045699530019192025,51026.0
199.0,182.4843095242977,lstm,0.0018336950015509501,44373.0
171.0,186.74674853682515,lstm,0.0036608750087907538,37049.0
215.00000000000003,130.81827872846094,linear,0.00020342199422884732,0.0
199.0,133.4525620020133,linear,0.0006988780078245327,0.0
209.0,130.03019113734317,linear,0.0006672620074823499,6592.0
181.0,135.53656366070243,linear,0.0006078979931771755,0.0
215.00000000000003,133.76351764023113,linear,0.00035986398870591074,0.0
170.0,137.99432176625274,linear,0.00044816599984187633,0.0
137.0,133.61193728099732,linear,0.0005887919978704304,7568.0
167.0,127.45868404782293,linear,0.0005110190104460344,13428.0
177.0,123.5062902951099,linear,0.0006216759938979521,7935.0
158.0,123.18356161266883,linear,0.0005962930008536205,0.0
161.0,117.72592235505219,linear,0.0005732029967475682,5005.0
181.0,116.87094958803254,linear,0.0005068850005045533,0.0
153.0,121.12911514744209,linear,0.0008079069957602769,9521.0
197.00000000000003,119.71963307161958,linear,0.0009247919952031225,10193.0
186.99999999999997,121.75331198905144,linear,0.0007311939989449456,9338.0
194.0,124.57976473610994,linear,0.0008364440000150353,8301.0
192.0,127.72309513531009,linear,0.0006736100040143356,6592.0
156.0,128.81233314115073,linear,0.000519307010108605,4822.0
168.0,128.9227807486749,linear,0.0005893130000913516,10803.0
180.0,126.12674430490777,linear,0.00038960900565143675,5860.0
188.00000000000003,125.51576058615,linear,0.0006288320000749081,0.0
160.00000000000003,124.99568905709988,linear,0.0005357020127121359,0.0
182.0,121.88650746275698,linear,0.00071754700911697,7813.0
193.0,124.38481256065893,linear,0.0006425030005630106,0.0
184.0,126.84892865007053,linear,0.000527447002241388,17212.0
177.99999999999997,127.21387388625651,linear,0.0006394579977495596,10620.0
160.00000000000003,126.24626545679887,linear,0.0004944030079059303,0.0
182.0,126.1478555937674,linear,0.0009195500024361536,12818.0
153.0,126.17797674528255,linear,0.00029334799910429865,24842.0
166.0,122.29942240219607,linear,0.0007503200031351298,7934.0
193.0,120.56995136897302,linear,0.0002812370075844228,0.0
138.0,122.14620689583096,linear,0.0008525789889972657,0.0
114.99999999999999,119.87705478210133,linear,0.000622243998805061,9277.0
165.0,141.07864826917645,lstm,0.0012000670103589073,25451.0
161.0,148.01972314715383,lstm,0.004143258003750816,45532.0
151.00000000000003,150.66550090909,lstm,0.004193893997580744,30884.0
142.99999999999997,147.66535922884938,lstm,0.005274242997984402,57434.0
139.0,145.722581744194,lstm,0.0019001129985554144,59021.0
151.00000000000003,144.05254602432248,lstm,0.005063816002802923,42358.0
147.0,144.4865460693836,lstm,0.003380874011781998,35767.0
141.99999999999997,143.61294254660604,lstm,0.003648573998361826,41382.0
129.0,141.80136695504186,lstm,0.0036488549958448857,33752.0
141.99999999999997,136.3271678984165,lstm,0.0017311169940512627,30151.0
155.0,137.35686957836148,lstm,0.0018570350075606257,47669.0
133.99999999999997,142.0843757688999,lstm,0.0023359350016107783,24414.0
173.0,138.12175586819646,lstm,0.0038874999881954864,42053.0
136.0,149.5994301140308,lstm,0.003195679993950762,30944.0
123.99999999999999,144.97085288166997,lstm,0.0032889120047912,21789.0
140.0,136.78292557597157,lstm,0.0029804689984302968,21179.0
161.0,136.09125629067418,lstm,0.0038576539955101907,53771.0
147.0,144.2100982367992,lstm,0.00349952100077644,30029.0
124.99999999999997,142.84236416220662,lstm,0.0033986619964707643,32715.0
130.0,136.07535034418103,lstm,0.010863657997106202,427000.0
121.99999999999999,133.71837988495824,lstm,0.0037769680056953803,36499.0
108.0,128.30369070172307,lstm,0.004415850009536371,37842.0
117.0,118.47292914986608,lstm,0.0032826620008563623,27161.0
142.99999999999997,115.66103443503377,lstm,0.0014697610022267327,20874.0
91.0,124.22017142176625,lstm,0.0037604099925374612,38696.0
131.99999999999997,111.42616927623746,lstm,0.0030897969991201535,23682.0
113.99999999999999,117.54180178046224,lstm,0.003681840011267923,37476.0
105.99999999999999,116.12136706709859,lstm,0.004020064996439032,32654.0
96.99999999999999,111.77115276455876,lstm,0.0036570070078596473,45654.0
115.99999999999997,104.18578952550885,lstm,0.0012704870023299009,38513.0
104.99999999999999,108.40964287519452,lstm,0.0036615830031223595,32593.0
122.99999999999999,105.31459748744962,lstm,0.002960508005344309,26062.0
117.0,92.43984037949586,linear,0.00020792000577785075,0.0
93.99999999999999,93.51730861982065,linear,0.0007749020005576313,8606.0
101.0,93.11710544789138,linear,0.000809614997706376,0.0
82.0,91.67094682533605,linear,0.0009912730020005256,10254.0
93.99999999999999,89.39718595515531,linear,0.0011489239986985922,4273.0
80.00000000000001,86.63110231681927,linear,0.0009352810011478141,13733.0
88.99999999999997,83.08719219986007,linear,0.0005921619886066765,9765.0
117.0,82.60487159287277,linear,0.0008205000049201772,8606.0
90.0,84.27339335511691,linear,0.0005838799988850951,0.0
78.99999999999999,84.98774865915102,linear,0.0008331620047101751,7934.0
82.0,83.47310045914713,linear,0.00018326401186641306,0.0
61.0,83.64378696155764,linear,0.0007748869975330308,10804.0
81.0,80.86583019374633,linear,0.000571035998291336,10986.0
63.000000000000014,77.47558161691359,linear,0.0007547650020569563,7508.0
75.99999999999999,74.87857557469951,linear,0.0009248930000467226,8179.0
81.0,74.59797613946881,linear,0.0007370780076598749,10070.0
54.000000000000014,74.5677952212575,linear,0.00019772100495174527,0.0
70.0,73.79154480622778,linear,0.0005520830018213019,4639.0
80.00000000000001,72.75935320496419,linear,0.0006257770000956953,10681.0
68.0,74.44091863663239,linear,0.0006835349922766909,9826.0
68.0,73.64747825779477,linear,0.0006232169980648905,4334.0
75.99999999999999,72.40676396961027,linear,0.0006667739944532514,9705.0
57.0,74.52474134880829,linear,0.0005241729959379882,0.0
61.0,73.21869241400056,linear,0.00018884299788624048,0.0
61.0,71.38802341366075,linear,0.0007007709937170148,6409.0
61.0,70.72587454747455,linear,0.0008662260079290718,8728.0
45.000000000000014,70.04736623687498,linear,0.0005427010037237778,7324.0
49.99999999999999,67.0425951170942,linear,0.00041854400478769094,0.0
56.00000000000001,66.35378458413555,linear,0.0007213459903141484,5859.0
50.999999999999986,65.9063035920668,linear,0.00024203599605243653,0.0
61.0,64.94326380090773,linear,0.00048274098662659526,8606.0
65.0,64.98513347297877,linear,0.00021123500482644886,0.0
58.99999999999999,66.92898695639938,linear,0.0006231760053196922,8667.0
72.00000000000001,58.546601906418786,lstm,0.0027373329940019175,94421.0
48.99999999999999,63.15959237515925,lstm,0.005288436994305812,39673.0
39.99999999999999,58.48842196166514,lstm,0.004878310995991342,44373.0
41.999999999999986,51.31697684526443,lstm,0.004241240996634588,29053.0
36.00000000000001,46.73630364239215,lstm,0.0028898520104121417,38574.0
28.000000000000007,41.778099164366715,lstm,0.004225494994898327,27527.0
39.99999999999999,34.8644296824932,lstm,0.004967230997863226,47790.0
35.0,35.53739130496978,lstm,0.004790363993379287,44556.0
28.000000000000007,34.85230959951877,lstm,0.004886591996182688,43334.0
36.00000000000001,31.788366809487332,lstm,0.0013125639961799607,39795.0
34.0,32.75350488722324,lstm,0.004851393998251297,47302.0
30.999999999999996,33.19207102060317,lstm,0.0013639940007124096,22583.0
31.999999999999993,31.80447667837142,lstm,0.004844928000238724,45532.0
24.000000000000004,31.44425220787524,lstm,0.005214960008743219,33326.0
28.000000000000007,28.71506132185458,lstm,0.00468249199911952,46265.0
25.0,27.737457379698743,lstm,0.001278788986383006,25268.0
27.00000000000001,26.158273518085473,lstm,0.012886555006843992,440123.0
25.0,25.92538528144359,lstm,0.0059645050059771165,51819.0
18.00000000000001,25.0478097051382,lstm,0.0019530610006768256,20325.0
21.999999999999996,22.361282929778092,lstm,0.003536996999173425,26428.0
19.000000000000007,21.62422761321067,lstm,0.004421648001880385,34912.0
21.999999999999996,20.255633518099778,lstm,0.0048821950040291995,56091.0
30.0,20.260607451200478,lstm,0.0019157119968440384,24903.0
19.000000000000007,23.265802860260003,lstm,0.0035274440015200526,38819.0
21.999999999999996,21.916102617979043,lstm,0.002736455004196614,25512.0
30.999999999999996,21.70235648751258,lstm,0.003913848995580338,28381.0
21.0,24.900152161717408,lstm,0.005440018008812331,38513.0
10.000000000000005,23.51082891225814,lstm,0.005421636000392027,53894.0
10.000000000000005,18.14415015280246,lstm,0.002021218999288976,47790.0
22.999999999999993,14.838789850473395,lstm,0.0037467170041054487,34057.0
22.999999999999993,16.976916119456284,lstm,0.0038851989957038313,28015.0
18.00000000000001,18.218466565012925,lstm,0.005046159989433363,48462.0
12.999999999999995,17.910384163260453,lstm,0.00551088601059746,56641.0
16.0,47.93515946233408,linear,0.001201929000671953,50659.0
15.000000000000004,48.49667905722641,linear,0.00034503200731705874,0.0
13.999999999999991,47.73323491252218,linear,0.0003250259906053543,0.0
7.999999999999996,46.87120292705653,linear,0.0003704670089064166,23071.0
11.999999999999998,45.895783485127744,linear,0.0003274310001870617,17212.0
15.000000000000004,45.79900600924196,linear,0.00057285200455226,5554.0
10.000000000000005,45.72292552812007,linear,0.0008530380000593141,6408.0
16.0,45.23361741244559,linear,0.0008588760101702064,6287.0
13.999999999999991,45.44247372812299,linear,0.00033881999843288213,11963.0
18.00000000000001,46.01776300579622,linear,0.0008150399953592569,6897.0
13.999999999999991,46.59920271161883,linear,0.0010206750012002885,9644.0
16.0,46.50256132084202,linear,0.0005239580059424043,5493.0
11.999999999999998,47.0698151789198,linear,0.0005009239976061508,7080.0
11.000000000000002,46.67882006510459,linear,0.0006016649858793244,9582.0
21.0,46.37587999357767,linear,0.0005675590073224157,22278.0
12.999999999999995,46.700557281079625,linear,0.0007084800017764792,7751.0
13.999999999999991,46.594568494696766,linear,0.0008389659924432635,10010.0
18.00000000000001,46.39470017693555,linear,0.0007602840050822124,23499.0
15.000000000000004,46.98632928754848,linear,0.0008015430066734552,6897.0
10.000000000000005,47.356353662241034,linear,0.0005143070011399686,5493.0
16.0,46.28781688994033,linear,0.0004718220006907359,0.0
9.000000000000009,46.58515499788773,linear,0.00032239899155683815,0.0
18.00000000000001,46.08962669679432,linear,0.00029890399309806526,14588.0
9.000000000000009,46.11045581312766,linear,0.0005647859943564981,8972.0
13.999999999999991,45.5274920127652,linear,0.00041951700404752046,14954.0
24.000000000000004,45.903810605992184,linear,0.0006539300084114075,9277.0
12.999999999999995,46.722362027382985,linear,0.0005000590026611462,0.0
19.000000000000007,47.07722185100361,linear,0.00019826200150419027,22034.0
12.999999999999995,47.18140135630874,linear,0.0006716169882565737,6592.0
19.000000000000007,47.550054571993385,linear,0.0007400640024570748,12269.0
12.999999999999995,48.027516592004304,linear,0.0007659560069441795,10620.0
21.0,46.97663747380725,linear,0.000740802992368117,5737.0
11.999999999999998,47.75253987497016,linear,0.0005177120037842542,0.0
21.0,14.801152870059004,lstm,0.005294212998705916,70617.0
24.000000000000004,16.847354471683495,lstm,0.002608876005979255,23498.0
24.000000000000004,19.1139518469572,lstm,0.004244042007485405,36560.0
33.00000000000001,21.041452884674065,lstm,0.003572984001948498,33264.0
25.0,25.147111043334,lstm,0.0012975709978491068,13733.0
25.999999999999996,25.695680007338517,lstm,0.0036308339913375676,23742.0
38.0,25.835189521312707,lstm,0.010656764992745593,435240.0
39.99999999999999,30.006351098418225,lstm,0.001959870001883246,21912.0
37.00000000000001,33.724601045250886,lstm,0.005407352990005165,51758.0
25.0,34.80423711240291,lstm,0.003752831995370798,44129.0
44.0,31.65377803146838,lstm,0.01354724500561133,363891.0
27.00000000000001,35.968873351812356,lstm,0.0020688239892479032,41382.0
36.00000000000001,32.46852777898311,lstm,0.0033271120046265423,87280.0
34.0,33.00501212477683,lstm,0.0021942929888609797,44311.0
44.0,32.91784860193729,lstm,0.002075365002383478,40588.0
48.99999999999999,37.00934745371341,lstm,0.00271880799846258,68115.0
68.0,40.74049770832061,lstm,0.0018528990040067583,51514.0
84.99999999999999,51.02698147296905,lstm,0.0035759759921347722,21729.0
68.0,63.8653766363859,lstm,0.0025520899944240227,31311.0
75.0,66.8913898617029,lstm,0.0035024300013901666,22034.0
71.0,70.73345616459845,lstm,0.0025663010019343346,24963.0
57.0,71.61641351878642,lstm,0.0028106090030632913,28687.0
59.99999999999999,66.15171901881693,lstm,0.004527086988673545,38513.0
53.0,62.45098866522311,lstm,0.002205543001764454,31067.0
58.0,58.31838615238665,lstm,0.0032301329920301214,31616.0
83.0,56.85237921774386,lstm,0.0033262949873460457,34546.0
88.99999999999997,65.05218721926211,lstm,0.002249341006972827,50110.0
75.0,73.83571863174437,lstm,0.006040470005245879,51635.0
93.0,74.82739321887492,lstm,0.0038764170021750033,47058.0
85.99999999999999,82.13454425334929,lstm,0.00448942999355495,39795.0
97.99999999999997,84.41867008805274,lstm,0.0043488770024850965,37048.0
101.0,88.89442965388297,lstm,0.0042565139883663505,34302.0
87.99999999999999,83.38055422858646,linear,0.0003677810018416494,0.0
106.99999999999997,84.56663739739155,linear,0.0007642770069651306,13672.0
189.0,85.95527663916037,linear,0.0004407379892654717,6775.0
191.0,96.1318969268431,linear,0.0005732459976570681,10864.0
177.0,105.20443754174707,linear,0.0006288020085776225,6897.0
197.00000000000003,112.44887011548646,linear,0.000513584993313998,6226.0
185.0,122.90758226997247,linear,0.00034564800444059074,6531.0
173.0,130.28816032317118,linear,0.00019346000044606626,0.0
215.00000000000003,128.68773948297672,linear,0.00030912300280760974,9034.0
239.0,131.12428344860703,linear,0.0008178569987649098,5127.0
215.00000000000003,137.20857505558075,linear,0.0007914629968581721,10376.0
297.0,138.9077981307964,linear,0.0006485740013886243,10620.0
268.99999999999994,149.88468321339212,linear,0.0006651739968219772,8606.0
209.0,159.09811276957464,linear,0.00020160900021437556,0.0
259.0,158.23066136126604,linear,0.0005438750085886568,8301.0
259.0,160.22654728550773,linear,0.0005796090117655694,5860.0
246.99999999999997,164.45449453372854,linear,0.0007981730013852939,0.0
286.99999999999994,159.65402137641033,linear,0.00025258799723815173,17578.0
300.99999999999994,161.55679516084354,linear,0.00022471899865195155,0.0
323.0,170.44290386987316,linear,0.00019702700956258923,0.0
281.0,176.6761348944439,linear,0.0002866180002456531,0.0
235.0,178.69080844148638,linear,0.0002084909938275814,0.0
271.0,177.25368156673622,linear,0.0004959810030413792,0.0
323.0,175.74207573196043,linear,0.0005681879993062466,13061.0
299.0,178.0814236499893,linear,0.0008098710095509887,0.0
268.99999999999994,175.846804317062,linear,0.0006849960045656189,8606.0
279.0,174.59153223213067,linear,0.0004161609977018088,0.0
315.0,178.74194995328605,linear,0.0006682839884888381,7141.0
307.0,183.0478130810112,linear,0.0002244159986730665,0.0
335.0,181.58484486126125,linear,0.0006222559895832092,7141.0
323.0,185.14546509363916,linear,0.0009158829925581813,13549.0
242.99999999999997,190.3190222453632,linear,0.0006471419910667464,8117.0
353.0,186.52840843713278,linear,0.00047137599904090166,0.0
339.00000000000006,297.4373773189517,svm,0.00037084300129208714,20569.0
242.99999999999997,303.35861522997686,svm,0.0009504030022071674,10742.0
363.0,282.1432960810406,svm,0.000685563005390577,0.0
359.0,292.4470484988359,svm,0.0008796289912424982,6530.0
309.0,314.3614778992224,svm,0.0009847990004345775,5127.0
299.0,304.5015165839418,svm,0.0008587909978814423,5920.0
321.00000000000006,290.5369517870371,svm,0.0003145929949823767,0.0
295.0,308.6578028508667,svm,0.0004280340072000399,0.0
277.0,298.3500272222399,svm,0.0011513049976201728,7874.0
315.0,283.321168421466,svm,0.0003999820037279278,27709.0
289.0,286.93772548142766,svm,0.0013298859994392842,17334.0
317.0,285.0802399881973,svm,0.0002547790063545108,0.0
255.0,286.19590729960936,svm,0.0005399299989221618,8118.0
309.0,273.3408202589905,svm,0.000312226009555161,0.0
341.0,284.55815101334264,svm,0.0007740349974483252,10132.0
286.99999999999994,290.301129736747,svm,0.0003132940037176013,5616.0
321.00000000000006,287.3564488856828,svm,0.0002436520007904619,0.0
281.0,286.5375707425496,svm,0.0007710159989073873,7324.0
321.00000000000006,288.18677770579933,svm,0.0008216099959099665,11841.0
275.0,295.9515746110213,svm,0.00026654799876268953,37536.0
327.0,279.9800465645999,svm,0.0006748830055585131,9155.0
279.0,292.3173773189518,svm,0.0007413369894493371,6042.0
284.99999999999994,279.9494082667276,svm,0.0010343039903091267,13001.0
303.0,283.19428254138876,svm,0.0011260500032221898,5982.0
337.0,279.65757074254947,svm,0.0009266050037695095,6470.0
317.0,294.92256107136956,svm,0.0006096959987189621,8667.0
305.0,289.5605494659535,svm,0.0002695500006666407,0.0
367.0,291.2227544949669,svm,0.0006569149991264567,9948.0
397.0,308.3003560423556,svm,0.00039424300484824926,0.0
351.0,326.471033024948,svm,0.0005694260034943,0.0
309.0,323.04975642920306,svm,0.0013091930013615638,21851.0
257.0,315.0643018837485,svm,0.0008323229994857684,0.0
345.0,305.28016261875825,svm,0.0003545950021361932,0.0
371.0,310.4489257931709,lstm,0.0030744609975954518,88379.0
295.0,323.1605610251426,lstm,0.0034021950123133138,28320.0
359.0,307.45555788278574,lstm,0.0029127820016583428,37231.0
363.0,322.48779445886606,lstm,0.003542956997989677,28992.0
303.0,335.87347298860544,lstm,0.002743182994890958,31677.0
403.0,319.4991078972816,lstm,0.0012634529994102195,53100.0
373.0,342.7609428763389,lstm,0.0024452479992760345,20446.0
289.0,350.531698167324,lstm,0.0013365709892241284,22644.0
387.0,323.9209255576133,lstm,0.001228179011377506,33325.0
349.0,341.03033334016794,lstm,0.0012167390086688101,31983.0
381.0,340.88989287614817,lstm,0.0016553549939999357,30579.0
373.0,347.362992465496,lstm,0.002030301999184303,32654.0
401.0,350.1213708519935,lstm,0.0031442899926332757,38147.0
435.0,366.17492169141764,lstm,0.0012675170000875369,31982.0
373.0,383.31560939550394,lstm,0.0036052829964319244,30151.0
405.0,375.12700825929636,lstm,0.0011736720043700188,28443.0
375.00000000000006,380.2288272976875,lstm,0.002515801999834366,46692.0
349.0,373.1691405177116,lstm,0.0019835690036416054,46081.0
345.0,358.4239557385444,lstm,0.011910759989405051,339782.0
335.0,345.5581906437873,lstm,0.001752124007907696,51635.0
303.0,336.3406857848167,lstm,0.0013742239971179515,39307.0
337.0,317.22063869237894,lstm,0.0019779779977397993,44128.0
381.0,317.9323455691337,lstm,0.0019703690049936995,40771.0
345.0,334.5121225714683,lstm,0.004756787995574996,51574.0
365.0,332.8886520862579,lstm,0.003348901998833753,41992.0
309.0,339.9472394585609,lstm,0.004161272008786909,37537.0
359.0,326.6626355051994,lstm,0.0013138950016582385,38941.0
333.0,334.08512681722635,lstm,0.0011576830002013594,25024.0
405.0,326.959333717823,lstm,0.0033117659913841635,25574.0
399.0,349.3559703230857,lstm,0.0034673729969654232,32287.0
369.0,360.3784897923469,lstm,0.0031889689998934045,32837.0
369.0,360.6668892502784,lstm,0.0029365289956331253,38757.0
381.0,358.97160261869425,lstm,0.001845399005105719,71838.0
381.0,352.0035668740774,svm,0.0006671559967799112,48157.0
293.0,349.416023353768,svm,0.001016480993712321,9155.0
325.0,325.093857009474,svm,0.0011062340054195374,6653.0
375.00000000000006,321.3070871835551,svm,0.0004874660080531612,0.0
341.0,328.50027867291686,svm,0.0009620049968361855,9156.0
381.0,322.25037538471577,svm,0.0010236900125164539,8972.0
248.99999999999997,321.0031800268822,svm,0.0002980540011776611,0.0
329.0,302.6239150365532,svm,0.0010767050116555765,9155.0
375.00000000000006,312.70267712552794,svm,0.0010074809979414567,11841.0
359.0,316.42569453365206,svm,0.0006901599990669638,9399.0
357.00000000000006,322.2085958876173,svm,0.0009613919974071905,5249.0
389.0,310.63072354719145,svm,0.0007488080009352416,8056.0
323.0,334.88016261875816,svm,0.0003534659917932004,0.0
355.0,330.17424385666936,svm,0.0003639359929366037,12146.0
331.0,329.24952432088605,svm,0.0012946829956490546,11475.0
311.0,322.9395823479652,svm,0.0008860719972290099,7691.0
293.0,317.4271645529942,svm,0.0006199540075613186,0.0
353.0,299.1289827348127,svm,0.0006723920087097213,6958.0
349.0,311.0909169707891,svm,0.0008060309919528663,10254.0
335.0,310.035597821853,svm,0.00044457199692260474,36255.0
323.0,308.3337796400347,svm,0.0008479429961880669,7202.0
365.0,306.32929221256876,svm,0.0006616780010517687,17761.0
423.0,322.8092922125687,svm,0.0012332559999777004,11658.0
311.0,338.60348950463816,svm,0.000803562012151815,10010.0
329.0,322.28751271547003,svm,0.0006588980031665415,8179.0
263.0,320.288595887617,svm,0.00037312100175768137,27099.0
323.0,306.91420517195,svm,0.00038763000338803977,8545.0
282.99999999999994,311.93548176769445,svm,0.001161799009423703,14526.0
293.0,284.95087828606995,svm,0.0008966890018200502,7996.0
275.0,285.24178737697883,svm,0.0008686219953233376,8118.0
299.0,272.2177254814277,svm,0.0009053849935298786,9704.0
281.0,282.7956751912922,svm,0.0002659580059116706,0.0
300.99999999999994,273.7505688083132,svm,0.0003559840115485713,0.0
275.0,282.483824789524,lstm,0.001882633994682692,44800.0
261.0,276.3562229275703,lstm,0.00413960000150837,31006.0
263.0,268.4334301948547,lstm,0.004472567001357675,33752.0
271.0,262.53581732511515,lstm,0.0043176790059078485,36560.0
239.0,262.1699628233909,lstm,0.0033310919970972463,22217.0
241.0,249.4545683264732,lstm,0.0020850639994023368,56884.0
127.0,243.08410376310346,lstm,0.0019166650017723441,23560.0
239.0,198.780013769865,lstm,0.002966634987387806,25085.0
246.99999999999997,208.6105979979038,lstm,0.004899247011053376,48889.0
228.99999999999997,217.08711981773374,lstm,0.0033869120088638738,28198.0
207.0,218.33000019192693,lstm,0.004806561992154457,62134.0
241.0,211.54800251126287,lstm,0.015304700005799532,626585.0
197.00000000000003,225.01517906785008,lstm,0.0019089759880444035,45532.0
230.99999999999997,212.39218801259992,lstm,0.0050829249958042055,33142.0
193.0,215.6806759536266,lstm,0.005390435006120242,45715.0
215.00000000000003,205.17344176769254,lstm,0.005189032992348075,36987.0
230.99999999999997,207.13029876351354,lstm,0.005393822997575626,49866.0
145.0,212.25130423903462,lstm,0.003084034993662499,101379.0
195.0,187.42563277482984,lstm,0.002319054998224601,78125.0
195.0,186.69128164649007,lstm,0.004462782992050052,34302.0
235.0,187.90660589933393,lstm,0.0035247430059826,32654.0
183.0,201.87326818704602,lstm,0.0033207699889317155,26001.0
205.0,192.10347056388852,lstm,0.003888767008902505,26917.0
203.0,197.9986363649368,lstm,0.0033427419984946027,19470.0
186.99999999999997,198.49665030837056,lstm,0.00124760800099466,49317.0
185.0,193.1139503419399,lstm,0.0026987980090780184,27466.0
189.0,186.6703929007053,lstm,0.003369592988747172,36682.0
147.0,186.39883920550344,lstm,0.0033911700011231005,24170.0
173.0,170.02780780196187,lstm,0.0019567910057958215,48584.0
183.0,168.23187217116353,lstm,0.002143791993148625,49438.0
173.0,171.3364930450916,lstm,0.011691124993376434,282653.0
173.0,170.0494413077831,lstm,0.01137218800431583,255065.0
163.0,181.90994985280076,svm,0.0002600029984023422,0.0
167.0,183.97664230928055,svm,0.00025035599537659436,0.0
167.0,184.169446951447,svm,0.0009426250035176054,9399.0
153.0,181.70569453365204,svm,0.000779107998823747,5737.0
127.0,177.8641471448705,svm,0.0005401460075518116,9766.0
112.99999999999999,168.4622129088938,svm,0.0003822069993475452,0.0
131.0,160.4136249011569,svm,0.00031622700043953955,0.0
151.00000000000003,157.80813167098282,svm,0.00042031300836242735,0.0
159.0,157.98979511392272,svm,0.00028461999318096787,0.0
186.99999999999997,158.89254172900968,svm,0.0008647189970361069,6225.0
151.00000000000003,168.5819808005766,svm,0.0011141720024170354,9460.0
147.0,170.52395372127282,svm,0.0003116160078207031,0.0
147.0,172.40186474641783,svm,0.00030153999978210777,0.0
161.0,171.69996919516058,svm,0.00026328201056458056,0.0
131.0,175.51675836343924,svm,0.00027727099950425327,0.0
135.0,163.72101368258802,svm,0.0002703950012801215,0.0
153.0,161.445114262859,svm,0.0003354499931447208,9643.0
127.0,163.92434056846832,svm,0.0003289729938842356,0.0
124.99999999999997,160.16047209651475,svm,0.00039926198951434344,26490.0
117.0,153.4033347657602,svm,0.0008196550043066964,7141.0
151.00000000000003,150.60132316034438,svm,0.0005389040015870705,0.0
102.99999999999999,157.51505623577953,svm,0.0010016900050686672,36499.0
127.0,145.33617809264615,svm,0.0003768800088437274,19837.0
149.0,147.1890214195321,svm,0.00047837800229899585,0.0
111.0,151.9193889243676,svm,0.0003952289989683777,0.0
104.99999999999999,150.04890536537346,svm,0.0004439129988895729,0.0
120.99999999999999,140.13540439825547,svm,0.0010686470050131902,12818.0
83.0,144.8072806071528,svm,0.00039239099714905024,31250.0
104.99999999999999,137.23559782185305,svm,0.0006640100036747754,8545.0
129.0,131.6241471448705,svm,0.0009485329937888309,5616.0
86.99999999999999,136.21401174835202,svm,0.00041622000571805984,17883.0
93.0,131.34314134216254,svm,0.0005169810028746724,39672.0
96.99999999999999,125.46430188374862,svm,0.0004246280004736036,0.0
81.0,128.40155526866172,svm,0.00025803899916354567,0.0
65.0,90.186570584774,lstm,0.0013319510035216808,29602.0
71.0,78.54704402387141,lstm,0.00213676699786447,69641.0
61.0,74.76704992353915,lstm,0.0034129380073864013,29724.0
65.0,68.30974988639353,lstm,0.012343996990239248,450805.0
76.99999999999999,65.07826268672942,lstm,0.001876092006568797,15808.0
61.0,68.06419186294077,lstm,0.0027343010006006807,26123.0
73.00000000000001,65.39934292435645,lstm,0.0020431930024642497,19470.0
84.99999999999999,67.4149916321039,lstm,0.002184805998695083,34302.0
48.99999999999999,73.67062129080294,lstm,0.0019202080002287403,22522.0
45.000000000000014,65.04456229507922,lstm,0.0020737390004796907,57800.0
68.99999999999999,56.754824519157395,lstm,0.0014496049989247695,44739.0
48.99999999999999,60.295458063483224,lstm,0.0030126719939289615,20264.0
37.00000000000001,55.21924458444118,lstm,0.0032292630057781935,24903.0
43.0,46.78669907152652,lstm,0.0035533280024537817,29296.0
48.99999999999999,44.86437588930129,lstm,0.0033622670016484335,29357.0
47.00000000000001,45.889103636145585,lstm,0.0034840540029108524,24231.0
58.99999999999999,44.76533167064189,lstm,0.0018923040042864159,54871.0
40.99999999999999,49.36390571296214,lstm,0.0018900300055975094,16357.0
47.00000000000001,46.8706353008747,lstm,0.004266354997525923,30090.0
29.000000000000004,46.76208652555942,lstm,0.002491983992513269,29114.0
40.99999999999999,39.98548835515975,lstm,0.0032766920048743486,22766.0
45.000000000000014,39.484708160161965,lstm,0.004168579005636275,40527.0
30.999999999999996,40.08502021431922,lstm,0.0019672780035762116,52796.0
25.0,36.58224530518054,lstm,0.00183648600068409,47424.0
67.0,31.599880456924428,lstm,0.003848616994218901,26001.0
40.99999999999999,43.921518549323075,lstm,0.0036561610031640157,23376.0
43.0,43.007343336939805,lstm,0.0031597630004398525,22338.0
27.00000000000001,42.70573325455188,lstm,0.0026273670082446188,38208.0
22.999999999999993,37.48434476554393,lstm,0.0022480540064862,49560.0
58.99999999999999,32.48946085572242,lstm,0.002122200996382162,63110.0
30.999999999999996,39.603311195969574,lstm,0.002016605998505838,22155.0
37.00000000000001,36.41470976173877,lstm,0.005636895992211066,42846.0
35.0,76.77292857620509,svm,0.0005671059916494414,0.0
30.999999999999996,76.79118776382593,svm,0.0008494689973304048,12574.0
19.000000000000007,79.66499820870027,svm,0.0006932899996172637,7507.0
21.0,71.74298660328441,svm,0.0003691540041472763,17090.0
22.999999999999993,70.8337409553154,svm,0.0006456180126406252,6408.0
37.00000000000001,69.27830575222058,svm,0.0007594329945277423,7996.0
21.0,71.08410846015094,svm,0.0007932229927973822,7019.0
29.000000000000004,67.69656493984145,svm,0.0007064029923640192,6348.0
30.999999999999996,69.62739666131144,svm,0.000780059999669902,9094.0
39.0,71.07080091663073,svm,0.0002659370074979961,24292.0
39.0,74.98290923384536,svm,0.00028772500809282064,0.0
22.999999999999993,74.41718389535407,svm,0.0008260470058303326,8972.0
21.0,73.32472741566359,svm,0.00123698401148431,15502.0
22.999999999999993,71.79219356653391,svm,0.0011152609949931502,12329.0
27.00000000000001,71.35613940792666,svm,0.0009380789997521788,5554.0
27.00000000000001,70.59358621643722,svm,0.0006837719993200153,4028.0
30.999999999999996,68.37710652591498,svm,0.0002673150011105463,26550.0
25.0,69.68155526866158,svm,0.00027014000806957483,10499.0
29.000000000000004,69.63637151624386,svm,0.0002654529962455854,0.0
21.0,70.92813167098267,svm,0.0010924239904852584,8423.0
30.999999999999996,69.30151658394203,svm,0.00046793300134595484,52369.0
45.000000000000014,71.06089762842952,svm,0.000761058006901294,6042.0
29.000000000000004,74.11420517194982,svm,0.0003580409975256771,27588.0
33.00000000000001,73.48658428220128,svm,0.00037934099964331836,22217.0
37.00000000000001,73.58190343113742,svm,0.001291373002459295,8851.0
40.99999999999999,76.3340891177912,svm,0.0012090009986422956,5493.0
16.999999999999996,79.08998853752038,svm,0.0012468930071918294,12513.0
57.0,72.17130381798464,svm,0.0008722119964659214,7995.0
39.0,79.7330833150833,svm,0.0009141189948422834,17761.0
48.99999999999999,79.32983379864231,svm,0.00027837899688165635,20325.0
40.99999999999999,82.28627480444499,svm,0.0005941090057604015,9705.0
40.99999999999999,79.64395372127282,svm,0.0007335679983953014,6042.0
43.0,84.88960169032501,svm,0.0009112069965340197,9277.0
50.999999999999986,41.593380942940705,lstm,0.001169473005575128,18799.0
50.999999999999986,44.77574057877063,lstm,0.0021043449960416183,16053.0
39.0,46.55021116137504,lstm,0.0019194630003767088,42969.0
53.0,43.946831524372094,lstm,0.00233694700000342,51208.0
63.000000000000014,46.971239969134324,lstm,0.003913610999006778,34668.0
47.00000000000001,52.610155120491974,lstm,0.0031618689972674474,29236.0
55.00000000000001,50.51883347332477,lstm,0.003640515002189204,33325.0
81.0,51.78567916154861,lstm,0.004326374997617677,33264.0
67.0,62.55445711314677,lstm,0.0019963469967478886,39917.0
75.0,64.47974160313605,lstm,0.001890447994810529,39184.0
94.99999999999999,68.05990062654017,lstm,0.0021079800062580034,21180.0
94.99999999999999,78.49492855370043,lstm,0.0033258850016864017,32959.0
76.99999999999999,85.34880444407462,lstm,0.004497792993788607,32776.0
94.99999999999999,82.29796588420866,lstm,0.004305972994188778,39917.0
75.0,87.18226179480551,lstm,0.002520529000321403,31982.0
68.99999999999999,83.01297098398207,lstm,0.0020683550101239234,45654.0
76.99999999999999,76.82631142437457,lstm,0.002115898998454213,48767.0
83.0,75.36938346922396,lstm,0.0034007959911832586,37110.0
101.0,77.5109852850437,lstm,0.004515464999713004,36743.0
88.99999999999997,84.56872150301932,lstm,0.004232225997839123,33447.0
88.99999999999997,86.38036802411078,lstm,0.004919140003039502,36316.0
102.99999999999999,87.85355657339095,lstm,0.0018901360017480329,49438.0
112.99999999999999,93.36389422416686,lstm,0.0019091160065727308,42602.0
131.0,100.45431122183797,lstm,0.0035469190042931587,31005.0
131.0,110.897371917963,lstm,0.0030207639938453212,17761.0
109.0,118.81324902176854,lstm,0.0054138859995873645,51025.0
111.0,116.37483373284337,lstm,0.003015677008079365,32044.0
120.99999999999999,114.5050427317619,lstm,0.0020933190098730847,45471.0
129.0,116.17254272103307,lstm,0.0019037889869650826,55054.0
120.99999999999999,119.27505344152448,lstm,0.004076858007465489,28260.0
147.0,118.6591191589832,lstm,0.0036063130100956187,39917.0
122.99999999999999,128.68006050586698,lstm,0.004071998002473265,30517.0
141.0,126.93464443087575,lstm,0.004728259998955764,36011.0
135.0,103.43023783266372,linear,0.0007705049938522279,0.0
142.99999999999997,104.02796992733533,linear,0.00027176199364475906,25146.0
175.0,106.12348974736221,linear,0.000316356003168039,21423.0
155.0,108.95821693692056,linear,0.0006505950004793704,9827.0
183.0,111.99690187612876,linear,0.0007408520032186061,3784.0
183.0,116.08298255457017,linear,0.00027396999939810485,0.0
171.0,120.72653329523293,linear,0.0007111340091796592,5371.0
173.0,123.3317106758499,linear,0.0006843059964012355,12146.0
165.0,123.14396809186427,linear,0.0002725369995459914,0.0
171.0,124.04811136401058,linear,0.0002932570059783757,18311.0
161.0,122.9043231891223,linear,0.0002785130054689944,26367.0
149.0,120.78719690490998,linear,0.0006379789992934093,8117.0
191.0,118.616350388335,linear,0.0008101209969026968,13855.0
221.0,120.47220734792923,linear,0.00032761599868535995,0.0
239.0,126.01775823706761,linear,0.0002672749978955835,26001.0
228.99999999999997,132.66232912811523,linear,0.00029972199990879744,8850.0
273.0,139.18607124872813,linear,0.0007408109959214926,16113.0
227.0,151.14976888392818,linear,0.0008350829884875566,9948.0
205.0,154.49129047135838,linear,0.0006450040091294795,7080.0
279.0,152.7706995005081,linear,0.0006246749981073663,7080.0
217.0,156.82789867272797,linear,0.00020783299987670034,0.0
179.0,155.56298252080134,linear,0.0002382950042374432,0.0
253.0,146.35229728086935,linear,0.00027435699303168803,0.0
293.0,149.0494685579799,linear,0.0005195920093683526,0.0
303.0,157.6877285149882,linear,0.0002590950025478378,0.0
277.0,160.16540754128465,linear,0.0005149170028744265,5493.0
259.0,165.87765889882354,linear,0.0007032579887891188,3907.0
228.99999999999997,173.34450717350578,linear,0.00021929200738668442,20569.0
271.0,170.86316662037007,linear,0.0002036669902736321,0.0
271.0,168.834519511403,linear,0.0006191420106915757,7629.0
264.99999999999994,165.88207270797636,linear,0.0005516819946933538,5493.0
197.00000000000003,164.73062283713674,linear,0.0007200630061561242,6408.0
268.99999999999994,158.57365758275083,linear,0.0006864140013931319,6164.0
291.0,243.78077358007428,lstm,0.001275807007914409,25391.0
257.0,256.7210146784782,lstm,0.00135609699646011,36316.0
213.0,253.46790283918378,lstm,0.002053372998489067,15808.0
259.0,236.40353530645368,lstm,0.0029351619887165725,24048.0
259.0,244.8254236578941,lstm,0.0031109520059544593,18555.0
291.0,246.30675137042996,lstm,0.0030975529953138903,29358.0
321.00000000000006,257.53947049379343,lstm,0.0027594950079219416,17029.0
250.99999999999994,277.3972555994987,lstm,0.0012748510052915663,23560.0
295.0,268.41945707798,lstm,0.0012935419945279136,30639.0
227.0,276.1409163475036,lstm,0.003477458012639545,32653.0
327.0,256.84960991144175,lstm,0.0012084910122212023,39978.0
264.99999999999994,277.9093667864799,lstm,0.00306510399968829,31494.0
313.0,267.84549534320826,lstm,0.003053282998735085,30456.0
289.0,282.28284597396845,lstm,0.0013356340059544891,60730.0
307.0,280.9377738833427,lstm,0.0012671159929595888,25207.0
327.0,290.1785790920257,lstm,0.0032529570016777143,22400.0
261.0,298.1010171771049,lstm,0.003417899992200546,21179.0
307.0,283.3595207333564,lstm,0.0038518780056620017,24048.0
315.0,287.7438166737556,lstm,0.0027806750003946945,14343.0
297.0,294.1846433281898,lstm,0.0033810050081228837,22095.0
303.0,291.22858434915537,lstm,0.001422265006112866,33203.0
309.0,290.5615630745887,lstm,0.0029129159956937656,19531.0
284.99999999999994,295.58003991842264,lstm,0.003278218995546922,24231.0
317.0,288.08378189802164,lstm,0.002811026992276311,25330.0
355.0,294.0763339400291,lstm,0.0037242069956846535,29419.0
289.0,312.01001375913614,lstm,0.0016652819904265925,20630.0
335.0,300.4183912277221,lstm,0.0013072909932816401,28869.0
281.0,309.2592248320579,lstm,0.0012552180123748258,29846.0
271.0,296.9693365693092,lstm,0.0033416410005884245,29908.0
357.00000000000006,283.9779552817344,lstm,0.0032988309976644814,20630.0
277.0,303.3726415038108,lstm,0.007952284999191761,350097.0
297.0,290.9013155102729,lstm,0.004081719001987949,30029.0
317.0,182.83228134774905,linear,0.0002832570025930181,33569.0
293.0,186.40022148552404,linear,0.00029431600705720484,27588.0
361.0,188.37266592900005,linear,0.00042741300421766937,0.0
300.99999999999994,189.03054087203498,linear,0.0006491420062957332,0.0
300.99999999999994,191.23229538634249,linear,0.0008592759986640885,7934.0
284.99999999999994,191.47401375593435,linear,0.0005613140092464164,7813.0
345.0,188.37875982804184,linear,0.0005282450001686811,10559.0
345.0,193.46645742746927,linear,0.00019680900732055306,0.0
307.0,192.11729822082182,linear,0.0001969779987121001,0.0
353.0,192.55754895917474,linear,0.0006172540015541017,8301.0
413.0,197.63888934602753,linear,0.00047232799988705665,7324.0
313.0,210.13579354903027,linear,0.00022615199850406498,10925.0
341.0,206.8393992075413,linear,0.000591030009672977,8789.0
284.99999999999994,206.39396778405245,linear,0.0003415259998291731,0.0
211.0,204.09850421579011,linear,0.0002647579967742786,0.0
305.0,190.06714110174232,linear,0.0004090510046808049,8301.0
277.0,180.01413742860348,linear,0.0005537129909498617,6408.0
284.99999999999994,176.6282240253468,linear,0.0004965400003129616,6042.0
246.99999999999997,171.29672253008334,linear,0.0006596399907721207,6531.0
289.0,167.61728518628144,linear,0.0006273530016187578,0.0
389.0,175.05959779632707,linear,0.0002667769877007231,0.0
325.0,183.56836245949137,linear,0.0002744590019574389,0.0
367.0,188.13042043746808,linear,0.0007286299951374531,7935.0
333.0,196.0404672334093,linear,0.0006315770006040111,0.0
347.0,204.19506460771083,linear,0.00042735799797810614,8484.0
289.0,209.62544810565552,linear,0.0006446879997383803,9460.0
379.0,199.9410399479657,linear,0.00018774199998006225,0.0
300.99999999999994,205.26881088220304,linear,0.0002042720007011667,0.0
259.0,198.8904508623425,linear,0.0003495779965305701,0.0
327.0,191.48607575760911,linear,0.0005084750009700656,9644.0
295.0,189.78727746794598,linear,0.0005066430021543056,6469.0
309.0,190.29184740844417,linear,0.0005866779974894598,6652.0
325.0,183.65597303160303,linear,0.0005612170061795041,6348.0
279.0,186.08201052407858,linear,0.00022522200015373528,0.0
271.0,187.795979901422,linear,0.0002638279984239489,13855.0
351.0,182.347048849638,linear,0.0002430379972793162,0.0
255.0,187.9604862568102,linear,0.0006570450059371069,6286.0
268.99999999999994,182.59546180298202,linear,0.0007314810063689947,3357.0
257.0,177.13830928276766,linear,0.000726235011825338,6530.0
313.0,175.0261254767401,linear,0.00023083100677467883,0.0
297.0,179.1378304622578,linear,0.0001985179987968877,0.0
248.99999999999997,174.1233203176263,linear,0.000192115010577254,0.0
331.0,173.33272158201936,linear,0.0005128129996592179,6653.0
241.0,179.47436084829397,linear,0.00048178799625020474,4090.0
311.0,177.73126296142584,linear,0.0005173719982849434,8972.0
275.0,177.62277423177397,linear,0.0008241720061050728,8850.0
297.0,175.5797775420692,linear,0.00021914500393904746,0.0
291.0,180.09561716105497,linear,0.00021473399829119444,0.0
250.99999999999994,176.38236773904424,linear,0.0004607980081345886,5676.0
295.0,177.1138551831282,linear,0.0006088230002205819,4516.0
307.0,175.6943998846387,linear,0.0005655720015056431,7263.0
284.99999999999994,178.86602529883055,linear,0.0007466759998351336,10193.0
264.99999999999994,177.66971794158079,linear,0.0002994999958900735,0.0
257.0,175.10717902042828,linear,0.0001954140025191009,0.0
227.0,175.56760165373106,linear,0.00023056099598761648,24292.0
221.0,168.92272055642806,linear,0.0005770980060333386,7386.0
228.99999999999997,160.63032695960496,linear,0.0005112109938636422,0.0
215.00000000000003,155.3057410186058,linear,0.0006707080028718337,0.0
232.99999999999994,150.49356205245462,linear,0.0005145189934410155,0.0
271.0,148.26232109798792,linear,0.00021183300123084337,26184.0
232.99999999999994,152.6514977586559,linear,0.00023439199139829725,0.0
273.0,153.7342053252117,linear,0.0005557039985433221,5432.0
217.0,158.0263060006525,linear,0.0006515170098282397,8362.0
237.0,158.08174525980928,linear,0.0005024590063840151,8423.0
227.0,158.3834326628367,linear,0.0001870660053100437,0.0
209.0,154.21511460920192,linear,0.0003855380055028945,0.0
213.0,151.79213480702592,linear,0.00021403699065558612,0.0
225.0,212.33294412493703,lstm,0.0012267620040802285,25329.0
221.0,214.9708132445812,lstm,0.0027726230036932975,21972.0
197.00000000000003,214.24197688698766,lstm,0.0030354199989233166,29235.0
225.0,205.80122128129003,lstm,0.0029487860010704026,25269.0
177.0,211.02780535817143,lstm,0.0031613930041203275,24475.0
197.00000000000003,197.12856158614156,lstm,0.0019207349978387356,50904.0
193.0,194.27371904253957,lstm,0.0018945929914480075,41748.0
159.0,190.98092213273046,lstm,0.0035870860010618344,35279.0
139.0,177.8727553784847,lstm,0.005223583008046262,35034.0
168.99999999999997,160.31620785593984,lstm,0.004510530998231843,29541.0
171.0,161.430439800024,lstm,0.0019474620057735592,47974.0
195.0,161.81397348642346,lstm,0.001936426997417584,56335.0
185.0,170.981650352478,lstm,0.0018810290057444945,42175.0
139.0,175.56658819317815,lstm,0.011789424999733455,411986.0
131.0,163.37481319904325,lstm,0.003344620010466315,33447.0
129.0,150.47241300344464,lstm,0.003306999002234079,27404.0
159.0,140.60657680034635,lstm,0.0039482139982283115,28442.0
151.00000000000003,143.2718779146671,lstm,0.0028023670020047575,27466.0
117.0,142.94214427471158,lstm,0.0012617220054380596,28564.0
139.0,133.12333434820172,lstm,0.0016568779974477366,56397.0
111.0,134.5389103889465,lstm,0.0037340890121413395,37537.0
111.0,125.54614573717114,lstm,0.00299049899331294,26856.0
73.00000000000001,117.72625401616094,lstm,0.024919652991229668,899168.0
106.99999999999997,99.21889618039128,lstm,0.0021166730002732947,26123.0
81.0,100.21558016538617,lstm,0.0021233410079730675,27038.0
65.0,90.64763024449347,lstm,0.002196215995354578,30762.0
93.0,79.80880051851271,lstm,0.0026768710085889325,107482.0
102.99999999999999,82.24216207861899,lstm,0.0040495610010111704,41321.0
78.99999999999999,89.66436967253684,lstm,0.0013754099927609786,13611.0
129.0,84.59106430411337,lstm,0.0044072399905417114,51209.0
177.0,100.20988807082173,lstm,0.0030789050069870427,37232.0
201.0,129.12835285067555,lstm,0.005747351999161765,60425.0
131.0,156.22850373387334,lstm,0.0019691170018631965,57190.0
114.99999999999999,108.96493157988589,linear,0.00028452600236050785,0.0
101.0,112.16276849310952,linear,0.00033094699028879404,14770.0
101.0,109.35069413162869,linear,0.00026599700504448265,0.0
117.0,102.02126513817574,linear,0.0002733290020842105,0.0
104.99999999999999,94.10806105708603,linear,0.00032021499646361917,9033.0
81.0,91.62511679206911,linear,0.0005636619898723438,40649.0
67.0,88.27558750361159,linear,0.00036238098982721567,0.0
76.99999999999999,84.92277203146631,linear,0.00029771399567835033,40527.0
86.99999999999999,82.61556984309874,linear,0.0003841480065602809,0.0
81.0,79.81113517311782,linear,0.00021659200137946755,0.0
71.0,77.53710886035331,linear,0.00043066299986094236,5188.0
71.0,76.54686722583749,linear,0.0005179900035727769,8667.0
86.99999999999999,76.89939374081855,linear,0.0004205250006634742,8056.0
63.000000000000014,77.90292672246686,linear,0.0005293610010994598,8606.0
91.0,75.55872651312448,linear,0.00045698400936089456,9034.0
73.00000000000001,76.57718935043019,linear,0.0007314520044019446,6775.0
86.99999999999999,76.7613548814944,linear,0.0005485360015882179,9216.0
58.99999999999999,78.28988772894208,linear,0.0006358170066960156,8667.0
67.0,75.56329281732084,linear,0.0003221890074200928,28931.0
61.0,75.8892246131483,linear,0.00032178898982238024,14709.0
83.0,73.03054337063185,linear,0.0004995100025553256,0.0
67.0,74.03904126961702,linear,0.0004629949980881065,7507.0
75.0,72.14093934222143,linear,0.000676298004691489,10376.0
40.99999999999999,73.66061918231851,linear,0.00040139700286090374,0.0
48.99999999999999,71.07359860739494,linear,0.000594896002439782,9400.0
48.99999999999999,69.86184482407448,linear,0.0004651100025512278,0.0
35.0,66.63930312609874,linear,0.0005550019996007904,4456.0
45.000000000000014,63.517807841222556,linear,0.0007942360098240897,7996.0
53.0,60.688034470170535,linear,0.0006308559968601912,0.0
33.00000000000001,61.87696268639263,linear,0.0005191079981159419,7813.0
47.00000000000001,60.29052707693839,linear,0.0004681359860114753,11230.0
53.0,60.12285009784536,linear,0.00042517400288488716,0.0
33.00000000000001,61.88513154873733,linear,0.0005531569913728163,13062.0
35.0,41.360847353935235,lstm,0.001180555991595611,19837.0
29.000000000000004,38.12264844775199,lstm,0.003395731997443363,30273.0
35.0,34.76504854857921,lstm,0.0037193919997662306,31067.0
21.0,33.77887986600398,lstm,0.0015438219998031855,14831.0
37.00000000000001,27.950210496783246,lstm,0.003229615991585888,29480.0
22.999999999999993,30.535077527165402,lstm,0.003990976998466067,35767.0
48.99999999999999,27.4330012500286,lstm,0.0054921289993217215,55603.0
39.0,34.70701932907104,lstm,0.005473472992889583,54871.0
35.0,36.16057813167571,lstm,0.0030297699995571747,33020.0
35.0,36.38074338436126,lstm,0.003558091993909329,45104.0
27.00000000000001,35.598638951778405,lstm,0.003053973996429704,21850.0
25.0,32.885912582278245,lstm,0.0024006089952308685,18921.0
16.999999999999996,28.85379947721957,lstm,0.0046101420011837035,34973.0
19.000000000000007,23.75955216586589,lstm,0.005375145992729813,47119.0
33.00000000000001,21.088018119335167,lstm,0.004116839001653716,23499.0
29.000000000000004,24.2690123617649,lstm,0.005573257993091829,40222.0
16.999999999999996,25.691654756665223,lstm,0.003380253998329863,22949.0
22.999999999999993,22.522328421473496,lstm,0.0037264209968270734,30273.0
19.000000000000007,22.68810845911502,lstm,0.003266321000410244,21240.0
25.0,21.28772906959056,lstm,0.0033857259986689314,32104.0
19.000000000000007,21.697152033448212,lstm,0.002996811002958566,31494.0
19.000000000000007,20.18122844398021,lstm,0.0033772789902286604,26672.0
16.999999999999996,19.69740040600299,lstm,0.0030618689925177023,28687.0
21.0,18.32416042685508,lstm,0.003979656990850344,34423.0
33.00000000000001,18.973999023437493,lstm,0.003766648005694151,40649.0
35.0,23.430900201201432,lstm,0.005143424001289532,50293.0
27.00000000000001,27.70498052239417,lstm,0.004251770005794242,33447.0
30.999999999999996,27.850049138069142,lstm,0.004736910006613471,36865.0
33.00000000000001,29.32845100760459,lstm,0.004380650992970914,39856.0
29.000000000000004,30.823024809360493,lstm,0.004624437002348714,32958.0
22.999999999999993,29.825489670038213,lstm,0.004337406004196964,37780.0
21.0,26.8781018257141,lstm,0.004254542000126094,41992.0
35.0,24.465779736638062,lstm,0.004273970000213012,29480.0
37.00000000000001,53.16505626293841,linear,0.0009258469945052639,5310.0
45.000000000000014,53.587337031503324,linear,0.0007895930029917508,6897.0
33.00000000000001,55.15768410492781,linear,0.0007848880050005391,6287.0
35.0,56.09087969172408,linear,0.0007027650135569274,7691.0
39.0,57.399708965995536,linear,0.0005820079968543723,10071.0
40.99999999999999,57.79874966900548,linear,0.0007092599989846349,8179.0
45.000000000000014,58.18849883792204,linear,0.0005834949988638982,9338.0
55.00000000000001,58.219086273872534,linear,0.00044248301128391176,9888.0
67.0,60.3666699807162,linear,0.0005701310001313686,3845.0
29.000000000000004,63.48870122567624,linear,0.0006011529912939295,4639.0
45.000000000000014,62.41913367502823,linear,0.00040955400618258864,0.0
65.0,62.77815622803717,linear,0.0006308169977273792,9644.0
88.99999999999997,64.78537554228423,linear,0.0005719039909308776,8056.0
84.99999999999999,68.15299931125972,linear,0.00020385000971145928,0.0
76.99999999999999,69.94983945483276,linear,0.0005672789993695915,7141.0
96.99999999999999,74.4925764942634,linear,0.00043831700168084353,0.0
61.0,79.50497259084786,linear,0.0005743509973399341,6714.0
88.99999999999997,79.0101542377042,linear,0.0002119330019922927,0.0
119.0,79.04087566609236,linear,0.0006409899942809716,3052.0
101.0,82.46655747823861,linear,0.00024029200721997768,0.0
122.99999999999999,84.74024879166676,linear,0.000904820000869222,11902.0
109.0,87.3084321069575,linear,0.00041643899749033153,9460.0
111.0,91.86975645256638,linear,0.00047228700714185834,0.0
145.0,93.92388480673414,linear,0.0005636369896819815,0.0
147.0,96.55592548285617,linear,0.0006851499929325655,8483.0
173.0,101.01253145926931,linear,0.0007347700011450797,3052.0
171.0,105.90994649875267,linear,0.0006916810089023784,9705.0
151.00000000000003,111.88902381071888,linear,0.00044056099432054907,23376.0
155.0,115.60878486604267,linear,0.0005355180037440732,9338.0
149.0,116.53811932350197,linear,0.0005002429970772937,10498.0
168.99999999999997,116.68948120339083,linear,0.0005260519974399358,0.0
261.0,116.36713982213212,linear,0.0003506659995764494,22034.0
197.00000000000003,125.36962807887502,linear,0.0004179809911875054,0.0
223.0,194.42254692316052,lstm,0.0014569029881386086,20691.0
232.99999999999994,205.54190292954442,lstm,0.0022397379943868145,49011.0
232.99999999999994,216.82927325367925,lstm,0.003074011008720845,46570.0
264.99999999999994,223.35909873247144,lstm,0.00349918199935928,23376.0
305.0,234.377326965332,lstm,0.005507414010935463,54321.0
303.0,259.2611074447631,lstm,0.0011924480058951303,16175.0
193.0,273.8959258794784,lstm,0.0011650029919110239,25390.0
281.0,244.68005359172818,lstm,0.003984999988460913,47302.0
317.0,256.7255896329879,lstm,0.002215772998169996,30762.0
399.0,275.01132816076273,lstm,0.0021185669902479276,40588.0
405.0,313.72480601072306,lstm,0.0024274790048366413,33386.0
439.0,341.34231686592096,lstm,0.006609200994716957,61279.0
387.0,377.5491097569465,lstm,0.0027820670075016096,24231.0
397.0,379.41930860280985,lstm,0.0025454659917159006,83191.0
409.0,383.43757271766657,lstm,0.0021075379918329418,47486.0
405.0,385.95404595136637,lstm,0.005204576998949051,37414.0
359.0,385.6789103150367,lstm,0.004922524007270113,49987.0
353.0,368.01696151494974,lstm,0.0037571620050584897,38391.0
351.0,357.32688874006266,lstm,0.00446872299653478,45471.0
401.0,348.7567222118377,lstm,0.0020462380052777007,72814.0
359.0,359.4728615880012,lstm,0.0021559669985435903,49255.0
353.0,351.55680716037745,lstm,0.00465148501098156,34668.0
361.0,347.23234027624125,lstm,0.007278888995642774,112305.0
363.0,347.47254312038416,lstm,0.009333016991149634,87708.0
325.0,348.223403096199,lstm,0.0030248940020101145,23010.0
295.0,332.89145380258554,lstm,0.0019283090077806264,56946.0
323.0,314.62397962808603,lstm,0.012229144005686976,308959.0
355.0,312.5210610032081,lstm,0.006712860995321535,159973.0
357.00000000000006,321.3052928447723,lstm,0.006057292004697956,75622.0
225.0,327.4292063713073,lstm,0.003179428997100331,87158.0
299.0,287.4886122345924,lstm,0.004471134001505561,37475.0
355.0,289.32838231325144,lstm,0.0022043740027584136,58471.0
315.0,307.6272782683372,lstm,0.0021590020041912794,50109.0
242.99999999999997,303.6774611473083,lstm,0.001589698003954254,22889.0
207.0,276.3053664565086,lstm,0.005271196001558565,67627.0
228.99999999999997,252.33920127153394,lstm,0.001189949005492963,21545.0
253.0,239.77509945631024,lstm,0.003938990004826337,49926.0
286.99999999999994,236.33235752582547,lstm,0.0018910820072051138,20630.0
277.0,247.99785315990445,lstm,0.0019162129901815206,47974.0
263.0,256.1212700605392,lstm,0.003021634998731315,77026.0
300.99999999999994,258.80474686622614,lstm,0.005622915996355005,46386.0
257.0,273.02154213190073,lstm,0.00546324800234288,66101.0
281.0,265.55550009012217,lstm,0.009801252002944238,215271.0
268.99999999999994,267.59851872920984,lstm,0.004257047999999486,36376.0
263.0,265.02161353826517,lstm,0.004482513992115855,80627.0
237.0,261.9638061523437,lstm,0.0018945079937111586,51209.0
261.0,248.7179651856422,lstm,0.0029308670054888353,46570.0
244.99999999999997,250.6241253018379,lstm,0.002368282002862543,18188.0
248.99999999999997,244.73913788795468,lstm,0.002633055002661422,18799.0
227.0,242.900715470314,lstm,0.0076621439948212355,157470.0
325.0,234.12751317024228,lstm,0.0036245199880795553,22522.0
313.0,264.3423214554786,lstm,0.0019492400024319068,47791.0
297.0,278.6160731315612,lstm,0.013648950989590958,326171.0
266.99999999999994,283.86943310499186,lstm,0.006429151995689608,59509.0
264.99999999999994,276.9747638702392,lstm,0.005131717989570461,39429.0
268.99999999999994,272.9144740104675,lstm,0.006163614001707174,154602.0
295.0,266.30589902400965,lstm,0.002676060001249425,27466.0
309.0,271.4923015236854,lstm,0.00208296999335289,64758.0
257.0,280.5744728446006,lstm,0.0013925020030001178,13489.0
227.0,269.9852263927459,lstm,0.0026202989974990487,20142.0
263.0,252.75708258152005,lstm,0.0041094990010606125,54565.0
223.0,253.60252708196637,lstm,0.0019019600003957748,24231.0
207.0,238.17251771688458,lstm,0.004610484000295401,42114.0
237.0,221.48139908909795,lstm,0.0020939260139130056,65734.0
257.0,223.49590405821797,lstm,0.0012950880045536906,30334.0
275.0,154.28987593546054,linear,0.0007299850112758577,17334.0
291.0,155.5839561680446,linear,0.0005298140022205189,0.0
237.0,162.20363991182936,linear,0.000665757994283922,7752.0
299.0,164.8862439105992,linear,0.0007099859940353781,5066.0
263.0,170.91198433882013,linear,0.0008553910010959953,11109.0
266.99999999999994,171.46516014837212,linear,0.0002766459947451949,0.0
289.0,170.62441101641207,linear,0.00037451500247698277,0.0
321.00000000000006,170.57471655360962,linear,0.0007734610117040575,7569.0
230.99999999999997,178.70982301431366,linear,0.000600737999775447,13489.0
311.0,171.98320832452595,linear,0.0007752859964966774,8301.0
257.0,176.6764388157818,linear,0.0008956769888754934,7935.0
345.0,175.66620671074452,linear,0.0002262030029669404,0.0
271.0,181.19673713326017,linear,0.00022364700271282345,0.0
281.0,176.41850032270025,linear,0.000694732996635139,17700.0
282.99999999999994,181.00926286104394,linear,0.00032015101169236004,12329.0
300.99999999999994,178.4117484604882,linear,0.0008026309951674193,0.0
259.0,182.60059681858024,linear,0.0008591749938204885,7386.0
318.99999999999994,174.33143120977468,linear,0.0007452429999830201,7385.0
300.99999999999994,179.04417800568294,linear,0.00022079299378674477,0.0
343.0,181.01387203074526,linear,0.0003389089979464188,0.0
279.0,186.85180130786983,linear,0.0004667430039262399,5555.0
303.0,184.64746477486912,linear,0.0006511860119644552,7264.0
227.0,188.75407597563745,linear,0.0002906059962697327,0.0
242.99999999999997,179.74441403666924,linear,0.0006370650080498308,5554.0
335.0,174.05167232130125,linear,0.0002796669868985191,0.0
286.99999999999994,173.70912510450722,linear,0.00023534800857305527,0.0
397.0,174.46532261806277,linear,0.00043570798879954964,10498.0
307.0,183.83588406446697,linear,0.0005593639943981543,10132.0
337.0,191.38179181338904,linear,0.0005781779909739271,9033.0
329.0,200.21123154221897,linear,0.0003148520045215264,0.0
349.0,199.71867979782922,linear,0.0006402940052794293,8301.0
449.00000000000006,205.5950217285997,linear,0.0005077059904579073,25757.0
443.0,211.0602105567889,linear,0.00023521600815001875,0.0
419.0,386.2940821051597,lstm,0.0011613929964369163,31738.0
339.00000000000006,393.3706501126289,lstm,0.0029760830075247213,32349.0
379.0,371.89013928174967,lstm,0.004618017002940178,45227.0
433.0,371.51488661766047,lstm,0.002601887012133375,19776.0
375.00000000000006,383.7404063344001,lstm,0.002681814003153704,94665.0
355.0,371.27039253711695,lstm,0.0019858329906128347,40833.0
449.00000000000006,358.2656410336494,lstm,0.004718109004897997,37963.0
391.0,386.21676892042154,lstm,0.0035692730016307905,25879.0
311.0,381.4519360661506,lstm,0.004216697008814663,36132.0
425.0,349.0297299623489,lstm,0.00454576600168366,34668.0
407.0,370.707034766674,lstm,0.006304929003817961,60303.0
367.0,378.0001506209373,lstm,0.0018747419962892309,40528.0
369.0,364.7720775008201,lstm,0.003018119008629583,39185.0
395.0,360.248050391674,lstm,0.004438856994966045,29235.0
457.0,370.1345625519752,lstm,0.0022507970134029165,74524.0
369.0,391.74459069967264,lstm,0.0020068209996679798,20630.0
343.0,376.1183547973632,lstm,0.0017513780039735138,15931.0
387.0,360.33763438463205,lstm,0.001756719997501932,63354.0
405.0,365.0822523236274,lstm,0.005034315006923862,150879.0
259.0,372.16967254877085,lstm,0.0014239230076782405,33142.0
397.0,322.8346043825149,lstm,0.0037733869976364076,43274.0
365.0,344.02866631746286,lstm,0.001687832991592586,23071.0
329.0,346.27184808254236,lstm,0.0037924869975540787,59265.0
425.0,333.54471474885935,lstm,0.002487108009518124,62927.0
375.00000000000006,357.88992732763285,lstm,0.0020182479929644614,38025.0
413.0,363.0905866622924,lstm,0.003238789999159053,85815.0
415.0,373.6430916190147,lstm,0.0014371880097314715,20141.0
405.0,382.5626924633979,lstm,0.004848851007409394,73425.0
237.0,387.0639511942863,lstm,0.0011771149875130504,16602.0
385.0,327.3064628243446,lstm,0.0027543629985302687,29236.0
463.0,343.1978687644004,lstm,0.007239544996991754,214599.0
451.0,376.09590560197825,lstm,0.005033594003180042,104126.0
409.0,392.6607164740562,lstm,0.001860781994764693,54504.0
392.99999999999994,227.85543848597737,linear,0.00026032600726466626,0.0
353.0,242.49686753954418,linear,0.0005447250005090609,10193.0
355.0,239.17886673546982,linear,0.0003075220010941848,0.0
381.0,228.77793466911822,linear,0.0006452939996961504,24964.0
379.0,222.21539819070279,linear,0.0003314950008643791,21973.0
323.0,219.40484861488665,linear,0.0003813259972957894,0.0
295.0,212.54268155216167,linear,0.0007991739985300228,16907.0
293.0,206.7763199473415,linear,0.00048120699648279697,30457.0
303.0,200.7501006501628,linear,0.0008835300104692578,15259.0
341.0,193.31557513226318,linear,0.00028225900314282626,12634.0
325.0,189.88970555221692,linear,0.0004284129972802475,41320.0
305.0,190.1300307395373,linear,0.0006944619963178411,0.0
317.0,190.98678222126526,linear,0.000629307993222028,7080.0
286.99999999999994,193.27646175764036,linear,0.0007907539984444156,0.0
263.0,191.62333599048912,linear,0.000726458994904533,9216.0
281.0,184.02709247404246,linear,0.0008114780066534877,8483.0
282.99999999999994,179.8505932957924,linear,0.0002661339967744425,0.0
246.99999999999997,177.775008376684,linear,0.00035127499722875655,0.0
237.0,170.98109333774235,linear,0.0008382069936487824,0.0
232.99999999999994,166.1113362242153,linear,0.0007569760055048391,5432.0
237.0,163.18622473194915,linear,0.0006373880023602396,5310.0
244.99999999999997,158.97757956161678,linear,0.0008325489907292649,9948.0
203.0,155.4130098420867,linear,0.00034647900611162186,0.0
207.0,151.07851418288755,linear,0.0002660480095073581,0.0
253.0,148.14021425594936,linear,0.0009177730098599568,7507.0
173.0,150.2213629011091,linear,0.0010989999864250422,7874.0
228.99999999999997,143.89545130939138,linear,0.0006232150044525042,9217.0
189.0,142.44425170610177,linear,0.0009931379900081083,10743.0
201.0,141.0709808534453,linear,0.0007598699885420501,3296.0
193.0,140.41078860033565,linear,0.00027331701130606234,0.0
213.0,134.74518229804184,linear,0.0003343370044603944,0.0
149.0,138.57127310518857,linear,0.0005310450069373474,0.0
171.0,130.76763034506118,linear,0.0008252959960373119,16297.0
181.0,174.11230236291883,lstm,0.0013528840063372627,34241.0
161.0,173.90435472130773,lstm,0.006151080000563525,66589.0
213.0,167.0525978505611,lstm,0.0018418539984850213,58533.0
183.0,179.96705606579778,lstm,0.002337858997634612,49865.0
181.0,181.45214304327962,lstm,0.005298641000990756,37414.0
163.0,180.69470435380933,lstm,0.005078574002254754,37781.0
163.0,173.1889063119888,lstm,0.012352570993243717,518004.0
157.0,169.02227535843846,lstm,0.0047338679869426414,43762.0
155.0,161.2290886044502,lstm,0.001703146001091227,20264.0
124.99999999999997,156.77561864256856,lstm,0.0019507060060277581,58044.0
139.0,143.12384799122808,lstm,0.005652986001223326,54688.0
142.99999999999997,139.6516880393028,lstm,0.004980445999535732,40161.0
132.99999999999997,138.68036136031148,lstm,0.0018184520013164729,59082.0
111.0,134.82195466756818,lstm,0.0012690619914792478,24902.0
111.0,124.45989549160001,lstm,0.0013277889956953004,22583.0
111.0,118.81296530365941,lstm,0.013644620994455181,341552.0
120.99999999999999,114.126101732254,lstm,0.0023173590016085654,56946.0
104.99999999999999,114.30645778775212,lstm,0.0013340669975150377,17639.0
129.0,109.36513453721997,lstm,0.0013431400002446026,43762.0
137.0,115.66975876688954,lstm,0.0012457599950721487,21118.0
147.0,122.93666616082189,lstm,0.0051791440055239946,56397.0
129.0,131.56010076403615,lstm,0.0018604649958433583,51758.0
106.99999999999997,130.58169886469838,lstm,0.0022660139948129654,39856.0
109.0,122.80406340956685,lstm,0.002688409003894776,59753.0
93.0,116.71901926398274,lstm,0.011579362995689735,386473.0
71.0,106.3350251317024,lstm,0.002247242009616457,50781.0
76.99999999999999,90.78046351671217,lstm,0.002098342010867782,47119.0
94.99999999999999,83.07138144969939,lstm,0.010500189004233107,130309.0
84.99999999999999,85.40274634957312,lstm,0.011567183988518082,415709.0
83.0,83.55909287929533,lstm,0.0020847679988946766,35339.0
93.0,82.46168896555899,lstm,0.009227982998709194,205077.0
58.99999999999999,86.38660982251166,lstm,0.001791037997463718,22278.0
78.99999999999999,79.56328623024437,linear,0.00025321899738628417,0.0
73.00000000000001,78.04414209135815,linear,0.0005813750030938536,10803.0
71.0,76.91630388748848,linear,0.0002878669911297038,28931.0
71.0,75.73788731044952,linear,0.00025768199702724814,0.0
76.99999999999999,73.66284418661728,linear,0.0002206170029239729,0.0
53.0,75.38662719825668,linear,0.0006950949900783598,7568.0
53.0,72.83087363171602,linear,0.0005863230035174638,12390.0
65.0,70.86992834329403,linear,0.0005919160030316561,7141.0
73.00000000000001,70.33785918664935,linear,0.000255129998549819,46570.0
78.99999999999999,70.57543596188856,linear,0.00026936200447380543,0.0
73.00000000000001,70.82905888043759,linear,0.00034985899401362985,0.0
65.0,72.7347624142258,linear,0.00038975500501692295,0.0
48.99999999999999,73.83092732836593,linear,0.000818520988104865,6835.0
65.0,72.21821453963766,linear,0.0006394599913619459,0.0
57.0,71.47042297648905,linear,0.0008781900105532259,10376.0
50.999999999999986,69.37420448439,linear,0.0003194939927197993,33325.0
55.00000000000001,67.23892187122705,linear,0.0003436330007389188,0.0
63.000000000000014,66.3001958039736,linear,0.0006108179950388148,0.0
73.00000000000001,67.66025318342832,linear,0.0007081759977154434,10498.0
65.0,68.48584844978299,linear,0.000826054994831793,9155.0
29.000000000000004,69.24983822308198,linear,0.000719881005352363,7446.0
40.99999999999999,66.99620684457501,linear,0.00045768500422127545,0.0
48.99999999999999,65.61762741452918,linear,0.0002921659906860441,0.0
47.00000000000001,64.31921153675385,linear,0.000380904006306082,11414.0
35.0,61.847192051126875,linear,0.000308319999021478,7996.0
37.00000000000001,58.965910209054655,linear,0.0005468150047818199,6835.0
50.999999999999986,59.702372048225484,linear,0.0005755100137321278,0.0
33.00000000000001,60.704937639289305,linear,0.0006357099919114262,5799.0
33.00000000000001,59.13968837626256,linear,0.00020604999735951424,0.0
30.999999999999996,57.77561253740192,linear,0.0002713940048124641,0.0
37.00000000000001,57.38352664116124,linear,0.0007148169970605522,42480.0
15.000000000000004,57.38615711746071,linear,0.0006278709915932268,0.0
43.0,53.8924988569248,linear,0.0005993600061628968,6348.0
25.0,54.90460445859575,linear,0.0004778379952767864,10742.0
37.00000000000001,54.133418616946955,linear,0.0002682070044102147,0.0
57.0,54.707848441558,linear,0.000326723005855456,20385.0
35.0,56.74024100689719,linear,0.00043153800652362406,0.0
27.00000000000001,58.58848671100888,linear,0.0003271360037615523,0.0
19.000000000000007,57.00288183585074,linear,0.0006706329877488315,4089.0
29.000000000000004,56.37169911904051,linear,0.0007954620086820796,6165.0
27.00000000000001,55.604247541691024,linear,0.0005835880001541227,8850.0
29.000000000000004,52.76782959161616,linear,0.00019991799490526319,0.0
22.999999999999993,52.20471482373456,linear,0.00022799499856773764,16723.0
22.999999999999993,51.81288702391849,linear,0.0006681500090053305,0.0
22.999999999999993,52.17343169265355,linear,0.0004114150069653988,0.0
16.999999999999996,51.601059684979475,linear,0.0006871439982205629,0.0
29.000000000000004,50.62037830306938,linear,0.0006581180059583858,7385.0
33.00000000000001,50.65692548238193,linear,0.0002305109956068918,0.0
25.0,51.65255936692576,linear,0.00023429399880114943,15563.0
30.999999999999996,51.82381889955058,linear,0.0004931500006932765,24048.0
15.000000000000004,52.60110892774696,linear,0.0008961409912444651,11169.0
21.0,52.35273681447311,linear,0.0007126620039343834,10742.0
25.0,51.57170676249401,linear,0.0009004800085676834,9583.0
29.000000000000004,50.84025099382112,linear,0.000847314004204236,11719.0
40.99999999999999,51.23913184309344,linear,0.00020001899974886328,25512.0
35.0,52.263550563333716,linear,0.0006026909977663308,20935.0
27.00000000000001,54.17507022813545,linear,0.0003720139939105138,0.0
35.0,54.70507880679244,linear,0.00032948399893939495,26245.0
22.999999999999993,55.67054284947505,linear,0.00027191599656362087,0.0
35.0,55.0573337450105,linear,0.0008033590129343793,8178.0
48.99999999999999,54.50737550098677,linear,0.00022810499649494886,0.0
40.99999999999999,55.929591265625064,linear,0.00031046099320519716,20447.0
43.0,57.26152385196313,linear,0.0003306139988126233,0.0
37.00000000000001,58.0309122593863,linear,0.00035590700281318277,0.0
33.00000000000001,59.341692674906795,linear,0.00030242500361055136,23804.0
53.0,59.10950950794541,linear,0.0011476749932626262,9399.0
50.999999999999986,59.56336303726614,linear,0.0011006249987985939,12879.0
35.0,44.96049426496028,lstm,0.0019169299921486527,50232.0
45.000000000000014,41.367115750908845,lstm,0.0033838050003396347,63354.0
65.0,42.55463562905788,lstm,0.015203819988528267,491332.0
50.999999999999986,50.7210624217987,lstm,0.004185208003036678,38757.0
71.0,50.55254273116588,lstm,0.006001341011142358,66162.0
68.99999999999999,57.58188940584658,lstm,0.003791292998357676,30579.0
76.99999999999999,62.677732631564126,lstm,0.002215000000433065,57434.0
86.99999999999999,68.45358610153197,lstm,0.0020032359898323193,40344.0
73.00000000000001,74.98907707631587,lstm,0.00213570699270349,32410.0
84.99999999999999,75.2837537974119,lstm,0.0023259169975062832,34241.0
111.0,78.5713905841112,lstm,0.0029422039951896295,36316.0
124.99999999999997,90.25214493274687,lstm,0.0035107879957649857,32593.0
131.0,103.03644746541974,lstm,0.0048045709991129115,43884.0
124.99999999999997,113.56192827224729,lstm,0.009837018005782738,473998.0
104.99999999999999,119.3905799090862,lstm,0.0024978309957077727,67260.0
191.0,115.4958218336105,lstm,0.002409716005786322,79956.0
139.0,142.02463537454602,lstm,0.00415662799787242,44434.0
183.0,141.11168369650838,lstm,0.005620898009510711,48157.0
142.99999999999997,155.925155878067,lstm,0.004109486995730549,39246.0
195.0,152.11198449134824,lstm,0.0022804260079283267,76110.0
149.0,169.0225590765476,lstm,0.002135411006747745,30517.0
161.0,159.60717856884,lstm,0.012179420999018475,396483.0
213.0,160.23630574345586,lstm,0.004180350006208755,37659.0
207.0,176.8494905531406,lstm,0.004390500005683862,30456.0
259.0,188.15095812082288,lstm,0.009981565992347896,456786.0
232.99999999999994,211.75749287009236,lstm,0.0012398130056681111,27222.0
235.0,220.9464308619499,lstm,0.0023377589968731627,46936.0
277.0,227.45187431573865,lstm,0.002155765992938541,49499.0
289.0,244.01161372661588,lstm,0.0025206129939761013,23437.0
282.99999999999994,259.55610334873194,lstm,0.0066495619976194575,62500.0
253.0,265.31033217906946,lstm,0.013444733995129354,319030.0
315.0,260.1634728908538,lstm,0.0017618760030018166,25329.0
264.99999999999994,176.5328845519707,linear,0.0003405390016268939,43762.0
349.0,175.31947779910112,linear,0.0004546290001599118,0.0
397.0,181.26635954051108,linear,0.00045165499614086,0.0
405.0,192.55022314208793,linear,0.0006336270016618073,7935.0
405.0,207.16319185683776,linear,0.0004147480067331344,0.0
483.0,215.84793311392275,linear,0.0004350020026322454,0.0
359.0,236.90792128952427,linear,0.00021454799571074545,0.0
375.00000000000006,237.53433709175457,linear,0.0005235860007815063,0.0
475.0,235.22723791502625,linear,0.00041710000368766487,0.0
345.0,242.31445718978907,linear,0.0008082419954007491,9887.0
291.0,236.23069967913742,linear,0.0006556739972438663,7690.0
369.0,217.52525400065167,linear,0.0007182669942267239,4456.0
355.0,218.63317971281847,linear,0.0003017900016857311,38635.0
341.0,216.72168097910125,linear,0.00025515900051686913,0.0
361.0,203.94954548875026,linear,0.0003132829879177734,13977.0
353.0,205.5800092316284,linear,0.0003218999918317422,23377.0
385.0,211.44697891111747,linear,0.0003928200021618977,0.0
300.99999999999994,213.09027420714983,linear,0.0008230960083892569,5799.0
397.0,207.70242785381984,linear,0.0004913940065307543,10437.0
333.0,213.21350634378447,linear,0.0002861840039258823,25513.0
341.0,210.507858587406,linear,0.00033027400786522776,35828.0
349.0,209.22541714919387,linear,0.00028510999982245266,18433.0
297.0,205.9102635464029,linear,0.001040349990944378,8545.0
213.0,205.26011401032346,linear,0.0007262310100486502,10132.0
279.0,187.30905552588428,linear,0.000620802995399572,0.0
282.99999999999994,182.19511092830217,linear,0.0006445120088756084,16480.0
286.99999999999994,176.78040292181132,linear,0.0003500809980323538,0.0
246.99999999999997,170.92042399007295,linear,0.0003639249916886911,0.0
297.0,166.08733463399986,linear,0.00031152000883594155,0.0
255.0,174.15740314176108,linear,0.00027639300969894975,0.0
255.0,171.8075602756632,linear,0.0007853690040064976,6348.0
286.99999999999994,169.03827201418383,linear,0.0007047389954095706,7080.0
341.0,169.19280592628752,linear,0.0004811120015801862,32105.0
289.0,178.39552722224965,linear,0.00034332000359427184,0.0
253.0,284.994446337223,lstm,0.0026910680026048794,57373.0
237.0,272.5739768147468,lstm,0.0017808109987527132,22705.0
297.0,258.663845360279,lstm,0.004644261993234977,37415.0
277.0,268.64093452692026,lstm,0.0026800999912666157,30944.0
279.0,264.91493552923197,lstm,0.0015793960046721622,71289.0
279.0,266.122333407402,lstm,0.0017882000101963058,30274.0
317.0,268.87709438800806,lstm,0.002088160006678663,46508.0
266.99999999999994,284.9620315432548,lstm,0.011891411995748058,302123.0
279.0,274.82595384120935,lstm,0.008442985999863595,272277.0
349.0,273.7542441487312,lstm,0.003952232000301592,40405.0
295.0,297.37594008445734,lstm,0.004902733999188058,44250.0
293.0,293.738248348236,lstm,0.008404117004829459,284179.0
186.99999999999997,289.3502286076545,lstm,0.0014405919937416911,19470.0
246.99999999999997,251.4987218379974,lstm,0.00843032100237906,212158.0
279.0,246.92415744066236,lstm,0.002630479008075781,26978.0
259.0,250.68625956773755,lstm,0.010063423003884964,112732.0
264.99999999999994,248.79148364067075,lstm,0.004656956996768713,52856.0
227.0,250.06527155637738,lstm,0.0012117969890823588,30700.0
297.0,243.01438003778455,lstm,0.0015341620019171387,35950.0
284.99999999999994,260.06168901920313,lstm,0.002730375010287389,51513.0
277.0,265.1491448283195,lstm,0.002975926996441558,98633.0
255.0,267.07594543695444,lstm,0.01057657199271489,336547.0
253.0,260.4594618082046,lstm,0.024563867002143525,415221.0
263.0,257.34473347663874,lstm,0.002279364998685196,52673.0
264.99999999999994,255.00569045543668,lstm,0.007931897998787463,168029.0
244.99999999999997,254.62635934352872,lstm,0.009080509000341408,206054.0
275.0,247.7218663692474,lstm,0.01059079499100335,256164.0
266.99999999999994,254.94972705841062,lstm,0.01648885699978564,344116.0
282.99999999999994,256.89326703548426,lstm,0.0023356739984592423,44983.0
295.0,263.4574401378631,lstm,0.0031951429991750047,62805.0
295.0,271.96760028600687,lstm,0.011073267000028864,375915.0
315.0,278.7494206428527,lstm,0.004679424993810244,83679.0
325.0,180.26575687820292,linear,0.0006723440019413829,13672.0
281.0,185.8776488028387,linear,0.00035406100505497307,0.0
313.0,185.53843492569553,linear,0.0003555589937604964,0.0
286.99999999999994,187.28644582987283,linear,0.0003081129980273545,17700.0
305.0,186.47223218143571,linear,0.0003613479930208996,0.0
275.0,185.5157483983722,linear,0.0007894610025687143,33691.0
282.99999999999994,180.704558564805,linear,0.00030258100014179945,0.0
275.0,180.830834102055,linear,0.00037514099676627666,35340.0
295.0,177.20746076963084,linear,0.000313137992634438,0.0
291.0,178.00924719298663,linear,0.0005432320031104609,26184.0
331.0,176.72602443332173,linear,0.0005379270005505532,18494.0
227.0,182.21244728933536,linear,0.001023327000439167,47546.0
327.0,176.57233856512215,linear,0.0002371199952904135,16602.0
351.0,181.67442077479416,linear,0.0003933550033252686,0.0
271.0,187.32567561482782,linear,0.00022158700448926538,21851.0
321.00000000000006,185.13495314334398,linear,0.00038009299896657467,26245.0
295.0,184.30142501258695,linear,0.00046262500109151006,0.0
365.0,190.71675100816253,linear,0.00035896600456908345,0.0
409.0,194.52490857435757,linear,0.0003285229904577136,26367.0
329.0,200.45685811919566,linear,0.00037802000588271767,18921.0
389.0,205.76384340789275,linear,0.0003888890059897676,26672.0
335.0,212.3525285814428,linear,0.0007422849885188043,136413.0
367.0,216.03944117982698,linear,0.00044153899943921715,0.0
355.0,216.18976360733288,linear,0.000555113991140388,45349.0
317.0,211.1246455541378,linear,0.000479023001389578,22156.0
225.0,209.75518651517498,linear,0.002849721990060061,51879.0
271.0,193.70847606419576,linear,0.0004629989998647943,0.0
397.0,187.52551985917503,linear,0.0003420209977775812,0.0
467.00000000000006,190.94744114114025,linear,0.0005559650016948581,17090.0
397.0,202.20996006856268,linear,0.0003911480016540736,0.0
275.0,209.8581228361884,linear,0.0004696589894592762,0.0
221.0,214.02628701089876,linear,0.0003195529861841351,14465.0
373.0,208.6729751577817,linear,0.00023611000506207347,0.0
397.0,316.9979199767112,lstm,0.003495259996270761,84838.0
351.0,332.5370189547538,lstm,0.002467508995323442,40527.0
392.99999999999994,330.60599803924555,lstm,0.009310381996328942,255493.0
353.0,351.1787527799606,lstm,0.0019400540040805936,28687.0
471.0,353.4966233372688,lstm,0.0017092900088755414,65978.0
323.0,388.61432880163187,lstm,0.0019370939990039915,36987.0
525.0,358.3322793245315,lstm,0.0019348970090504736,33570.0
367.0,412.15491682291025,lstm,0.002169373008655384,46753.0
389.0,388.83573532104487,lstm,0.002119166005286388,34974.0
317.0,385.8107683062553,lstm,0.0024102530005620793,28077.0
349.0,352.44973897933954,lstm,0.0018757880025077611,47912.0
427.0,349.22496348619455,lstm,0.011940557000343688,268249.0
325.0,362.84329086542124,lstm,0.0020721820037579164,42969.0
381.0,343.5363799333572,lstm,0.0021147859952179715,52613.0
389.0,350.50041824579233,lstm,0.00215559899515938,32959.0
359.0,360.76228946447367,lstm,0.002218006004113704,28442.0
355.0,355.57549685239786,lstm,0.0019533159938873723,36987.0
403.0,347.225247323513,lstm,0.009246799003449269,197570.0
441.0,363.4044852852821,lstm,0.001296260001254268,44677.0
405.0,383.69479864835733,lstm,0.004101236001588404,86121.0
401.0,384.1540673375129,lstm,0.01077639999857638,238158.0
313.0,385.527192056179,lstm,0.0014041740068932995,15014.0
367.0,356.4430713653564,lstm,0.0017131189961219206,33691.0
410.99999999999994,354.2826643586158,lstm,0.010510491993045434,331664.0
379.0,364.822224676609,lstm,0.008890982993762009,219177.0
439.0,361.93028599023813,lstm,0.00716317500337027,183044.0
315.0,381.49640887975687,lstm,0.00187228100548964,40528.0
361.0,355.6562146544456,lstm,0.01246555699617602,302185.0
341.0,353.4255519509315,lstm,0.001982293004402891,54992.0
373.0,341.69114828109736,lstm,0.0022163649991853163,33508.0
377.0,346.57780259847635,lstm,0.01057789899641648,389952.0
357.00000000000006,347.6416745781898,lstm,0.007552385999588296,254943.0
335.0,347.8155228495597,lstm,0.014969000010751188,442320.0
325.0,211.7874130585713,linear,0.0005321200005710125,34668.0
281.0,210.14288253692797,linear,0.0004776379937538877,18432.0
327.0,201.15505608294623,linear,0.00038464099634438753,32897.0
266.99999999999994,196.46277927224236,linear,0.0003507549990899861,0.0
279.0,187.74936096791893,linear,0.0005481370026245713,0.0
297.0,182.32005687559376,linear,0.0003845960018225014,30883.0
345.0,179.7726361209661,linear,0.00046324699360411614,0.0
281.0,186.05794506159583,linear,0.00037784800224471837,0.0
325.0,181.58647517416725,linear,0.0002869749878300354,15320.0
295.0,187.15390830124238,linear,0.0003225580003345385,0.0
242.99999999999997,188.64957761578026,linear,0.00035063200630247593,16906.0
239.0,183.18583495762132,linear,0.00033461999555584043,27344.0
255.0,172.98513078554177,linear,0.0003050969971809536,16663.0
232.99999999999994,170.4986526251182,linear,0.00039363100950140506,40772.0
227.0,161.67594059945569,linear,0.0003701660025399178,25024.0
248.99999999999997,155.15408710406436,linear,0.0003781039995374158,15381.0
309.0,155.7983372471924,linear,0.0003389559860806912,0.0
275.0,162.73965508045075,linear,0.0002700749901123345,0.0
279.0,164.67771518697958,linear,0.0002842490066541359,19165.0
273.0,169.03392105564038,linear,0.0003516729921102524,0.0
205.0,173.40212428495605,linear,0.00034374199458397925,0.0
261.0,168.87507959884107,linear,0.00034772099752444774,0.0
215.00000000000003,164.3759537233579,linear,0.0002982969890581444,0.0
232.99999999999994,158.57733225534653,linear,0.00029326300136744976,0.0
197.00000000000003,154.15056426973976,linear,0.0003121049958281219,13428.0
183.0,146.85382906051066,linear,0.0003341730043757707,31311.0
175.0,144.5676670845322,linear,0.0006491780077340081,0.0
189.0,136.32527246134677,linear,0.00031401000160258263,0.0
211.0,133.85065779589803,linear,0.0004121649981243536,28320.0
191.0,131.88746030313976,linear,0.00021911099611315876,0.0
203.0,131.30107646012166,linear,0.0003060669987462461,0.0
185.0,133.2264305068909,linear,0.00034205999691039324,18799.0
189.0,134.12988746643563,linear,0.00036873600038234144,0.0
191.0,134.08502938657054,linear,0.00033082700974773616,14222.0
193.0,186.6521994769573,lstm,0.012054082995746285,306213.0
167.0,187.37553879618642,lstm,0.01870997999503743,424560.0
163.0,177.98168540000913,lstm,0.0026017140044132248,45715.0
179.0,171.09299197793004,lstm,0.0021310169977368787,29663.0
147.0,171.80196806788442,lstm,0.016997797996737063,373656.0
122.99999999999999,160.73485165834424,lstm,0.015030146998469718,445067.0
177.0,144.51169058680532,lstm,0.0023628549970453605,34973.0
141.0,153.96663203835485,lstm,0.0021089509973535314,41870.0
122.99999999999999,147.82154604792592,lstm,0.009521890999167226,214233.0
132.99999999999997,136.43292382359502,lstm,0.0019979709904873744,37964.0
111.0,133.8089036941528,lstm,0.0023667940113227814,57800.0
104.99999999999999,125.32204389572141,lstm,0.005448059004265815,180114.0
122.99999999999999,114.4630169868469,lstm,0.0023596639948664233,36377.0
106.99999999999997,115.33917397260663,lstm,0.002057787001831457,35461.0
137.0,111.26785457134244,lstm,0.002252026999485679,55053.0
91.0,118.66617664694783,lstm,0.00200314300309401,53650.0
109.0,108.63074794411656,lstm,0.0022165129921631888,45533.0
120.99999999999999,108.26751783490178,lstm,0.016304526012390852,403197.0
131.0,111.35766908526418,lstm,0.0020734410063596442,43640.0
91.0,117.97856807708737,lstm,0.002187749996664934,40954.0
106.99999999999997,106.80358558893201,lstm,0.005663372008712031,126770.0
102.99999999999999,107.06462398171422,lstm,0.001263074009330012,21179.0
76.99999999999999,104.81161847710607,lstm,0.0012824360019294545,20324.0
109.0,93.3528646826744,lstm,0.0018224880041088909,32287.0
68.99999999999999,96.27962976694106,lstm,0.002363400999456644,41992.0
58.99999999999999,86.30704462528227,lstm,0.0020474699995247647,36011.0
73.00000000000001,74.82886500656603,lstm,0.004508032987359911,188232.0
75.0,72.01631419360636,lstm,0.0022930449922569096,58288.0
67.0,72.26233325898646,lstm,0.0024113539984682575,35339.0
65.0,68.04280661046504,lstm,0.002025196998147294,51757.0
61.0,66.53683088719843,lstm,0.00274873900343664,53466.0
99.0,64.53101478517054,lstm,0.0013547249982366338,25513.0
83.0,75.91226033866404,lstm,0.0012962969922227785,24658.0
71.0,75.85943809058764,linear,0.00034388600033707917,18066.0
61.0,76.16997340097934,linear,0.00028257499798201025,0.0
61.0,75.73179355315877,linear,0.00021143599587958306,0.0
63.000000000000014,75.6722862208552,linear,0.00036720400385092944,17456.0
47.00000000000001,72.2492371693163,linear,0.0002738860057434067,0.0
58.99999999999999,68.76249930255776,linear,0.0003207580011803657,0.0
61.0,67.63421821526279,linear,0.0003965170035371557,0.0
61.0,67.6653781918848,linear,0.0004443740035640076,14953.0
71.0,67.66730166031113,linear,0.0003523580089677125,14160.0
65.0,68.48515046836576,linear,0.0008338899933733046,0.0
57.0,70.19494655643318,linear,0.00031813399982638657,0.0
58.99999999999999,69.96109344489666,linear,0.00029065700073260814,0.0
43.0,69.76062038563444,linear,0.0004565760027617216,0.0
57.0,67.97441655719538,linear,0.00046190599096007645,25146.0
53.0,66.65755722297233,linear,0.0003777539968723431,0.0
37.00000000000001,65.53094667370752,linear,0.0003711669996846467,20813.0
29.000000000000004,63.54949749103216,linear,0.00036842600093223155,16845.0
33.00000000000001,60.633488766740264,linear,0.0004661779967136681,0.0
30.999999999999996,59.6596112456267,linear,0.000487654993776232,27404.0
37.00000000000001,57.175434397358536,linear,0.0003227509878342971,0.0
29.000000000000004,55.67732637107304,linear,0.0006574409926543012,15259.0
39.0,54.90349586064044,linear,0.0003911780077032745,14404.0
33.00000000000001,55.87600597522812,linear,0.0004982179962098598,25390.0
39.0,55.87698046205476,linear,0.0002732230059336871,0.0
48.99999999999999,56.645818501018795,linear,0.0004388550005387515,0.0
58.99999999999999,57.85038176924866,linear,0.0003008779895026237,0.0
29.000000000000004,60.76763643843919,linear,0.00033725400862749666,18066.0
25.0,59.73060025005756,linear,0.00034174601023551077,19165.0
43.0,58.88409466792088,linear,0.0003224909887649119,0.0
37.00000000000001,59.31222767332295,linear,0.00023360300110653043,0.0
33.00000000000001,58.167882745879304,linear,0.00021289099822752178,0.0
43.0,55.683542161955,linear,0.00024852399656083435,0.0
29.000000000000004,57.05536936627103,linear,0.00037191700539551675,32776.0
30.999999999999996,57.39030570887678,linear,0.00035625899909064174,37354.0
27.00000000000001,32.52681411802768,lstm,0.009227545990142971,161804.0
33.00000000000001,30.012850016355504,lstm,0.0031355160026578233,47791.0
25.0,30.572475120425214,lstm,0.002620414990815334,50537.0
29.000000000000004,27.702577784657468,lstm,0.0025193580077029765,37536.0
27.00000000000001,27.810887172818173,lstm,0.008290129000670277,239319.0
30.999999999999996,27.109801992774,lstm,0.013282351996167563,362060.0
25.0,28.23714703321456,lstm,0.002345528992009349,52490.0
33.00000000000001,26.6331910341978,lstm,0.0029792150016874075,55053.0
25.0,28.716107532382,lstm,0.00217680299829226,47180.0
30.999999999999996,27.188560366630544,lstm,0.0019458770111668855,43457.0
39.0,28.279882073402394,lstm,0.0021191749983699992,34363.0
30.999999999999996,31.72612614929675,lstm,0.002465514000505209,55176.0
40.99999999999999,31.67906440794467,lstm,0.0020337310124887154,51453.0
35.0,34.6942076832056,lstm,0.0018172659911215305,41625.0
37.00000000000001,35.139583051204674,lstm,0.014927128999261186,329467.0
40.99999999999999,35.75840771198272,lstm,0.00308496700017713,67565.0
27.00000000000001,37.19710677862167,lstm,0.0025915489968610927,47363.0
25.0,33.67348745465278,lstm,0.013621702993987128,343017.0
40.99999999999999,29.850146546959866,lstm,0.012511979002738371,257446.0
47.00000000000001,33.15912425518035,lstm,0.006027357012499124,213134.0
47.00000000000001,37.67422311007976,lstm,0.01205094499164261,272583.0
47.00000000000001,40.72174571454524,lstm,0.01031738700112328,280273.0
37.00000000000001,43.5563201457262,lstm,0.0014258500013966113,40344.0
37.00000000000001,41.9820038229227,lstm,0.0021442430006572977,31800.0
43.0,39.89143580198287,lstm,0.0023896839993540198,51819.0
58.99999999999999,40.24454072117805,lstm,0.002130516993929632,31311.0
78.99999999999999,46.27060696482658,lstm,0.0019724129961105064,37354.0
68.99999999999999,57.761447504162774,lstm,0.016713586999685504,596739.0
83.0,62.86048255860804,lstm,0.013756052998360246,331786.0
61.0,71.22887231409548,lstm,0.0019353350071469322,38208.0
86.99999999999999,68.8370931893587,lstm,0.00468848500167951,111328.0
78.99999999999999,75.36596111953257,lstm,0.008053781988564879,227051.0
81.0,76.20213037122225,linear,0.0004541169910226017,42236.0
109.0,77.32748125786806,linear,0.00032805300725158304,16724.0
119.0,79.94248863286114,linear,0.0002507550088921562,18982.0
104.99999999999999,85.5600505524932,linear,0.000307403999613598,0.0
122.99999999999999,87.26234010708237,linear,0.0003922660107491538,17517.0
149.0,91.50836719163289,linear,0.00036664700019173324,13001.0
161.0,98.1177065577362,linear,0.00025740200362633914,0.0
173.0,103.18045270384152,linear,0.0003261340025346726,16968.0
153.0,108.43149682823805,linear,0.0003464259934844449,16846.0
181.0,112.96192157993633,linear,0.0003209970018360764,0.0
159.0,118.54668258795266,linear,0.00031636099447496235,0.0
168.99999999999997,119.47020562715397,linear,0.00026364899531472474,0.0
165.0,120.21480408327335,linear,0.0003259049990447238,12146.0
219.0,119.47560209368244,linear,0.0004018760082544759,0.0
185.0,125.94811582520015,linear,0.0003261660021962598,0.0
257.0,126.342283825537,linear,0.00038902800588402897,17151.0
211.0,135.90053055248882,linear,0.00043383600132074207,13977.0
279.0,139.9080258736683,linear,0.00039612699765712023,0.0
299.0,150.91424923497104,linear,0.00043011399975512177,22156.0
289.0,158.81606807114005,linear,0.00037208299909252673,0.0
311.0,168.7033009220254,linear,0.0002952270006062463,0.0
277.0,173.97872412231456,linear,0.00032014700991567224,0.0
305.0,180.15127814996077,linear,0.00040664299740456045,28198.0
295.0,182.6503998111656,linear,0.000412009991123341,0.0
293.0,182.29874291884602,linear,0.0006138600001577288,130737.0
349.0,182.63171199750462,linear,0.0003867799969157204,0.0
379.0,186.4989008541382,linear,0.0007330329972319305,15503.0
425.0,196.4538522904129,linear,0.0005737189931096509,15503.0
473.0,208.17585709080578,linear,0.0004106419946765527,0.0
423.0,225.48182293337425,linear,0.0004435820010257885,0.0
341.0,237.7899943689395,linear,0.0005020050011808053,0.0
461.0,236.60305949781312,linear,0.0003506009961711243,16723.0
335.0,244.6652752568383,linear,0.00045498600229620934,0.0
355.0,235.79475614835818,linear,0.00047365798673126847,17212.0
379.0,355.91780275106424,lstm,0.017201025999384,391783.0
317.0,356.1659142374992,lstm,0.0039225579967023805,41748.0
248.99999999999997,338.4050896763801,lstm,0.01664788399648387,241637.0
437.0,297.13548898696894,lstm,0.0019753670057980344,29236.0
339.00000000000006,341.94085568189615,lstm,0.0022918989998288453,31982.0
417.0,334.3833500146865,lstm,0.004224592004902661,76660.0
410.99999999999994,356.7218598723411,lstm,0.001621620001969859,32104.0
349.0,371.9426271319389,lstm,0.0016891170089365914,30639.0
445.0,364.6059960126876,lstm,0.001710536002065055,18006.0
377.0,384.3167087435722,lstm,0.011104955003247596,215148.0
327.0,377.51449614763254,lstm,0.0028268259920878336,43274.0
337.0,352.94872820377344,lstm,0.002364800006034784,36377.0
335.0,340.7008302211761,lstm,0.002453501001582481,38574.0
313.0,334.35309857130045,lstm,0.01044179400196299,261718.0
295.0,317.2200003266334,lstm,0.0028238600061740726,53832.0
167.0,302.928232550621,lstm,0.0027239780029049143,56335.0
343.0,250.5953279137611,lstm,0.0031240950047504157,56885.0
293.0,277.59238272905344,lstm,0.0024012680078158155,34241.0
305.0,276.46201431751246,lstm,0.0018320840026717633,38879.0
271.0,281.77339464426035,lstm,0.008121204999042675,155334.0
305.0,274.4472256302833,lstm,0.014002324009197764,259155.0
268.99999999999994,288.3938148617744,lstm,0.002275573991937563,33813.0
321.00000000000006,275.6068524718284,lstm,0.0022447130031650886,31006.0
286.99999999999994,288.189750611782,lstm,0.012328616008744575,300963.0
305.0,283.63096803426737,lstm,0.00825499600614421,222045.0
250.99999999999994,289.0567931532859,lstm,0.0023524650023318827,26612.0
225.0,271.7750266194343,lstm,0.0025806619960349053,44921.0
237.0,253.0839258432388,lstm,0.014509911998175085,278503.0
257.0,241.83943241834638,lstm,0.009319564996985719,270324.0
315.0,242.76931852102277,lstm,0.013303080006153323,369933.0
281.0,262.8324091434478,lstm,0.0022432489931816235,30030.0
250.99999999999994,267.01154142618174,lstm,0.01314113600528799,338439.0
331.0,261.0992461442947,lstm,0.002548492993810214,35400.0
333.0,178.32948212836217,linear,0.0004943169915350154,19164.0
271.0,185.71333893244577,linear,0.0005233550036791712,0.0
282.99999999999994,181.32103510939052,linear,0.000662841004668735,13794.0
266.99999999999994,181.46160048739483,linear,0.00036538900167215616,10010.0
282.99999999999994,182.87809728939985,linear,0.00034541499917395413,13061.0
317.0,178.30473359107137,linear,0.0004525279946392402,0.0
242.99999999999997,176.98936698345008,linear,0.0003262690006522462,14587.0
281.0,174.10311819860615,linear,0.0002956789976451546,0.0
253.0,173.91383690143235,linear,0.0003154700098093599,0.0
300.99999999999994,172.53433630279162,linear,0.0002848290023393929,0.0
318.99999999999994,174.33560283539782,linear,0.00034430499363224953,16785.0
248.99999999999997,174.76381478903747,linear,0.00038081199454609305,46875.0
253.0,175.08779265338623,linear,0.00027521999436430633,18006.0
355.0,172.30969287229925,linear,0.00029103799897711724,0.0
263.0,182.39375495008872,linear,0.0003750569885596633,12390.0
284.99999999999994,178.61679091801042,linear,0.00038871199649292976,31922.0
293.0,175.32713347509602,linear,0.001308576000155881,25390.0
271.0,179.6081474389468,linear,0.00033291200816165656,13733.0
277.0,181.16398556273657,linear,0.0003042259922949597,26794.0
241.0,173.7686036665901,linear,0.0003833109949482605,18616.0
286.99999999999994,171.52441624509012,linear,0.00034703098936006427,0.0
307.0,171.79771811423763,linear,0.0004346310015534982,0.0
357.00000000000006,173.32390796697712,linear,0.00033691398857627064,15075.0
275.0,181.76811695528997,linear,0.0002553859958425164,0.0
289.0,181.42487518356302,linear,0.00041821399645414203,24841.0
259.0,185.85756090902163,linear,0.00031450900132767856,0.0
293.0,183.0782971762673,linear,0.0003330300096422434,9095.0
282.99999999999994,181.74578550191944,linear,0.00048204598715528846,29785.0
271.0,174.77893881620324,linear,0.0004535810003289953,0.0
275.0,174.31896750130556,linear,0.0003245150001021102,0.0
297.0,172.99976779522183,linear,0.0003128039970761165,14160.0
345.0,176.688383710533,linear,0.00046526700316462666,15930.0
248.99999999999997,181.8909594080401,linear,0.0007970790029503405,0.0
313.0,276.9058203697204,lstm,0.002086121996399015,38208.0
255.0,287.78073549270624,lstm,0.0031336090032709762,102173.0
392.99999999999994,273.74846339225763,lstm,0.0015087479987414554,13977.0
282.99999999999994,312.11548596620554,lstm,0.0034330349881201982,24109.0
333.0,295.6450822949409,lstm,0.003132137004286051,35278.0
291.0,308.4721198678016,lstm,0.0037220939993858337,26916.0
375.00000000000006,298.5596475005149,lstm,0.0014107169990893453,50659.0
395.0,324.6883830428123,lstm,0.021454595000250265,756041.0
427.0,341.0570737719535,lstm,0.002279353007907048,33447.0
427.0,368.6977076530456,lstm,0.009824701002798975,318359.0
423.0,384.5539325475692,lstm,0.011542300999280997,227173.0
439.0,396.2947908043861,lstm,0.012818941002478823,347045.0
355.0,405.7119268178939,lstm,0.004885050992015749,41809.0
395.0,382.11768060922617,lstm,0.002331758994841948,79834.0
385.0,379.79420661926264,lstm,0.0017846110131358728,25512.0
423.0,373.77753853797907,lstm,0.0020734909921884537,68481.0
397.0,382.98110574483866,lstm,0.004289317992515862,49987.0
337.0,378.79399389028544,lstm,0.005976004002150148,50232.0
385.0,360.10051697492594,lstm,0.0015935400006128475,27771.0
355.0,362.97160238027567,lstm,0.0011768729891628027,35706.0
373.0,354.01061415672297,lstm,0.01146656800119672,335509.0
331.0,352.61234492063517,lstm,0.0024805190041661263,65613.0
417.0,338.08622598648066,lstm,0.0038826649979455397,41748.0
401.0,361.73168331384653,lstm,0.004837575994315557,45410.0
305.0,368.33281069993967,lstm,0.0038220010028453544,45166.0
349.0,341.5812429785728,lstm,0.004838345994357951,33691.0
385.0,339.32454913854593,lstm,0.0019153469911543652,46142.0
359.0,351.51506513357157,lstm,0.0022768889903090894,49743.0
405.0,345.6801185011863,lstm,0.002891755008022301,90515.0
387.0,358.9530190825462,lstm,0.0019588840077631176,45349.0
385.0,366.0122093558311,lstm,0.001902076997794211,47058.0
329.0,368.28649371862406,lstm,0.003913908003596589,40100.0
373.0,348.72125744819635,lstm,0.003441135006141849,104186.0
399.0,220.99018727568898,linear,0.0002769819984678179,39795.0
423.0,220.614561684654,linear,0.000647263994324021,22644.0
428.99999999999994,224.20021474703913,linear,0.00023398199118673801,0.0
373.0,228.54034157891115,linear,0.0004132730100536719,0.0
379.0,232.52167120843885,linear,0.00022724799055140465,0.0
409.0,232.97792284073114,linear,0.0006237670022528619,12268.0
369.0,234.0284326395772,linear,0.00029217300470918417,18738.0
325.0,228.77110737151168,linear,0.0002785910037346184,0.0
392.99999999999994,218.63639997175522,linear,0.00028784299502149224,0.0
375.00000000000006,220.6967999663933,linear,0.00031226000282913446,0.0
423.0,220.35565906993926,linear,0.0002885420108214021,23804.0
377.0,221.8708184778444,linear,0.0005328569968696684,12268.0
417.0,222.6164141123179,linear,0.00021789499442093074,0.0
345.0,231.40295640177277,linear,0.00023764600337017328,0.0
315.0,226.6521750798906,linear,0.00025539498892612755,0.0
387.0,220.60735271188742,linear,0.00023393199080601335,20691.0
284.99999999999994,217.40240937992698,linear,0.00027377301012165844,0.0
361.0,208.33704145995534,linear,0.00031188099819701165,25696.0
339.00000000000006,203.11370463787404,linear,0.00082280499918852,7751.0
307.0,202.64537385145323,linear,0.00019931999850086868,0.0
248.99999999999997,201.64748707587577,linear,0.0003314360074000433,0.0
331.0,188.27198697690264,linear,0.0005207849899306893,0.0
343.0,192.7703310212848,linear,0.0007408730016322806,18982.0
385.0,191.27679079564868,linear,0.00030017799872439355,20935.0
268.99999999999994,195.88641547834823,linear,0.0004561400128295645,7690.0
277.0,191.98322094764737,linear,0.000331414004904218,0.0
282.99999999999994,194.37427696979083,linear,0.00033873300708364695,0.0
286.99999999999994,189.8035421225723,linear,0.000555214995983988,0.0
327.0,184.42450469716024,linear,0.00023249699734151363,0.0
331.0,179.14108761289424,linear,0.0003192060103174299,18677.0
257.0,185.16320816369196,linear,0.0003058310103369877,19104.0
286.99999999999994,182.9888970313458,linear,0.0010988520079990849,8118.0
277.0,183.32510156677148,linear,0.00034875400888267905,0.0
261.0,182.35113713720455,linear,0.00035213198862038553,0.0
263.0,266.40133470296854,lstm,0.0016278590046567842,41504.0
289.0,259.43683534860605,lstm,0.0013978210045024753,16907.0
275.0,267.6803714036941,lstm,0.004805769000086002,214110.0
268.99999999999994,266.548726260662,lstm,0.001407490999554284,24230.0
237.0,264.3777507543563,lstm,0.0026324179925723,33509.0
317.0,252.46503025293347,lstm,0.0022645900025963783,60974.0
223.0,272.7225741744041,lstm,0.002264972004923038,36560.0
250.99999999999994,251.22656524181363,lstm,0.0019721059943549335,46875.0
244.99999999999997,248.05324912071225,lstm,0.007044281010166742,200134.0
207.0,243.7370455265045,lstm,0.0036154380068182945,75317.0
189.0,228.92348468303678,lstm,0.01284124499943573,347411.0
219.0,208.36722105741498,lstm,0.011986915007582866,318298.0
171.0,209.88665565848348,lstm,0.0022489510010927916,62866.0
191.0,192.1439181268215,lstm,0.0031132419971982017,31982.0
205.0,187.643758803606,lstm,0.0012052919919369742,21302.0
213.0,191.46944925189015,lstm,0.0032478450011694804,36499.0
213.0,197.86484554409978,lstm,0.0024643760116305202,63782.0
173.0,200.71589335799214,lstm,0.011075021000579,284301.0
203.0,190.9948420524597,lstm,0.002037666999967769,76050.0
147.0,194.02736306190488,lstm,0.0038562080007977784,44495.0
149.0,175.2075074613094,lstm,0.0035413279983913526,26062.0
203.0,162.6672379672527,lstm,0.0038133130001369864,38758.0
119.0,173.28826084733006,lstm,0.003926229008357041,50170.0
163.0,152.69713535904881,lstm,0.0016437860031146556,50476.0
167.0,152.80393749475476,lstm,0.0013332460075616837,25512.0
161.0,157.18842849135396,lstm,0.003793255003984086,34851.0
139.0,157.95382902026174,lstm,0.004147565996390767,37781.0
145.0,147.86859005689618,lstm,0.0036458859976846725,34973.0
147.0,147.4721826612949,lstm,0.003919961993233301,37415.0
173.0,145.50257608294484,lstm,0.0012334160128375515,29846.0
132.99999999999997,153.26148614287374,lstm,0.0013031510025030002,50354.0
129.0,144.71951410174367,lstm,0.0015756820066599175,42541.0
96.99999999999999,109.710314542224,linear,0.0002827420103130862,0.0
127.0,104.99165723304266,linear,0.0003481049934634939,15991.0
197.00000000000003,126.6425408369698,linear,0.12433154699829174,2693780.0
202.0,187.746996730566,lstm,0.06973971000115853,1580257.0
188.00000000000003,192.61724859476087,lstm,0.002019171995925717,38880.0
231.99999999999994,191.3752371072769,lstm,0.0019358199933776632,41198.0
206.00000000000003,204.76595163345334,lstm,0.001403418995323591,24963.0
177.0,203.2575465738773,lstm,0.0022594929978367873,72876.0
201.0,192.80905976891515,lstm,0.0019065589949605055,40283.0
173.0,193.97716268897054,lstm,0.001970320998225361,45044.0
164.0,185.34716710448262,lstm,0.01056225500360597,345092.0
151.00000000000003,173.97418484091756,lstm,0.0020371020000311546,52124.0
182.0,162.89836183190343,lstm,0.001328875994659029,35583.0
130.0,167.8632868826389,lstm,0.0018822319980245084,45899.0
220.0,151.44058331847188,lstm,0.0017634109972277656,43824.0
176.0,173.8718335330486,lstm,0.001550050001242198,43762.0
165.0,173.95661205053327,lstm,0.0016355219995602965,47729.0
142.99999999999997,170.93847200274465,lstm,0.0016888109967112541,56762.0
183.0,159.3373094499111,lstm,0.0013618260054499842,18249.0
182.0,168.26792210340497,lstm,0.001188201000331901,50110.0
139.0,169.23194304108617,lstm,0.0013382210017880425,52429.0
147.0,157.02720567584035,lstm,0.0012498770011006854,20936.0
216.0,152.0904396474361,lstm,0.0013901679994887672,27160.0
199.0,174.3951870501041,lstm,0.0039674299987382255,30091.0
207.0,181.465158611536,lstm,0.0016334609972545877,50354.0
222.0,189.42948058247563,lstm,0.003781636005442124,33325.0
241.99999999999997,202.4837054312229,lstm,0.003683693998027593,34118.0
205.0,217.97460779547689,lstm,0.003726229006133508,25208.0
177.0,211.71270087361333,lstm,0.004193002998363227,40161.0
177.0,198.54218706488606,lstm,0.003600525997171644,26611.0
201.0,189.04436871409413,lstm,0.0023976749944267794,27039.0
198.0,190.17307028174397,lstm,0.003553164002369158,31799.0
203.0,188.7861497700214,lstm,0.003794841999479104,32898.0
206.00000000000003,191.69970422983167,lstm,0.0036734579989570193,34973.0
131.0,196.25971034169194,lstm,0.0035840429991367273,29114.0
172.0,172.6132422685623,lstm,0.004162887002166826,48767.0
183.0,127.32390992849913,linear,0.00032554900099057704,0.0
170.0,126.0037748380712,linear,0.0006677899946225807,8789.0
168.0,122.8172953995407,linear,0.0007819029997335747,9948.0
148.0,119.22378459882755,linear,0.000364286002877634,9460.0
156.0,120.73424385080023,linear,0.0004508799975155853,8972.0
165.0,119.17904737334534,linear,0.0008373279997613281,9949.0
163.0,117.5170249092893,linear,0.0009533330012345687,9644.0
131.99999999999997,116.85989597553677,linear,0.0002767969999695197,15747.0
145.0,113.32047795261137,linear,0.0007550469963462092,6409.0
167.0,113.00862378684728,linear,0.0006474100009654649,0.0
174.0,114.15622965143534,linear,0.0008476000002701767,6164.0
144.0,115.08883365627649,linear,0.0006551729966304265,7874.0
152.0,113.21003607253893,linear,0.0005044749996159226,6958.0
122.99999999999999,115.07941657526587,linear,0.0006496790010714903,6958.0
158.0,112.86396121205219,linear,0.0003330769977765158,10009.0
150.0,112.06034985199857,linear,0.0007990079975570552,7691.0
106.99999999999997,109.83570834024184,linear,0.0005079319962533191,0.0
131.0,106.11704786825916,linear,0.000583317996643018,8056.0
120.0,104.13499608919807,linear,0.0006940929961274378,14954.0
144.0,103.82081442209329,linear,0.0006204220044310205,0.0
142.99999999999997,102.5513394737733,linear,0.00021343299886211753,0.0
166.0,101.97043202316314,linear,0.0005819090001750737,0.0
120.99999999999999,107.67347852745169,linear,0.00047227700270013884,0.0
104.99999999999999,106.61478637114371,linear,0.000769195998145733,8361.0
120.99999999999999,105.00691876496727,linear,0.0004777180001838133,0.0
77.99999999999999,102.83029879509125,linear,0.0005857479991391301,7813.0
104.99999999999999,96.46349540280322,linear,0.0005472690027090721,0.0
82.0,90.67891538024959,linear,0.0004150060049141757,14831.0
124.99999999999997,86.93461328478587,linear,0.0004707240004790947,0.0
82.0,88.93845032121162,linear,0.0006761870026821271,10437.0
74.0,85.18366891683084,linear,0.0005956029999651946,0.0
74.0,84.65808466548671,linear,0.0006359910039464012,0.0
118.0,81.69793934667977,linear,0.0006867679985589348,4883.0
78.99999999999999,93.34070026874541,lstm,0.0016317019981215708,52612.0
81.0,86.19802594184874,lstm,0.0028027500011376105,26123.0
87.99999999999999,84.14828673005103,lstm,0.0031172460003290325,29480.0
73.00000000000001,85.5502265691757,lstm,0.0028959830015082844,20630.0
74.0,81.13369315862654,lstm,0.0034116189999622293,22705.0
80.00000000000001,76.08917631208895,lstm,0.003427529001783114,22949.0
78.99999999999999,76.8350002914667,lstm,0.0012680399959208444,31189.0
74.0,76.93587981164454,lstm,0.0012469110006350093,26001.0
66.0,74.89438615739344,lstm,0.0049560999977984466,48584.0
80.00000000000001,71.39340221881865,lstm,0.002595418998680543,31128.0
43.0,73.82492847740649,lstm,0.003920080998796038,44190.0
58.0,62.11446352303027,lstm,0.004074902004504111,29663.0
39.99999999999999,59.15696822106837,lstm,0.004414939998241607,44983.0
45.000000000000014,51.07327185571193,lstm,0.002686855004867539,20324.0
57.0,47.576135843992226,lstm,0.0037624770047841594,30761.0
68.0,48.81652481853961,lstm,0.0029785190054099075,33264.0
63.000000000000014,55.7083036750555,lstm,0.0036390860041137785,37537.0
37.00000000000001,58.046513274312005,lstm,0.003371218997926917,24902.0
48.0,51.30499862134456,lstm,0.004193641994788777,49377.0
58.99999999999999,49.95226614177226,lstm,0.0012847649995819665,33264.0
58.0,52.333210781216614,lstm,0.004113748000236228,46081.0
40.99999999999999,53.22688736021518,lstm,0.00415872699522879,41931.0
41.999999999999986,48.15121471881866,lstm,0.005885741004021838,58837.0
45.000000000000014,46.16673067212104,lstm,0.004507975005253684,29907.0
45.000000000000014,45.215051472187035,lstm,0.005177760998776648,46509.0
43.0,44.040946140885346,lstm,0.004527967001195066,34424.0
45.000000000000014,42.64591306447982,lstm,0.003825758001767099,34362.0
31.999999999999993,43.28361384570598,lstm,0.0035619289992609993,30151.0
29.000000000000004,39.05697651207446,lstm,0.0038383240025723353,38391.0
39.0,34.77314338088035,lstm,0.0035992830016766675,27893.0
46.00000000000001,35.322492569684975,lstm,0.0038363740022759885,41320.0
36.00000000000001,38.43621015548705,lstm,0.00392045799526386,29236.0
31.999999999999993,57.145221471133056,linear,0.00047145099961198866,14221.0
27.00000000000001,57.11414033758201,linear,0.00040702999831410125,15869.0
33.00000000000001,56.88660756958628,linear,0.000763814001402352,12818.0
39.99999999999999,56.316034436008685,linear,0.0008461090037599206,6714.0
30.0,55.788717350446724,linear,0.00031748100445838645,14160.0
39.0,55.19715691330547,linear,0.0006905909976921976,17761.0
43.0,55.88423876043456,linear,0.00021670400019502267,0.0
48.0,57.44208268330288,linear,0.0007439799956046045,4150.0
19.000000000000007,58.896619871008966,linear,0.0004478310002014041,0.0
21.999999999999996,56.80407113457861,linear,0.000596417004999239,10131.0
29.000000000000004,55.98117266161731,linear,0.0003013599998666905,8789.0
34.0,55.050357074301985,linear,0.0008403809988521971,0.0
27.00000000000001,54.21517673899562,linear,0.00044850500125903636,15014.0
37.00000000000001,52.22000866040081,linear,0.00039473100332543254,0.0
25.0,53.961505414292986,linear,0.0005772129952674732,8605.0
30.999999999999996,54.21918296915201,linear,0.0005124059971421957,8606.0
25.999999999999996,54.40256296157851,linear,0.0005384149990277365,0.0
30.999999999999996,53.63829533536583,linear,0.0007241440034704283,15259.0
18.00000000000001,54.01849173031624,linear,0.00038761799805797637,0.0
21.0,52.175993172429436,linear,0.0003273920010542497,23132.0
16.999999999999996,51.77128880991947,linear,0.0008440279998467304,10986.0
16.0,50.42799995434538,linear,0.00039882800047053024,8240.0
13.999999999999991,49.453822623212204,linear,0.0006987469969317317,4211.0
24.000000000000004,47.830634158368426,linear,0.0006295139974099584,5676.0
18.00000000000001,48.43326123507088,linear,0.000881591004144866,8973.0
13.999999999999991,48.14907766142211,linear,0.0005203059990890324,0.0
16.0,47.836716269119115,linear,0.0006748119994881563,8545.0
16.0,47.83783208200759,linear,0.0005426549978437833,0.0
10.000000000000005,48.02295309745865,linear,0.0004970720037817955,9949.0
21.0,46.66760506258487,linear,0.0006634780002059415,6226.0
20.000000000000004,46.98577354869997,linear,0.0008830779988784343,4517.0
13.999999999999991,47.57670445125919,linear,0.00022670000180369243,0.0
15.000000000000004,47.36202057313464,linear,0.0002232269980595447,0.0
31.999999999999993,47.26399749767766,linear,0.0006836229949840344,5371.0
20.000000000000004,21.269721835851662,lstm,0.002157463997718878,16785.0
13.999999999999991,20.774642601609223,lstm,0.003459823004959617,40405.0
12.999999999999995,18.247166424989693,lstm,0.004261111993400846,30518.0
11.999999999999998,16.326155439019196,lstm,0.002427352999802679,57800.0
15.000000000000004,14.527418091893187,lstm,0.0028209800002514385,28198.0
13.999999999999991,13.48689079284667,lstm,0.0032012199953896925,34485.0
12.999999999999995,13.136348202824584,lstm,0.00362180399679346,25146.0
11.000000000000002,12.862595692276946,lstm,0.0033451390045229346,39184.0
11.000000000000002,12.000580281019202,lstm,0.0034883740008808672,33996.0
16.0,11.419658586382859,lstm,0.0033098750063800253,23804.0
11.999999999999998,12.63226091861724,lstm,0.003928792997612618,47608.0
11.000000000000002,12.187488451600066,lstm,0.0012929139993502758,12024.0
7.999999999999996,11.539813205599778,lstm,0.0032763620038167574,36621.0
11.999999999999998,10.105963945388787,lstm,0.004488851998758037,37536.0
12.999999999999995,10.477129295468323,lstm,0.00439248800103087,32837.0
11.000000000000002,10.891854241490357,lstm,0.003999662003479898,27832.0
11.999999999999998,10.719034448266022,lstm,0.0035856230024364777,28565.0
18.00000000000001,10.9828745573759,lstm,0.0012175140000181273,24903.0
12.999999999999995,13.441788479685775,lstm,0.003370115999132395,25146.0
12.999999999999995,13.237006068229666,lstm,0.001761976003763266,31128.0
11.000000000000002,12.985037788748732,lstm,0.003171721997205168,33996.0
20.000000000000004,12.183268144726744,lstm,0.003443729001446627,28503.0
10.000000000000005,14.72213737666606,lstm,0.003498448997561354,27038.0
13.999999999999991,12.753603607416144,lstm,0.003369627993379254,44372.0
18.00000000000001,12.959538623690596,lstm,0.0024666569952387363,19714.0
16.999999999999996,14.545549452304831,lstm,0.004005850001703948,37781.0
21.999999999999996,15.440813079476348,lstm,0.0032757400040281937,40833.0
21.0,17.367516160011284,lstm,0.0036062680010218173,31189.0
20.000000000000004,18.92038516700267,lstm,0.0031565620010951534,44372.0
25.0,19.396721273660653,lstm,0.003531721005856525,22095.0
25.0,21.25658214092254,lstm,0.0016744899985496886,30151.0
12.999999999999995,22.63840459287166,lstm,0.0034838950014091097,31860.0
21.999999999999996,49.565407835494284,linear,0.00020846400002483279,0.0
28.000000000000007,49.66987577873088,linear,0.00041263200546381995,0.0
27.00000000000001,50.46987956937921,linear,0.0006205690006026998,12939.0
34.0,50.6698654445736,linear,0.0007342579992837273,7264.0
39.99999999999999,51.5667027992569,linear,0.0004760449955938384,7629.0
34.0,54.17763598375728,linear,0.0006510050006909296,9033.0
30.999999999999996,55.31117083099353,linear,0.0006436620024032891,10132.0
36.00000000000001,55.576799235914734,linear,0.0006072730029700324,7934.0
37.00000000000001,56.44285046785665,linear,0.0005797999983769841,0.0
37.00000000000001,56.7374161907333,linear,0.0008882460024324246,7019.0
46.00000000000001,56.458419024734006,linear,0.000696370996593032,11596.0
58.99999999999999,57.64221228953682,linear,0.0002011460019275546,11231.0
65.0,60.38176272561389,linear,0.00020846300321863964,23620.0
41.999999999999986,63.20451639019311,linear,0.00066895000054501,8789.0
72.00000000000001,63.61406767185325,linear,0.0002926270026364364,0.0
53.0,67.01544602788253,linear,0.0008019630040507764,11841.0
85.99999999999999,67.66530993383161,linear,0.0008545429955120198,9644.0
67.0,70.32245209293086,linear,0.0007488949995604344,10071.0
75.0,70.53699546508503,linear,0.00045690499973716214,0.0
71.0,73.655424594629,linear,0.0005726029994548298,8728.0
82.0,73.58136517931668,linear,0.0008436900025117211,8728.0
90.0,76.35443002791364,linear,0.0008518350005033426,0.0
86.99999999999999,76.80744545224421,linear,0.0006449339998653159,12573.0
106.99999999999997,78.71944303727587,linear,0.000772660001530312,7996.0
102.99999999999999,81.85192599995128,linear,0.00032586699671810493,0.0
114.99999999999999,84.93028755560044,linear,0.0006813670042902231,5554.0
121.99999999999999,88.1157945924789,linear,0.000657892000162974,8362.0
158.0,91.23146677953592,linear,0.00022321500000543892,20263.0
100.0,98.14953381819556,linear,0.0006583520007552579,0.0
132.99999999999997,97.35099264895908,linear,0.0007654740038560703,5981.0
111.0,100.21086005992194,linear,0.0002481299961800687,27405.0
128.0,99.80925605083458,linear,0.0005844620027346537,7141.0
157.0,100.36215538533489,linear,0.0007955149994813837,9399.0
141.99999999999997,149.99954366324576,svm,0.0007039330012048595,15564.0
194.0,156.24171000753964,svm,0.0010864599971682765,15198.0
216.0,167.87528834409682,svm,0.0011001250022673048,17884.0
218.0,184.66151658394196,svm,0.0006954279961064458,6531.0
155.0,198.365346371176,svm,0.0003342540003359318,0.0
204.0,189.69965971740461,svm,0.0004361690007499419,0.0
148.0,203.9639537212727,svm,0.0008700589969521388,11841.0
176.0,193.98515294757854,svm,0.000952481001149863,6469.0
168.99999999999997,192.29973708684335,svm,0.0007700720016146079,8056.0
160.00000000000003,181.72364424351645,svm,0.0007983280011103489,6653.0
167.0,184.77911813133096,svm,0.0005122959992149845,11658.0
156.0,177.37842180637915,svm,0.0009690610022516921,6470.0
174.0,178.85416648723034,svm,0.000813019993074704,9399.0
213.0,180.16805430154344,svm,0.0006842329967184924,5188.0
198.0,189.61393437891306,svm,0.000889800998265855,9826.0
145.0,194.00728060715298,svm,0.0011282810010015965,9400.0
171.0,184.44225159361318,svm,0.0009320300014223903,8667.0
138.0,188.43884733829418,svm,0.0005079280017525889,0.0
162.0,182.98337345047972,svm,0.0010397469959571026,6836.0
154.0,178.8055784794934,svm,0.0007901629942352884,6531.0
182.0,169.62507557813942,svm,0.0010204819991486147,5798.0
139.0,179.09323805396147,svm,0.000561152002774179,14710.0
158.0,168.79815101334233,svm,0.0009233419987140223,4944.0
139.0,174.02600401140842,svm,0.0002682040067156777,20569.0
148.0,168.45586861488997,svm,0.0006945739951333962,16845.0
137.0,170.55675836343926,svm,0.0008057389932218939,5981.0
131.0,161.32163263810077,svm,0.0008859360023052432,0.0
151.00000000000003,160.795675191292,svm,0.0007935749963507988,15198.0
152.0,160.83141987214313,svm,0.0011727480014087632,17334.0
154.0,163.55791890502522,svm,0.0008200029988074675,6409.0
145.0,164.11513360521877,svm,0.0007429999968735501,11108.0
144.0,163.52666165164032,svm,0.0006831869977759197,9400.0
135.0,165.90205817001555,svm,0.0007828500019968487,0.0
120.99999999999999,110.03356103444777,linear,0.0005102610011817887,0.0
128.0,106.99598656021915,linear,0.0006115870055509731,0.0
152.0,104.5126482216141,linear,0.0008020469977054745,4638.0
152.0,105.28266559066597,linear,0.000272392004262656,0.0
159.0,106.1061059067189,linear,0.0003468590002739802,10620.0
168.0,108.44314429744567,linear,0.0007089700011420064,16540.0
144.0,112.98159358600473,linear,0.0005553299997700378,0.0
184.0,114.4218928509458,linear,0.0005060250041424297,0.0
144.0,117.5786763208949,linear,0.0007021749988780357,11108.0
160.00000000000003,116.74457289148877,linear,0.0002698840035009198,8972.0
165.0,116.80713096385466,linear,0.0002662780025275424,0.0
147.0,116.59462525398266,linear,0.0005292759960866533,10009.0
127.0,116.78680137952969,linear,0.00018839599943021312,0.0
119.0,111.26427855511857,linear,0.0005002879988751374,0.0
126.00000000000001,108.78574789793754,linear,0.00027844400028698146,0.0
139.0,105.53398739935048,linear,0.0010252990032313392,7874.0
121.99999999999999,103.12331469057519,linear,0.0003179100021952763,0.0
162.0,100.71658795689596,linear,0.0005741960048908368,8362.0
174.0,104.18294814548234,linear,0.00038251600199146196,0.0
149.0,109.56417220763328,linear,0.0002408540021860972,33081.0
148.0,111.6885427611881,linear,0.0005509130060090683,14099.0
159.0,112.51416146336335,linear,0.0003351679988554679,0.0
144.0,116.05195732808782,linear,0.00025773499510250986,0.0
141.0,114.28526035168127,linear,0.0004876229941146448,13794.0
162.0,111.11100719897573,linear,0.0007164409980759956,20081.0
127.0,112.4248231093185,linear,0.0006621020002057776,0.0
162.0,110.3214093369294,linear,0.00031195999326882884,18860.0
157.0,110.67749392367824,linear,0.0002923219944932498,0.0
168.0,111.97789123462009,linear,0.0002974179951706901,17150.0
149.0,114.5698920634976,linear,0.0006597409956157207,25695.0
175.0,113.31658974291722,linear,0.0003261539968661964,15686.0
157.0,117.92952929457972,linear,0.0002712960049393587,18799.0
166.0,117.44466873392504,linear,0.000281106993497815,0.0
131.0,118.29054766704425,linear,0.0002929129987023771,26978.0
149.0,168.3743212261085,svm,0.00034475899883545935,0.0
172.0,171.3722322512534,svm,0.0009065289996215142,9704.0
161.0,172.66383766711417,svm,0.0006698069992125966,8484.0
161.0,173.4694082667274,svm,0.0006837860055384226,9094.0
144.0,170.58306397272364,svm,0.00030460699781542644,0.0
162.0,170.88000787988022,svm,0.001001821001409553,9949.0
158.0,175.53037538471565,svm,0.0009589439941919409,11718.0
208.0,173.06523031701755,svm,0.0006966969958739355,7812.0
176.0,184.61741600367134,svm,0.00030105499899946153,33935.0
234.0,182.7139730636326,svm,0.0006724310005665757,10681.0
191.0,200.78190343113758,svm,0.0007995709966053255,13367.0
210.0,199.6499885375205,svm,0.0008208299987018108,9278.0
157.0,210.6827158102476,svm,0.0008837150016915984,13489.0
170.0,196.17641020096335,svm,0.0010404669956187718,15075.0
209.0,199.65726126479328,svm,0.001170475996332243,7629.0
192.0,198.3537409553155,svm,0.0005982590009807609,0.0
200.0,199.22801561682417,svm,0.0006219639981281944,0.0
200.0,195.66577190309093,svm,0.00043522100168047473,0.0
217.0,201.15760942726902,svm,0.0003683440008899197,19104.0
158.0,211.19180671933867,svm,0.0009151899939752184,0.0
183.0,197.70321871160152,svm,0.0010473360016476363,13244.0
170.0,198.69277383732694,svm,0.00037098499888088554,23133.0
193.0,193.5738570094741,svm,0.00039713399746688083,9033.0
132.99999999999997,196.89083960135014,svm,0.0005630550003843382,9582.0
184.0,176.79598466904838,svm,0.0006524839991470799,10986.0
193.0,186.0725804137293,svm,0.00041106600110651925,0.0
186.0,188.02600401140808,svm,0.0003895879999618046,0.0
188.00000000000003,191.72704849883573,svm,0.0004686049942392856,0.0
236.0,187.2523096206925,svm,0.001054744003340602,8056.0
151.00000000000003,207.8339730636327,svm,0.000986150000244379,7934.0
199.0,195.9212457909055,svm,0.0009262020030291751,17578.0
171.0,200.0730446303638,svm,0.000281323998933658,0.0
215.00000000000003,195.1353270288163,svm,0.0002804789983201772,0.0
199.0,190.68420618772504,lstm,0.001442189997760579,41320.0
209.0,189.85514640808103,lstm,0.0013210629986133426,18860.0
181.0,197.46473208069798,lstm,0.0014472410039161332,38024.0
215.00000000000003,190.1254943013191,lstm,0.002703398000448942,23499.0
170.0,198.73511537909505,lstm,0.0037477259975275956,32714.0
137.0,186.12090185284612,lstm,0.003217286997823976,42236.0
167.0,166.66244998574254,lstm,0.004895862002740614,43579.0
177.0,163.41969385743138,lstm,0.00443611300579505,33508.0
158.0,166.14243015646932,lstm,0.002745868005149532,31250.0
161.0,159.54153329133985,lstm,0.00820111199573148,289306.0
181.0,158.57393041253087,lstm,0.002408544001809787,28687.0
153.0,166.73563152551648,lstm,0.0037794550007674843,31921.0
197.00000000000003,160.7217828929424,lstm,0.004001295994385146,27526.0
186.99999999999997,171.83250322937963,lstm,0.0013005490036448464,20203.0
194.0,176.83817729353902,lstm,0.001887728001747746,46020.0
192.0,182.66447052359578,lstm,0.002129635999153834,31250.0
156.0,184.89080652594564,lstm,0.0018825609949999489,39123.0
168.0,175.02532497048375,lstm,0.0019988970016129315,59509.0
180.0,170.21041586995122,lstm,0.01609660299436655,558287.0
188.00000000000003,171.6298398375511,lstm,0.0024038509945967235,75866.0
160.00000000000003,175.10421633720395,lstm,0.0018798129967763089,38879.0
182.0,167.68890663981435,lstm,0.0029978239981574006,22827.0
193.0,172.39171162247655,lstm,0.0023027499992167577,68481.0
184.0,178.81356462836263,lstm,0.0027287050033919513,47363.0
177.99999999999997,179.3827740848064,lstm,0.0017808299962780438,50232.0
160.00000000000003,177.2821961343288,lstm,0.002167683996958658,21240.0
182.0,170.86988314986226,lstm,0.005602981000265572,104858.0
153.0,173.1177285313606,lstm,0.0021228900004643947,46386.0
166.0,163.68135288357732,lstm,0.0030881460043019615,28015.0
193.0,162.3827041685581,lstm,0.003146825998555869,23559.0
138.0,171.4307406544685,lstm,0.0019073889998253435,24170.0
114.99999999999999,158.97189825773236,lstm,0.002634087002661545,32348.0
165.0,141.07864826917645,lstm,0.0024514260003343225,21363.0
161.0,171.57200014293625,svm,0.0003532190021360293,0.0
151.00000000000003,173.67969840212388,svm,0.00037478400190593675,0.0
142.99999999999997,164.92348950463833,svm,0.000384565006243065,0.0
139.0,162.4608202589903,svm,0.00036056899989489466,24780.0
151.00000000000003,167.51242567485102,svm,0.0005940169940004125,10193.0
147.0,166.94236764777182,svm,0.0011109249971923418,12818.0
141.99999999999997,164.5832187116017,svm,0.0010501810029381886,20630.0
129.0,162.523180026882,svm,0.0003891119995387271,0.0
141.99999999999997,158.85664230928063,svm,0.001098180997360032,9644.0
155.0,161.0896790597642,svm,0.0007722219961578958,0.0
133.99999999999997,163.08410846015101,svm,0.0007330779990297742,7996.0
173.0,159.3979189050252,svm,0.00037406499905046076,0.0
136.0,166.26677770579894,svm,0.0007667309982934967,5126.0
123.99999999999999,164.22608138084723,svm,0.000259631997323595,0.0
140.0,161.12093631314903,svm,0.0006437539996113628,7568.0
161.0,158.95474675802336,svm,0.0008761339995544404,14526.0
147.0,167.507783508507,svm,0.0007863709979574196,6897.0
124.99999999999997,161.43629414680473,svm,0.0008283179995487444,7934.0
130.0,156.575945984329,svm,0.000794810002844315,7141.0
121.99999999999999,157.92140052978334,svm,0.0011945439982810058,16235.0
108.0,156.17083960135017,svm,0.0003944449999835342,0.0
117.0,147.54693244467705,svm,0.0010901999994530343,12390.0
142.99999999999997,143.29176803461905,svm,0.0012277739951969124,11047.0
91.0,148.8891374736906,svm,0.0010906219977186993,8057.0
131.99999999999997,138.67389569419348,svm,0.000894224998774007,20508.0
113.99999999999999,142.62793824738492,svm,0.0008398290010518394,8667.0
105.99999999999999,142.0735088469982,svm,0.0008099210026557557,6897.0
96.99999999999999,141.81385700947396,svm,0.0007376729990937747,10132.0
115.99999999999997,131.5343985955476,svm,0.0003285769998910837,0.0
104.99999999999999,138.96650691276196,svm,0.0005584980026469566,20447.0
122.99999999999999,133.9246500462245,svm,0.0004609520037774928,0.0
117.0,136.5846113615051,svm,0.00039926599856698886,18005.0
93.99999999999999,136.8190407618918,svm,0.0003373529980308376,30395.0
101.0,106.20603978633878,lstm,0.008444102997600567,303955.0
82.0,103.15582185983655,lstm,0.004219789996568579,52490.0
93.99999999999999,94.81910213828085,lstm,0.003906447003828362,42724.0
80.00000000000001,92.33124896883963,lstm,0.0035192889990867116,32348.0
88.99999999999997,86.05648607015608,lstm,0.00399803100299323,32898.0
117.0,86.12135112285613,lstm,0.0030341249948833138,23742.0
90.0,95.86914286017416,lstm,0.003032122003787663,24903.0
78.99999999999999,94.1508750617504,lstm,0.004583672001899686,35157.0
82.0,88.29191878437994,lstm,0.005129372999363113,79468.0
61.0,85.89267432689665,lstm,0.006791102998249698,57434.0
81.0,76.21332071721552,lstm,0.0017092249981942587,20813.0
63.000000000000014,75.11096946895121,lstm,0.004255041996657383,41137.0
75.99999999999999,69.56312783062457,lstm,0.00194755700067617,41260.0
81.0,70.87606884539126,lstm,0.0042848140001297,106872.0
54.000000000000014,73.52353118360041,lstm,0.004462939003133215,29297.0
70.0,66.88949249684809,lstm,0.004201170995656867,29114.0
80.00000000000001,66.74510657787322,lstm,0.004045843001222238,29358.0
68.0,71.2346353381872,lstm,0.003936499997507781,32715.0
68.0,69.48751695454119,lstm,0.0031447889996343292,24536.0
75.99999999999999,67.98996411263941,lstm,0.003169913004967384,23559.0
57.0,71.17943443357943,lstm,0.003994542996224482,27771.0
61.0,65.79515628516673,lstm,0.003238528996007517,21301.0
61.0,62.85369105637072,lstm,0.004443786994670518,32471.0
61.0,61.470946520566926,lstm,0.004824388997803908,39184.0
45.000000000000014,60.53275279700755,lstm,0.00361650299601024,41565.0
49.99999999999999,53.821950629353516,lstm,0.0019140780059387907,43701.0
56.00000000000001,51.83021403849124,lstm,0.004244283998559695,31616.0
50.999999999999986,52.40573622286319,lstm,0.0044660880012088455,36987.0
61.0,51.12740881741046,lstm,0.0018700400032685138,36133.0
65.0,53.813022375106804,lstm,0.004443003999767825,30762.0
58.99999999999999,58.01766268908976,lstm,0.004029353003716096,32715.0
72.00000000000001,58.546601906418786,lstm,0.0029578989997389726,19959.0
48.99999999999999,63.15959237515925,lstm,0.002848032003385015,21240.0
39.99999999999999,95.96364424351651,svm,0.00025213699700543657,0.0
41.999999999999986,92.2884411487389,svm,0.0009968720041797496,13549.0
36.00000000000001,88.89780285086668,svm,0.000799459005065728,7385.0
28.000000000000007,86.45122644854555,svm,0.0010473350048414432,9887.0
39.99999999999999,78.94809298626306,svm,0.00042458200186956674,0.0
35.0,78.474437280267,svm,0.0003971289988839999,23011.0
28.000000000000007,77.70894405009291,svm,0.0009403710064361803,8850.0
36.00000000000001,74.96031735763644,svm,0.0005488890019478276,0.0
34.0,75.07884733829408,svm,0.0006720640012645163,11779.0
30.999999999999996,76.44364424351653,svm,0.0007477299950551242,0.0
31.999999999999993,74.83405043307172,svm,0.0008829430007608607,8545.0
24.000000000000004,74.01393437891296,svm,0.0008974390002549626,5798.0
28.000000000000007,73.10437925318767,svm,0.0007757390048936941,5188.0
25.0,72.34677770579894,svm,0.0009015359974000603,0.0
27.00000000000001,70.78020130347784,svm,0.0007447570023941807,5615.0
25.0,70.63923418548949,svm,0.0009264949985663407,5310.0
18.00000000000001,69.09648757040237,svm,0.0008134189993143082,6347.0
21.999999999999996,67.81261909844882,svm,0.0006522650000988506,0.0
19.000000000000007,67.1805107812341,svm,0.00034637199860299006,0.0
21.999999999999996,66.29958234796528,svm,0.0005985449970467016,0.0
30.0,65.97045275415489,svm,0.0012518329967861064,6775.0
19.000000000000007,67.08194211585703,svm,0.0009009540008264594,15992.0
21.999999999999996,66.41764811198847,svm,0.0003959659952670336,0.0
30.999999999999996,66.35822838278152,svm,0.00039834000199334696,0.0
21.0,68.88573321837147,svm,0.0002903649947256781,0.0
10.000000000000005,68.43977577156299,svm,0.00030674500158056617,28015.0
10.000000000000005,63.968441148738954,svm,0.00032781400659587234,0.0
22.999999999999993,62.631961458216736,svm,0.0008577109983889386,5371.0
22.999999999999993,64.78066552011225,svm,0.0009514949997537769,5798.0
18.00000000000001,63.681710007539714,svm,0.0008431719979853369,3602.0
12.999999999999995,62.22159395338118,svm,0.00026421600341564044,23010.0
16.0,61.74484346982211,svm,0.00041796499863266945,0.0
15.000000000000004,63.39281252204653,svm,0.0004537519998848438,0.0
13.999999999999991,15.237706378102294,lstm,0.0020646389966714196,51208.0
7.999999999999996,14.16719362139701,lstm,0.0018807230007951148,12817.0
11.999999999999998,11.5751627087593,lstm,0.0039348709979094565,28382.0
15.000000000000004,11.377198398113244,lstm,0.006380688995704986,258911.0
10.000000000000005,12.197728902101508,lstm,0.0026408329940750264,34607.0
16.0,11.117223948240273,lstm,0.003176327001710888,41809.0
13.999999999999991,12.499374449253073,lstm,0.0031787619955139235,23621.0
18.00000000000001,13.120424523949614,lstm,0.0028801939988625236,36194.0
13.999999999999991,14.728184118866912,lstm,0.0030494570019072853,23255.0
16.0,14.31691698729991,lstm,0.005169416006538086,50964.0
11.999999999999998,14.939296990633002,lstm,0.0018582240008981898,39184.0
11.000000000000002,13.647865355014792,lstm,0.002273261998197995,75745.0
21.0,12.451071441173545,lstm,0.004053044998727273,31860.0
12.999999999999995,14.945042282342902,lstm,0.0032662619996699505,36377.0
13.999999999999991,14.18838381767272,lstm,0.0030675189991598018,24658.0
18.00000000000001,13.834551870822898,lstm,0.004229385995131452,61829.0
15.000000000000004,15.203828662633887,lstm,0.0020487089932430536,51269.0
10.000000000000005,15.172912254929534,lstm,0.006136449999758042,67565.0
16.0,12.837389111518851,lstm,0.003434311001910828,31311.0
9.000000000000009,13.694634512066832,lstm,0.0035445260000415146,35278.0
18.00000000000001,11.821483224630349,lstm,0.003566514002159238,36865.0
9.000000000000009,13.43724898993968,lstm,0.0035239049975643866,43640.0
13.999999999999991,11.651642471551888,lstm,0.0027175829964107834,29724.0
24.000000000000004,12.337078824639311,lstm,0.0015092289977474138,46997.0
12.999999999999995,16.09346225857734,lstm,0.0019290119962533936,39367.0
19.000000000000007,15.294866710901251,lstm,0.0036264089940232225,26306.0
12.999999999999995,16.269119232892983,lstm,0.0029541300027631223,38696.0
19.000000000000007,15.320587530732146,lstm,0.004871826000453439,33569.0
12.999999999999995,16.431113407015793,lstm,0.0026945040008286014,62439.0
21.0,14.639158695936194,lstm,0.002508855002815835,25208.0
11.999999999999998,16.746971458196633,lstm,0.003912458996637724,45960.0
21.0,14.801152870059004,lstm,0.004624193003110122,41077.0
24.000000000000004,16.847354471683495,lstm,0.0043389290003688075,41687.0
24.000000000000004,48.359876878963014,linear,0.0005770869975094683,8118.0
33.00000000000001,49.4107493163364,linear,0.0003348160025780089,24963.0
25.0,50.60076968476379,linear,0.00028025699430145323,46142.0
25.999999999999996,51.825901078571164,linear,0.0003991589983343147,0.0
38.0,52.28896416720115,linear,0.00026349099789513275,19593.0
39.99999999999999,53.67373464444796,linear,0.000678857002640143,5798.0
37.00000000000001,55.22741198233386,linear,0.0005534680021810345,0.0
25.0,55.6120983027329,linear,0.0006839000052423216,7568.0
44.0,55.562678572865984,linear,0.0006945329951122403,7629.0
27.00000000000001,57.316575316726414,linear,0.0006699500008835457,8484.0
36.00000000000001,56.23946592440311,linear,0.0005602649980573915,6714.0
34.0,55.857241712728424,linear,0.0004665650048991665,0.0
44.0,55.59349389397084,linear,0.00026505300047574565,16113.0
48.99999999999999,57.42415104745853,linear,0.0004715859977295622,6408.0
68.0,57.95823376800821,linear,0.00030217800667742267,0.0
84.99999999999999,61.95142513066855,linear,0.000443639000877738,7202.0
68.0,66.74301895352824,linear,0.00025544300297042355,0.0
75.0,69.96196959488027,linear,0.00021104299958096817,0.0
71.0,72.91537145070691,linear,0.0006678900026599877,8789.0
57.0,75.00192888599007,linear,0.0006610089985770173,5188.0
59.99999999999999,73.87365701492249,linear,0.0007089310020091943,6897.0
53.0,71.48024178953783,linear,0.0007130579979275353,4821.0
58.0,70.01816305787332,linear,0.0005865459970664233,7447.0
83.0,68.3982908214967,linear,0.0006641689979005605,8178.0
88.99999999999997,69.6600262202468,linear,0.0007025329978205264,8239.0
75.0,72.79201755571746,linear,0.00038122499972814694,0.0
93.0,74.19801734426495,linear,0.0007619550015078858,9643.0
85.99999999999999,78.05796408654122,linear,0.0009332400004495867,13427.0
97.99999999999997,80.72422941986035,linear,0.000623728999926243,0.0
101.0,82.18242874263954,linear,0.00020584500452969223,0.0
87.99999999999999,83.38055422858646,linear,0.0002620169980218634,0.0
106.99999999999997,84.56663739739155,linear,0.0006808359976275824,0.0
189.0,85.95527663916037,linear,0.00039491600182373077,0.0
191.0,129.63986113667485,lstm,0.00185581899859244,50110.0
177.0,152.74139538407323,lstm,0.003784491003898438,35828.0
197.00000000000003,163.53715315461156,lstm,0.004660765000153333,38696.0
185.0,178.67503926157949,lstm,0.004508110003371257,34912.0
173.0,183.5539977252483,lstm,0.004275737002899405,55419.0
215.00000000000003,178.26382532715795,lstm,0.0031845539997448213,32287.0
239.0,189.5266894996166,lstm,0.00353808199724881,36133.0
215.00000000000003,206.404033601284,lstm,0.004022095003165305,34058.0
297.0,208.3689410984516,lstm,0.0012334459970588796,29969.0
268.99999999999994,239.63501363992688,lstm,0.001572815999679733,48279.0
209.0,251.17666631937024,lstm,0.004766020996612497,115539.0
259.0,235.91621398925778,lstm,0.0047920119977789,59021.0
259.0,242.35299766063687,lstm,0.0021010820055380464,27221.0
246.99999999999997,247.47925192117688,lstm,0.003918128997611348,46692.0
286.99999999999994,242.4464118480682,lstm,0.004193824999674689,30640.0
300.99999999999994,254.81818825006482,lstm,0.0035402850044192746,33447.0
323.0,271.0365438461303,lstm,0.003264303995820228,26856.0
281.0,287.14233428239817,lstm,0.003896455993526615,39001.0
235.0,283.25826883316034,lstm,0.0038505959964822978,33264.0
271.0,265.4836484789848,lstm,0.0029924770060461015,30640.0
323.0,264.26961869001383,lstm,0.004047631999128498,39063.0
299.0,280.5425545573234,lstm,0.001329509999777656,27221.0
268.99999999999994,281.5523073077201,lstm,0.0023217449997900985,32410.0
279.0,274.32593613862986,lstm,0.0020164320012554526,33874.0
315.0,275.6313940882682,lstm,0.0028652090040850453,25146.0
307.0,287.1125084161758,lstm,0.001810132001992315,32287.0
335.0,289.0068587660789,lstm,0.002904241999203805,33692.0
323.0,301.5700384974479,lstm,0.0016414779965998605,13794.0
242.99999999999997,307.2403931617736,lstm,0.002919824000855442,33325.0
353.0,282.69232213497156,lstm,0.002303731998836156,16418.0
339.00000000000006,303.63593190908426,lstm,0.006187350001710001,59753.0
242.99999999999997,311.9190111756324,lstm,0.004056165002111811,37842.0
363.0,282.73399323225016,lstm,0.005049646002589725,58655.0
359.0,188.58956393251705,linear,0.0006269760051509365,9521.0
309.0,199.80830395721753,linear,0.0004216539964545518,0.0
299.0,195.42550756479133,linear,0.0004589099989971146,0.0
321.00000000000006,191.55983999263705,linear,0.0003161979984724894,0.0
295.0,198.96081807810077,linear,0.00022874100250191987,0.0
277.0,192.40686157680202,linear,0.0003102909977314994,9399.0
315.0,184.49214295297116,linear,0.0008553989973734133,5616.0
289.0,185.1750234788846,linear,0.00029916699713794515,29968.0
317.0,184.1792594838217,linear,0.0003015789989149198,0.0
255.0,183.86989945933107,linear,0.0002896939986385405,23499.0
309.0,179.89625276579014,linear,0.00026644700119504705,20874.0
341.0,182.98672090106305,linear,0.0005681170005118474,5310.0
286.99999999999994,185.72441739736803,linear,0.0006149370019556955,6287.0
321.00000000000006,185.37740414274813,linear,0.0006811249986640178,9765.0
281.0,185.83635603293953,linear,0.00027471199427964166,44738.0
321.00000000000006,188.19669593092647,linear,0.00029264300246722996,18432.0
275.0,189.37326711436737,linear,0.0006269849982345477,5005.0
327.0,183.02826654870964,linear,0.0007168140000430867,6897.0
279.0,186.91386373863193,linear,0.0002180660012527369,7690.0
284.99999999999994,182.86917821513734,linear,0.000257072999374941,22583.0
303.0,183.13541150756433,linear,0.0004943990061292425,24658.0
337.0,181.53543809989878,linear,0.0006881950030219741,5432.0
317.0,187.57362087215336,linear,0.0008352330041816458,4272.0
305.0,186.66364400953663,linear,0.000448148995928932,0.0
367.0,189.0641869497919,linear,0.0004821500042453408,11231.0
397.0,197.09118273239733,linear,0.0007117890054360032,13489.0
351.0,206.28601671876166,linear,0.0008453219998045824,16113.0
309.0,207.54493582690463,linear,0.0004579269952955656,0.0
257.0,206.55085035314767,linear,0.0003153299985569902,19104.0
345.0,201.6230487679004,linear,0.0003839900018647313,46936.0
371.0,199.6918894787663,linear,0.0007072139997035265,8301.0
295.0,197.51877898986064,linear,0.0007302520025405101,6958.0
359.0,191.984606481225,linear,0.0007601599936606362,16967.0
363.0,322.48779445886606,lstm,0.001477113000873942,26245.0
303.0,335.87347298860544,lstm,0.002165243997296784,23194.0
403.0,319.4991078972816,lstm,0.003170398995280266,26916.0
373.0,342.7609428763389,lstm,0.002696805000596214,32410.0
289.0,350.531698167324,lstm,0.0029650240030605346,32715.0
387.0,323.9209255576133,lstm,0.003953766994527541,27161.0
349.0,341.03033334016794,lstm,0.003299634001450613,29846.0
381.0,340.88989287614817,lstm,0.0014163500018185005,19348.0
373.0,347.362992465496,lstm,0.001273346999369096,37719.0
401.0,350.1213708519935,lstm,0.0018421509957988746,34058.0
435.0,366.17492169141764,lstm,0.0035747900037677027,32410.0
373.0,383.31560939550394,lstm,0.0017694549969746731,12268.0
405.0,375.12700825929636,lstm,0.0033195979995070957,33508.0
375.00000000000006,380.2288272976875,lstm,0.0013825829955749214,14892.0
349.0,373.1691405177116,lstm,0.002260245004436001,48401.0
345.0,358.4239557385444,lstm,0.004074271004355978,41809.0
335.0,345.5581906437873,lstm,0.004317548999097198,39978.0
303.0,336.3406857848167,lstm,0.002415529001154937,35462.0
337.0,317.22063869237894,lstm,0.0031832179956836626,22827.0
381.0,317.9323455691337,lstm,0.006949256996449549,143737.0
345.0,334.5121225714683,lstm,0.008781311000348069,385986.0
365.0,332.8886520862579,lstm,0.004317664999689441,108642.0
309.0,339.9472394585609,lstm,0.007818165002390742,183898.0
359.0,326.6626355051994,lstm,0.003529989000526257,39856.0
333.0,334.08512681722635,lstm,0.0029583279974758625,41748.0
405.0,326.959333717823,lstm,0.003283673999249004,32409.0
399.0,349.3559703230857,lstm,0.004859232998569496,52368.0
369.0,360.3784897923469,lstm,0.006114205003541429,53100.0
369.0,360.6668892502784,lstm,0.0021830249970662408,28931.0
381.0,358.97160261869425,lstm,0.005314636000548489,46448.0
381.0,363.26638549566263,lstm,0.003098924004007131,32592.0
293.0,362.2362050414085,lstm,0.005881161996512674,53466.0
325.0,212.61567176074644,linear,0.0005975640015094541,28137.0
375.00000000000006,208.33935540012112,linear,0.00032302099862135947,12451.0
341.0,209.14216567859577,linear,0.00030530599906342104,24231.0
381.0,205.29275171171702,linear,0.0006725269995513372,6958.0
248.99999999999997,205.45702269176573,linear,0.0007543499959865585,6714.0
329.0,200.82549260069788,linear,0.000870957002916839,8239.0
375.00000000000006,201.1739962335484,linear,0.0002130049979314208,0.0
359.0,201.5323681440398,linear,0.0007067640035529621,0.0
357.00000000000006,203.24994903636636,linear,0.0006099079982959665,13001.0
389.0,201.04995272523934,linear,0.0005982739967294037,9583.0
323.0,214.47981316415937,linear,0.0006907860006322153,7813.0
355.0,213.68884679818925,linear,0.0006624820016440935,7629.0
331.0,211.7710770267136,linear,0.0006554969950229861,0.0
311.0,209.07193831393732,linear,0.0002197760040871799,0.0
293.0,204.51575910207134,linear,0.00023488599981646985,0.0
353.0,195.28934994799468,linear,0.00025192600151058286,0.0
349.0,198.30409689090067,linear,0.0005148330019437708,8301.0
335.0,197.8608696015513,linear,0.00054650500533171,6226.0
323.0,198.20709003960027,linear,0.0006131300033302978,5859.0
365.0,199.30423915767784,linear,0.00020521099941106513,0.0
423.0,206.25959890605955,linear,0.00020477100042626262,0.0
311.0,213.25476493609492,linear,0.0007821559993317351,13122.0
329.0,209.35208269326472,linear,0.0007060089992592111,12695.0
263.0,208.6287935783376,linear,0.0006811279963585548,5738.0
323.0,202.6439123700496,linear,0.0006216639958438464,5615.0
282.99999999999994,198.64183030569157,linear,0.0006326740040094592,7264.0
293.0,185.3334436929492,linear,0.00034344800224062055,41138.0
275.0,183.54634690421742,linear,0.0002994759997818619,23133.0
299.0,178.4013480910575,linear,0.0004074640019098297,20264.0
281.0,181.83436936999004,linear,0.0005978799963486381,5005.0
300.99999999999994,177.8393575905564,linear,0.0002194620028603822,27283.0
275.0,179.58678887931111,linear,0.0004621819971362129,0.0
261.0,177.83049086548547,linear,0.000485543001559563,13733.0
263.0,176.36355870311692,linear,0.000653441995382309,10559.0
271.0,262.53581732511515,lstm,0.003721554996445775,36804.0
239.0,262.1699628233909,lstm,0.0026678850044845603,16907.0
241.0,249.4545683264732,lstm,0.003970272002334241,51880.0
127.0,243.08410376310346,lstm,0.0038753420012653805,29357.0
239.0,198.780013769865,lstm,0.003792469004110899,40711.0
246.99999999999997,208.6105979979038,lstm,0.001264423000975512,25879.0
228.99999999999997,217.08711981773374,lstm,0.0018854260051739402,51941.0
207.0,218.33000019192693,lstm,0.0023260080051841214,51270.0
241.0,211.54800251126287,lstm,0.00156980400061002,26490.0
197.00000000000003,225.01517906785008,lstm,0.003682269998535048,35766.0
230.99999999999997,212.39218801259992,lstm,0.003489982002065517,25635.0
193.0,215.6806759536266,lstm,0.0016396210048696958,20813.0
215.00000000000003,205.17344176769254,lstm,0.001979551998374518,24292.0
230.99999999999997,207.13029876351354,lstm,0.0014282470001489855,31921.0
145.0,212.25130423903462,lstm,0.0031064460054039955,42664.0
195.0,187.42563277482984,lstm,0.00395300799573306,40039.0
195.0,186.69128164649007,lstm,0.0027835299988510087,23743.0
235.0,187.90660589933393,lstm,0.0018567770021036267,57556.0
183.0,201.87326818704602,lstm,0.004219877999275923,40344.0
205.0,192.10347056388852,lstm,0.004062386004079599,37353.0
203.0,197.9986363649368,lstm,0.003511224997055251,32532.0
186.99999999999997,198.49665030837056,lstm,0.0032044550025602803,47241.0
185.0,193.1139503419399,lstm,0.0045606460043927655,39856.0
189.0,186.6703929007053,lstm,0.0013877450037398376,23987.0
147.0,186.39883920550344,lstm,0.0013414310014923103,44433.0
173.0,170.02780780196187,lstm,0.0035849979976774193,26000.0
183.0,168.23187217116353,lstm,0.00185220199637115,26489.0
173.0,171.3364930450916,lstm,0.0034199039946543053,37048.0
173.0,170.0494413077831,lstm,0.0032720840026740916,39428.0
163.0,169.04603675007817,lstm,0.004440377997525502,44251.0
167.0,166.9802142679691,lstm,0.00394653500552522,41687.0
167.0,165.5728483200073,lstm,0.0042273590006516315,29175.0
153.0,120.98975990781429,linear,0.0002300749983987771,21118.0
127.0,119.02548570840271,linear,0.0006909029980306514,0.0
112.99999999999999,114.51183768487955,linear,0.0002714000002015382,0.0
131.0,109.6189770433949,linear,0.000822000001790002,7812.0
151.00000000000003,106.20771734656996,linear,0.0004484940000111237,0.0
159.0,104.79710845544386,linear,0.00044278099812800065,13489.0
186.99999999999997,105.46691288465664,linear,0.000343321000400465,18250.0
151.00000000000003,111.34087021585397,linear,0.0010195150025538169,7873.0
147.0,114.88950486899579,linear,0.0005866840001544915,0.0
147.0,116.31422383815287,linear,0.0008207819992094301,21118.0
161.0,115.91496161930594,linear,0.0006033070021658204,7385.0
131.0,116.12679934295065,linear,0.0006575940060429275,6226.0
135.0,110.724791305702,linear,0.0007150969977374189,0.0
153.0,109.15096218622838,linear,0.0006566880038008094,8972.0
127.0,109.79701721589718,linear,0.0005613449975498952,0.0
124.99999999999997,107.81197188066066,linear,0.0007667899990337901,9888.0
117.0,104.33712904212722,linear,0.0009079680021386594,7813.0
151.00000000000003,102.96035725967283,linear,0.0006732939946232364,9277.0
102.99999999999999,104.57751408162429,linear,0.0002641989995026961,0.0
127.0,99.71618659071733,linear,0.0007456839957740158,16174.0
149.0,99.70661407584099,linear,0.000581170002988074,8850.0
111.0,102.13861759857492,linear,0.0005646849967888556,0.0
104.99999999999999,101.43884909820379,linear,0.0005597739946097136,0.0
120.99999999999999,96.98706283114711,linear,0.0005406100026448257,13244.0
83.0,98.72999206911588,linear,0.0006250529986573383,7813.0
104.99999999999999,94.39245860554277,linear,0.0005628229991998523,7630.0
129.0,90.22061904552955,linear,0.0008088670001598075,8056.0
86.99999999999999,92.07912548386302,linear,0.0008029579985304736,8606.0
93.0,90.23903085003613,linear,0.00022532099683303386,23010.0
96.99999999999999,87.53455740853964,linear,0.0007287299958989024,6348.0
81.0,88.87832062144372,linear,0.0005708569951821119,10620.0
65.0,86.50712386548359,linear,0.0005123750015627593,8118.0
71.0,80.33461399140998,linear,0.00043391499639255926,0.0
61.0,74.76704992353915,lstm,0.0012199490010971203,36988.0
65.0,68.30974988639353,lstm,0.006268402001296636,60912.0
76.99999999999999,65.07826268672942,lstm,0.0046130030023050494,35705.0
61.0,68.06419186294077,lstm,0.004990367997379508,45898.0
73.00000000000001,65.39934292435645,lstm,0.003773741002078168,35095.0
84.99999999999999,67.4149916321039,lstm,0.003053366999665741,23743.0
48.99999999999999,73.67062129080294,lstm,0.0032158190006157383,23986.0
45.000000000000014,65.04456229507922,lstm,0.003315860994916875,29236.0
68.99999999999999,56.754824519157395,lstm,0.0028801599983125925,23193.0
48.99999999999999,60.295458063483224,lstm,0.0035936770000262186,28991.0
37.00000000000001,55.21924458444118,lstm,0.00203326900373213,21789.0
43.0,46.78669907152652,lstm,0.0017810639983508736,24047.0
48.99999999999999,44.86437588930129,lstm,0.0033205869985977188,30517.0
47.00000000000001,45.889103636145585,lstm,0.0037961429989081807,31067.0
58.99999999999999,44.76533167064189,lstm,0.003112491001957096,33081.0
40.99999999999999,49.36390571296214,lstm,0.001508187000581529,36682.0
47.00000000000001,46.8706353008747,lstm,0.003786934001254849,34973.0
29.000000000000004,46.76208652555942,lstm,0.001484554995840881,11780.0
40.99999999999999,39.98548835515975,lstm,0.0036595609999494627,44678.0
45.000000000000014,39.484708160161965,lstm,0.0033325580006930977,23377.0
30.999999999999996,40.08502021431922,lstm,0.0040724439968471415,42298.0
25.0,36.58224530518054,lstm,0.0030404659992200322,18799.0
67.0,31.599880456924428,lstm,0.003030790998309385,35889.0
40.99999999999999,43.921518549323075,lstm,0.004412376001710072,28869.0
43.0,43.007343336939805,lstm,0.004690380999818444,55420.0
27.00000000000001,42.70573325455188,lstm,0.004110198002308607,33142.0
22.999999999999993,37.48434476554393,lstm,0.003299140000308398,36804.0
58.99999999999999,32.48946085572242,lstm,0.0029389030023594387,18859.0
30.999999999999996,39.603311195969574,lstm,0.004205618002742995,43945.0
37.00000000000001,36.41470976173877,lstm,0.0031391779994009994,22827.0
35.0,36.03427037596702,lstm,0.0036978450007154606,46691.0
30.999999999999996,35.890221372246735,lstm,0.003100488997006323,21972.0
19.000000000000007,34.48735944926738,lstm,0.003984244001912884,40589.0
21.0,54.27961959844665,linear,0.000293673001579009,23315.0
22.999999999999993,53.29894712430145,linear,0.0007013069989625365,8911.0
37.00000000000001,51.971714974779424,linear,0.0008969030022853985,10803.0
21.0,52.220782901874756,linear,0.0007517019985243678,7996.0
29.000000000000004,51.24743107483033,linear,0.000715319998562336,8728.0
30.999999999999996,52.19889412014759,linear,0.0007519989958382212,10987.0
39.0,53.17737588429494,linear,0.00020181499712634832,0.0
39.0,54.72696518354189,linear,0.0007705169991822913,0.0
22.999999999999993,54.95111431143317,linear,0.0009548890011501499,10498.0
21.0,55.07780610601369,linear,0.0006370629998855293,8484.0
22.999999999999993,54.2706202176968,linear,0.00024023900186875835,0.0
27.00000000000001,53.4994383551665,linear,0.0005592820016318001,6347.0
27.00000000000001,52.368663210478495,linear,0.000572334996832069,0.0
30.999999999999996,51.24438926984681,linear,0.0009339429961983114,8362.0
25.0,52.02652117961204,linear,0.0007946630066726357,6530.0
29.000000000000004,52.394262866224885,linear,0.0007655200024601072,13000.0
21.0,52.9666393277814,linear,0.0005747960021835752,10681.0
30.999999999999996,52.37197899720272,linear,0.00026456899649929255,0.0
45.000000000000014,52.77003606823911,linear,0.0002695960065466352,0.0
29.000000000000004,54.18615714754972,linear,0.0003441219960222952,36621.0
33.00000000000001,54.536580238550265,linear,0.0003185929963365197,0.0
37.00000000000001,54.90985069129748,linear,0.0002732249995460734,0.0
40.99999999999999,56.453514422792296,linear,0.0006193040026118979,5920.0
16.999999999999996,57.41854703497427,linear,0.0010255529996356927,13306.0
57.0,54.67767245298256,linear,0.000921860002563335,8911.0
39.0,57.447338492148916,linear,0.000600049999775365,10742.0
48.99999999999999,58.034403213200314,linear,0.0006979710015002638,10864.0
40.99999999999999,59.17829132360736,linear,0.00034988300467375666,0.0
40.99999999999999,59.19505854858369,linear,0.0007109500002115965,9216.0
43.0,61.43528457262489,linear,0.000696786999469623,6714.0
50.999999999999986,60.12064590750913,linear,0.000601571002334822,5677.0
50.999999999999986,61.29142705861852,linear,0.0002554809980210848,0.0
39.0,61.50727033329471,linear,0.0006197079928824678,8484.0
53.0,43.946831524372094,lstm,0.0012615480009117164,20203.0
63.000000000000014,46.971239969134324,lstm,0.008261258000857197,268248.0
47.00000000000001,52.610155120491974,lstm,0.005408443001215346,43273.0
55.00000000000001,50.51883347332477,lstm,0.00505953399988357,45959.0
81.0,51.78567916154861,lstm,0.005466957998578437,45898.0
67.0,62.55445711314677,lstm,0.003660874004708603,28870.0
75.0,64.47974160313605,lstm,0.0052160260020173155,51758.0
94.99999999999999,68.05990062654017,lstm,0.004562761001579929,32105.0
94.99999999999999,78.49492855370043,lstm,0.004580870998324826,47913.0
76.99999999999999,85.34880444407462,lstm,0.0012841269999626093,16235.0
94.99999999999999,82.29796588420866,lstm,0.004716853996796999,54444.0
75.0,87.18226179480551,lstm,0.004250723999575712,28015.0
68.99999999999999,83.01297098398207,lstm,0.0034971529967151582,44068.0
76.99999999999999,76.82631142437457,lstm,0.0029455539988703094,35583.0
83.0,75.36938346922396,lstm,0.004713724003522657,48828.0
101.0,77.5109852850437,lstm,0.0037720190011896193,30823.0
88.99999999999997,84.56872150301932,lstm,0.005254333002085332,47119.0
88.99999999999997,86.38036802411078,lstm,0.003939488000469282,28076.0
102.99999999999999,87.85355657339095,lstm,0.0038923969987081364,41015.0
112.99999999999999,93.36389422416686,lstm,0.004811812003026716,34668.0
131.0,100.45431122183797,lstm,0.0026484139962121844,62683.0
131.0,110.897371917963,lstm,0.006747233004716691,56275.0
109.0,118.81324902176854,lstm,0.003963109003962018,49804.0
111.0,116.37483373284337,lstm,0.004214909000438638,29174.0
120.99999999999999,114.5050427317619,lstm,0.0032843640001374297,35949.0
129.0,116.17254272103307,lstm,0.0052589629995054565,37780.0
120.99999999999999,119.27505344152448,lstm,0.0035671350051416084,33692.0
147.0,118.6591191589832,lstm,0.0038914540054975078,32532.0
122.99999999999999,128.68006050586698,lstm,0.0036893450014758855,35644.0
141.0,126.93464443087575,lstm,0.003293547000794206,24537.0
135.0,131.57176867127416,lstm,0.003982092996011488,34607.0
142.99999999999997,132.198129594326,lstm,0.004022318003990222,44800.0
175.0,135.88736936450002,lstm,0.0012037280030199327,30334.0
155.0,148.50353345274922,lstm,0.0021655039963661693,16785.0
183.0,151.35780856013295,lstm,0.009833203999733087,91492.0
183.0,162.37718939781186,lstm,0.004725735998363234,39307.0
171.0,170.21422833204267,lstm,0.0042687690001912415,33508.0
173.0,170.87254300713536,lstm,0.0036742570009664632,43518.0
165.0,170.35122871398923,lstm,0.0037774349984829314,37842.0
171.0,168.13757136464116,lstm,0.003956387998186983,32288.0
161.0,167.25893184542653,lstm,0.003852042995276861,37537.0
149.0,163.0885238945484,lstm,0.0038304620029521175,35644.0
191.0,156.5899960696697,lstm,0.0039975070030777715,34424.0
221.0,167.0108203589916,lstm,0.0036339599973871373,38940.0
239.0,185.2567674219608,lstm,0.004064559005200863,30884.0
228.99999999999997,203.86867538094518,lstm,0.003975997999077663,38757.0
273.0,213.60868260264394,lstm,0.0028604000035556965,22095.0
227.0,236.55926108360288,lstm,0.003713453006639611,34973.0
205.0,233.4286445379257,lstm,0.0031958350009517744,22400.0
279.0,222.20700815320012,lstm,0.003986620999057777,38086.0
217.0,239.917419552803,lstm,0.002973665999888908,24719.0
179.0,230.00781983137128,lstm,0.004719627999293152,41626.0
253.0,207.88803890347478,lstm,0.0037107340031070635,30457.0
293.0,221.60293683409688,lstm,0.00449872999888612,48462.0
303.0,245.794321000576,lstm,0.0035184169973945245,29175.0
277.0,261.76697671413416,lstm,0.0019836840001516975,24536.0
259.0,266.90933197736734,lstm,0.002354898999328725,27648.0
228.99999999999997,266.3296249508857,lstm,0.003722953006217722,26794.0
271.0,251.48872077465055,lstm,0.003235467003833037,31860.0
271.0,254.23670798540113,lstm,0.002087754000967834,95032.0
264.99999999999994,255.15471339225766,lstm,0.007656212001165841,190124.0
197.00000000000003,255.10375052690503,lstm,0.007407804005197249,181030.0
268.99999999999994,232.03636884689328,lstm,0.001549144995806273,31616.0
291.0,243.78077358007428,lstm,0.001332603998889681,21911.0
257.0,256.7210146784782,lstm,0.002925961001892574,28626.0
213.0,163.20441218994688,linear,0.0002280429980601184,0.0
259.0,158.07282652210753,linear,0.00037425900518428534,30091.0
259.0,164.00822599184738,linear,0.0003677200002130121,21241.0
291.0,163.12032358144438,linear,0.0007465429953299463,5860.0
321.00000000000006,163.2685275070207,linear,0.0007733699967502616,0.0
250.99999999999994,169.61184845356476,linear,0.0006585110022570007,0.0
295.0,173.01538241083117,linear,0.0005595640031970106,13000.0
227.0,176.47691773655197,linear,0.0002498539979569614,16357.0
327.0,173.22828002523622,linear,0.0006077989964978769,0.0
264.99999999999994,176.86034015635605,linear,0.0008675429999129847,0.0
313.0,171.55334002138284,linear,0.0007290490029845387,7690.0
289.0,177.4885937407361,linear,0.00039901099808048457,0.0
307.0,176.99641914942055,linear,0.0008015010025701486,8606.0
327.0,184.5673198244143,linear,0.000249458993494045,26489.0
261.0,184.73843836358043,linear,0.00020652099919971079,0.0
307.0,184.1127758846825,linear,0.0004519540016190149,8484.0
315.0,183.5931399811424,linear,0.0011139380003442056,9887.0
297.0,186.18438678403086,linear,0.00030390199390240014,0.0
303.0,185.15866050784123,linear,0.0006714799965266138,10315.0
309.0,182.9144098561889,linear,0.0005684200004907325,8911.0
284.99999999999994,187.4955347327146,linear,0.00032402199576608837,0.0
317.0,185.30820928407937,linear,0.0007021889978204854,7691.0
355.0,185.58316854550063,linear,0.0008916369988583028,12024.0
289.0,191.32838917355483,linear,0.0006036949998815544,6775.0
335.0,189.82501371535312,linear,0.00023393900482915342,22400.0
281.0,192.36911899436862,linear,0.0008872450052876957,6653.0
271.0,191.85470042655194,linear,0.00026698199508246034,27588.0
357.00000000000006,187.26737002713787,linear,0.00041495199548080564,12146.0
277.0,187.81094286249146,linear,0.0005711639969376847,5676.0
297.0,186.50448031961454,linear,0.0005886310027563013,8118.0
317.0,182.83228134774905,linear,0.0005241570033831522,0.0
293.0,186.40022148552404,linear,0.0004691300055128522,8423.0
361.0,188.37266592900005,linear,0.00025959499907912686,0.0
300.99999999999994,310.40714830160135,lstm,0.003062968004087452,125060.0
197.00000000000003,183.68328452110288,lstm,0.018697248000535183,446898.0
202.0,187.746996730566,lstm,0.003610747000493575,82458.0
188.00000000000003,192.61724859476087,lstm,0.002159649993700441,42542.0
231.99999999999994,134.71499526043013,linear,0.12393527499807533,2196466.0
206.00000000000003,139.12570678445965,linear,0.0002929010006482713,32410.0
177.0,138.6580682795075,linear,0.0002298500039614737,0.0
201.0,136.58343133105524,linear,0.0003790680057136342,20263.0
173.0,136.5287732994097,linear,0.0002958030017907731,22400.0
164.0,134.99631267193857,linear,0.00032284599728882313,62744.0
151.00000000000003,128.42482537566175,linear,0.0005331089996616356,14588.0
182.0,123.12517552297301,linear,0.0003064779957639985,0.0
130.0,123.66231904424939,linear,0.0003105930009041913,0.0
220.0,116.77234002450336,linear,0.00035125200520269573,128905.0
176.0,121.49488440309001,linear,0.00032686199847375974,0.0
165.0,122.68265037120642,linear,0.00031740000122226775,0.0
142.99999999999997,123.86362894586735,linear,0.00038562199915759265,19165.0
183.0,120.08397488826893,linear,0.0002988380001625046,17762.0
182.0,125.16194767629914,linear,0.00031850400409894064,14588.0
197.00000000000003,126.6425408369698,linear,0.08694746300170664,1704768.0
139.0,121.64618102335838,linear,0.00036685400118585676,0.0
202.0,128.94322948408606,linear,0.00019826799689326435,0.0
147.0,157.02720567584035,lstm,0.002268614000058733,76599.0
188.00000000000003,192.61724859476087,lstm,0.02576749999570893,813657.0
216.0,152.0904396474361,lstm,0.0026803490036400035,34668.0
231.99999999999994,191.3752371072769,lstm,0.0017683400001260452,37353.0
199.0,174.3951870501041,lstm,0.0045290089983609505,45227.0
206.00000000000003,204.76595163345334,lstm,0.0016478339966852218,48523.0
207.0,181.465158611536,lstm,0.0017750869956216775,27161.0
177.0,203.2575465738773,lstm,0.0017421800002921373,47485.0
222.0,189.42948058247563,lstm,0.0049512249970575795,45471.0
201.0,192.80905976891515,lstm,0.0018583569981274195,44617.0
241.99999999999997,202.4837054312229,lstm,0.004037029000755865,33386.0
173.0,193.97716268897054,lstm,0.0018132810000679456,18555.0
205.0,217.97460779547689,lstm,0.0037946269949316047,43823.0
164.0,185.34716710448262,lstm,0.002067782996164169,46447.0
177.0,211.71270087361333,lstm,0.005498847996932454,59387.0
151.00000000000003,173.97418484091756,lstm,0.002214122003351804,48706.0
177.0,198.54218706488606,lstm,0.0057523689974914305,58166.0
182.0,162.89836183190343,lstm,0.0021445530001074076,49500.0
201.0,189.04436871409413,lstm,0.0029863470044801943,35278.0
130.0,167.8632868826389,lstm,0.003175372999976389,49072.0
198.0,190.17307028174397,lstm,0.004825328003789764,42786.0
220.0,151.44058331847188,lstm,0.002042583000729792,63476.0
203.0,188.7861497700214,lstm,0.004809735997696407,36560.0
176.0,173.8718335330486,lstm,0.0037600729992846027,127624.0
206.00000000000003,191.69970422983167,lstm,0.004470990999834612,34546.0
165.0,173.95661205053327,lstm,0.007514067001466174,194640.0
131.0,196.25971034169194,lstm,0.007721107998804655,76538.0
142.99999999999997,170.93847200274465,lstm,0.001964261995453853,40772.0
172.0,172.6132422685623,lstm,0.004126949999772478,29114.0
183.0,159.3373094499111,lstm,0.0021157650044187903,73303.0
183.0,169.7997339069843,lstm,0.002356061006139498,54565.0
182.0,168.26792210340497,lstm,0.010204858997894917,285949.0
170.0,126.0037748380712,linear,0.0006185430029290728,0.0
139.0,121.64618102335838,linear,0.000300808998872526,0.0
168.0,122.8172953995407,linear,0.00048292300198227167,7629.0
147.0,117.96128901012132,linear,0.0007736129991826601,9827.0
148.0,119.22378459882755,linear,0.00032658000418450683,0.0
216.0,116.20271095540902,linear,0.0002908059977926314,0.0
156.0,120.73424385080023,linear,0.000641992999590002,8606.0
199.0,123.41005469740688,linear,0.0007432740021613427,0.0
165.0,119.17904737334534,linear,0.00022740099666407332,0.0
207.0,125.02142735770451,linear,0.0006020410000928678,0.0
163.0,117.5170249092893,linear,0.00044095700286561623,8240.0
222.0,127.45367945434145,linear,0.0004124220067751594,0.0
131.99999999999997,116.85989597553677,linear,0.00029141899722162634,30456.0
241.99999999999997,135.46102811731544,linear,0.0002595769983599894,22461.0
145.0,113.32047795261137,linear,0.00046701999963261187,0.0
205.0,144.5856239777566,linear,0.0003972060003434308,0.0
167.0,113.00862378684728,linear,0.00034637799399206415,0.0
177.0,143.45961905041912,linear,0.0002684069986571558,16968.0
174.0,114.15622965143534,linear,0.00032226099574472755,0.0
177.0,141.1718645553411,linear,0.00033330899896100163,0.0
144.0,115.08883365627649,linear,0.00030542600143235177,0.0
201.0,138.22786563537076,linear,0.0005337840048014186,0.0
152.0,113.21003607253893,linear,0.0002651030008564703,13794.0
198.0,136.2812568314194,linear,0.00026839999918593094,0.0
122.99999999999999,115.07941657526587,linear,0.0002693720016395673,0.0
203.0,132.14457309269434,linear,0.0003232099988963455,0.0
158.0,112.86396121205219,linear,0.0007859679972170852,15869.0
206.00000000000003,131.9937600334483,linear,0.0007763479952700436,11353.0
150.0,112.06034985199857,linear,0.0006574120052391663,7141.0
131.0,134.7909213651598,linear,0.0006509829981951043,8911.0
106.99999999999997,109.83570834024184,linear,0.0007094950051396154,5371.0
172.0,130.10311892426137,linear,0.0007331060041906312,0.0
131.0,106.11704786825916,linear,0.0006983519997447729,5493.0
183.0,127.32390992849913,linear,0.000724378005543258,9887.0
120.0,104.13499608919807,linear,0.0006580090048373677,6714.0
170.0,126.0037748380712,linear,0.00040884300688048825,23132.0
144.0,124.8418332636356,lstm,0.001968646000023,11779.0
168.0,168.27356100082395,lstm,0.0018383350034127943,41504.0
142.99999999999997,129.1236715018749,lstm,0.005321815006027464,163452.0
148.0,165.15580043196675,lstm,0.004301372995541897,126282.0
166.0,132.28927403688428,lstm,0.00519135499780532,36377.0
156.0,159.80730623006818,lstm,0.0018692910016397946,80383.0
120.99999999999999,144.99204307794568,lstm,0.002760228999250103,34179.0
165.0,156.74733549356458,lstm,0.006287755000812467,202453.0
104.99999999999999,136.41504958271977,lstm,0.004588779003825039,34607.0
163.0,157.25762024521825,lstm,0.005254595998849254,118103.0
120.99999999999999,125.25693058967587,lstm,0.001991181998164393,56275.0
131.99999999999997,157.62679070234296,lstm,0.004270304998499341,163696.0
77.99999999999999,121.84004247188565,lstm,0.003618137998273596,21850.0
145.0,146.9731757044792,lstm,0.004334334000304807,162902.0
104.99999999999999,104.18598458170888,lstm,0.004665558997658081,46753.0
167.0,145.29954031109807,lstm,0.0031213219990604557,110535.0
82.0,100.37997707724568,lstm,0.0036843449997832067,33631.0
174.0,151.52715280652043,lstm,0.007793249002133962,263671.0
124.99999999999997,92.0920568704605,lstm,0.00579911900422303,58411.0
144.0,157.88804188370702,lstm,0.008807298996543977,292114.0
82.0,102.52314820885655,lstm,0.001789709996955935,38818.0
152.0,151.76368504762647,lstm,0.0017500789981568232,49256.0
74.0,93.80523547530173,lstm,0.005142590998730157,55603.0
122.99999999999999,152.0255036652088,lstm,0.002035998993960675,49560.0
74.0,87.02373430132864,lstm,0.0041751649987418205,39062.0
158.0,141.04093149304387,lstm,0.0015199299959931523,65185.0
118.0,80.76986014842986,lstm,0.001356469001621008,44556.0
150.0,144.77217927575109,lstm,0.009869499997876119,330382.0
78.99999999999999,93.34070026874541,lstm,0.0012953359982930124,24780.0
106.99999999999997,144.1734631359577,lstm,0.0018698589992709458,43457.0
81.0,80.84647270407031,linear,0.00039652200212003663,11413.0
131.0,106.11704786825916,linear,0.0002587790004326962,0.0
87.99999999999999,80.68777932934589,linear,0.0008498770039295778,7751.0
120.0,104.13499608919807,linear,0.0006033210011082701,7873.0
73.00000000000001,82.05694259469861,linear,0.0005779249986517243,8972.0
144.0,103.82081442209329,linear,0.0008875040002749301,9582.0
74.0,81.87661491164175,linear,0.00018785799329634756,0.0
142.99999999999997,102.5513394737733,linear,0.0002569920034147799,19409.0
80.00000000000001,77.6778530491839,linear,0.0006028490024618804,6653.0
166.0,101.97043202316314,linear,0.0002971159992739558,0.0
78.99999999999999,77.7947224816051,linear,0.00022026099759386852,0.0
120.99999999999999,107.67347852745169,linear,0.00026597499527269974,0.0
74.0,77.6044796604912,linear,0.0007039589982014149,13794.0
104.99999999999999,106.61478637114371,linear,0.0006284770061029121,12024.0
66.0,76.25999420799842,linear,0.0005599789947154932,7202.0
120.99999999999999,105.00691876496727,linear,0.0007856980009819381,0.0
80.00000000000001,75.55048595255097,linear,0.0007011920024524443,6042.0
77.99999999999999,102.83029879509125,linear,0.00074497600144241,8362.0
43.0,76.15208153777074,linear,0.0005866710052941926,13855.0
104.99999999999999,96.46349540280322,linear,0.0003986980009358376,0.0
58.0,72.508143818651,linear,0.0005320970012689941,0.0
82.0,90.67891538024959,linear,0.000831500998174306,0.0
39.99999999999999,70.4814212258276,linear,0.0006841459980932996,7630.0
124.99999999999997,86.93461328478587,linear,0.0007516859986935742,7142.0
45.000000000000014,67.2010867705145,linear,0.00020194899843772873,9766.0
82.0,88.93845032121162,linear,0.00035717300488613546,0.0
57.0,65.15746735481406,linear,0.000754028995288536,10437.0
74.0,85.18366891683084,linear,0.0008439080047537573,7629.0
68.0,63.04621659951402,linear,0.0007661029958399013,9155.0
74.0,84.65808466548671,linear,0.0006551959959324449,7630.0
63.000000000000014,65.48711202298668,linear,0.000679594995744992,8239.0
118.0,81.69793934667977,linear,0.0006800689952797256,8850.0
37.00000000000001,65.98892484777919,linear,0.0007086319965310395,9216.0
78.99999999999999,85.25535188158334,linear,0.0006355069999699481,11536.0
48.0,65.59468206126692,linear,0.0006880340006318875,6104.0
81.0,86.19802594184874,lstm,0.003943927004002035,43457.0
58.99999999999999,49.95226614177226,lstm,0.0012189209955977276,16968.0
87.99999999999999,84.14828673005103,lstm,0.011468313001387287,387633.0
58.0,52.333210781216614,lstm,0.003227383000194095,26856.0
73.00000000000001,85.5502265691757,lstm,0.002521984999475535,25451.0
40.99999999999999,53.22688736021518,lstm,0.004085291002411395,46081.0
74.0,81.13369315862654,lstm,0.0023780820047250018,29175.0
41.999999999999986,48.15121471881866,lstm,0.003723112000443507,30823.0
80.00000000000001,76.08917631208895,lstm,0.0022033909990568645,19959.0
45.000000000000014,46.16673067212104,lstm,0.002897300000768155,79956.0
78.99999999999999,76.8350002914667,lstm,0.002197114001319278,45716.0
45.000000000000014,45.215051472187035,lstm,0.003406935000384692,29358.0
74.0,76.93587981164454,lstm,0.0019862330009345897,28625.0
43.0,44.040946140885346,lstm,0.0014091279954300262,82519.0
66.0,74.89438615739344,lstm,0.0023343379943980835,24841.0
45.000000000000014,42.64591306447982,lstm,0.003848877997370437,27466.0
80.00000000000001,71.39340221881865,lstm,0.0017638179997447878,17151.0
31.999999999999993,43.28361384570598,lstm,0.0038775499997427687,35828.0
43.0,73.82492847740649,lstm,0.0012711820018012077,10315.0
29.000000000000004,39.05697651207446,lstm,0.0030470440033241175,36804.0
58.0,62.11446352303027,lstm,0.002214394997281488,50598.0
39.0,34.77314338088035,lstm,0.004547339995042421,45165.0
39.99999999999999,59.15696822106837,lstm,0.001273727000807412,39245.0
46.00000000000001,35.322492569684975,lstm,0.003225194006517995,22888.0
45.000000000000014,51.07327185571193,lstm,0.001326226003584452,35034.0
36.00000000000001,38.43621015548705,lstm,0.007666108002013061,119262.0
57.0,47.576135843992226,lstm,0.0034469969978090376,49500.0
31.999999999999993,37.07803383469581,lstm,0.0072828669945010915,96924.0
68.0,48.81652481853961,lstm,0.0013417720037978142,18066.0
27.00000000000001,35.30557587742805,lstm,0.004409526001836639,28503.0
63.000000000000014,55.7083036750555,lstm,0.0034271180047653615,115844.0
33.00000000000001,56.88660756958628,linear,0.0002040839972323738,0.0
37.00000000000001,65.98892484777919,linear,0.0001976409985218197,0.0
39.99999999999999,56.316034436008685,linear,0.0007715820029261522,9094.0
48.0,65.59468206126692,linear,0.0007020530028967187,6470.0
30.0,55.788717350446724,linear,0.00033178000012412667,0.0
58.99999999999999,65.85610806216408,linear,0.0005094689986435696,4639.0
39.0,55.19715691330547,linear,0.0006602119974559173,10742.0
58.0,66.09710626058423,linear,0.0006672329982393421,13367.0
43.0,55.88423876043456,linear,0.0002320769999641925,31250.0
40.99999999999999,65.16340447170141,linear,0.00021150400425540283,0.0
48.0,57.44208268330288,linear,0.00037218700163066387,6287.0
41.999999999999986,63.022034674125905,linear,0.0003689150034915656,0.0
19.000000000000007,58.896619871008966,linear,0.001010747000691481,11841.0
45.000000000000014,63.458741918447394,linear,0.0007365870042121969,11169.0
21.999999999999996,56.80407113457861,linear,0.0005149839998921379,13122.0
45.000000000000014,63.17270964795821,linear,0.0005818409990752116,15075.0
29.000000000000004,55.98117266161731,linear,0.000629071997536812,7507.0
43.0,61.83937144102036,linear,0.0006282850008574314,13610.0
34.0,55.050357074301985,linear,0.0006767310042050667,4761.0
45.000000000000014,60.413819835451825,linear,0.00035605899756774306,0.0
27.00000000000001,54.21517673899562,linear,0.0006522369949379936,12268.0
31.999999999999993,60.79879796386695,linear,0.00039336599729722366,11108.0
37.00000000000001,52.22000866040081,linear,0.00030801899993093684,6286.0
29.000000000000004,59.79638502235308,linear,0.00019475100270938128,9583.0
25.0,53.961505414292986,linear,0.00028377199487295,22644.0
39.0,58.22782345063219,linear,0.00022778899437980726,38392.0
30.999999999999996,54.21918296915201,linear,0.0004016699967905879,26368.0
46.00000000000001,57.68473791891314,linear,0.00043587999971350655,32165.0
25.999999999999996,54.40256296157851,linear,0.00028879899764433503,0.0
36.00000000000001,58.0146700608998,linear,0.00030141999741317704,18372.0
30.999999999999996,53.63829533536583,linear,0.0006657550038653426,6653.0
31.999999999999993,57.145221471133056,linear,0.0005288009997457266,0.0
27.00000000000001,57.11414033758201,linear,0.0006793360007577576,7629.0
18.00000000000001,54.01849173031624,linear,0.0007556380005553365,7629.0
33.00000000000001,56.88660756958628,linear,0.0002769599959719926,28320.0
21.0,52.175993172429436,linear,0.00020924300042679533,0.0
39.99999999999999,31.829417273402203,lstm,0.0011875459967995994,18494.0
16.999999999999996,22.693171054124825,lstm,0.007749616001092363,190002.0
30.0,33.6976034939289,lstm,0.002912472002208233,23560.0
16.0,19.933391809463494,lstm,0.0020479739978327416,37232.0
39.0,32.09967650473117,lstm,0.0033866310041048564,25940.0
13.999999999999991,17.910659015178673,lstm,0.0052520259996526875,140747.0
43.0,34.30350124835967,lstm,0.0030068389969528653,38879.0
24.000000000000004,15.568982735276213,lstm,0.0065525530008017085,130676.0
48.0,37.56696879863738,lstm,0.004332732001785189,31067.0
18.00000000000001,18.170660063624375,lstm,0.0077115480016800575,177002.0
19.000000000000007,41.3210292905569,lstm,0.006447038998885546,74402.0
13.999999999999991,17.8308455646038,lstm,0.0036440969997784123,126708.0
21.999999999999996,33.315178081393235,lstm,0.0024510889998055063,30639.0
16.0,16.337158381938927,lstm,0.004883399997197557,203613.0
29.000000000000004,29.01210531592368,lstm,0.004642797000997234,53100.0
16.0,15.98824717104434,lstm,0.0026069119994645007,97290.0
34.0,28.01011934876441,lstm,0.0015826710005057976,26245.0
10.000000000000005,15.849615409970275,lstm,0.002026524998655077,52551.0
27.00000000000001,29.02329444885253,lstm,0.003910129998985212,37293.0
21.0,13.129645362496367,lstm,0.0018906080003944226,44067.0
37.00000000000001,27.156642079353322,lstm,0.003728980002051685,21911.0
20.000000000000004,15.404062718152991,lstm,0.001775162003468722,33264.0
25.0,30.876682996749867,lstm,0.004209833998174872,46509.0
13.999999999999991,16.970745250582688,lstm,0.0023954860007506795,29785.0
30.999999999999996,29.091945365071286,lstm,0.001799924997612834,60730.0
15.000000000000004,15.833842456340781,lstm,0.007110464001016226,231567.0
25.999999999999996,29.47088636457919,lstm,0.0019079620033153333,35034.0
31.999999999999993,15.316429287195197,lstm,0.0030174530038493685,61706.0
30.999999999999996,27.751182243227948,lstm,0.0038454189998446964,36682.0
20.000000000000004,21.269721835851662,lstm,0.0019096289979643188,32043.0
18.00000000000001,54.01849173031624,linear,0.000220697998884134,0.0
13.999999999999991,49.31798687042642,linear,0.00025205100246239454,23071.0
21.0,52.175993172429436,linear,0.0006899469954078086,10376.0
12.999999999999995,48.704480231483466,linear,0.0004952310046064667,13306.0
16.999999999999996,51.77128880991947,linear,0.0007910669955890626,0.0
11.999999999999998,48.59214231941484,linear,0.0006745739956386387,9888.0
16.0,50.42799995434538,linear,0.0005631970052490942,11597.0
15.000000000000004,48.28173485573601,linear,0.00020892299653496593,0.0
13.999999999999991,49.453822623212204,linear,0.0005634830013150349,2624.0
13.999999999999991,46.67515420387389,linear,0.00043243599793640897,9033.0
24.000000000000004,47.830634158368426,linear,0.0005507160021807067,9583.0
12.999999999999995,46.109419986453496,linear,0.0005608659994322807,0.0
18.00000000000001,48.43326123507088,linear,0.0006088270019972697,0.0
11.000000000000002,46.00917551416435,linear,0.0005123790033394471,7141.0
13.999999999999991,48.14907766142211,linear,0.0007117030036170036,8789.0
11.000000000000002,45.80966316466292,linear,0.0004304689937271178,10132.0
16.0,47.836716269119115,linear,0.0005374289976316504,0.0
16.0,45.70679340842716,linear,0.00026475699996808544,0.0
16.0,47.83783208200759,linear,0.00023328499810304493,15014.0
11.999999999999998,45.82122595540238,linear,0.0003435180042288266,7263.0
10.000000000000005,48.02295309745865,linear,0.00032081800600280985,23071.0
11.000000000000002,45.62669362148351,linear,0.00021863100118935108,21607.0
21.0,46.66760506258487,linear,0.0004662990031647496,0.0
7.999999999999996,45.42572206541083,linear,0.0006157290044939145,12817.0
20.000000000000004,46.98577354869997,linear,0.0002122290024999529,12818.0
11.999999999999998,45.125902463901895,linear,0.0003949669990106486,0.0
13.999999999999991,47.57670445125919,linear,0.0006024649992468767,6409.0
12.999999999999995,45.224554108834035,linear,0.0005909300016355701,0.0
15.000000000000004,47.36202057313464,linear,0.00019252800120739266,0.0
11.000000000000002,44.95303999366627,linear,0.0002675340001587756,9460.0
31.999999999999993,47.26399749767766,linear,0.0006164399965200573,7507.0
11.999999999999998,44.8532781328715,linear,0.0007667319950996898,8239.0
20.000000000000004,49.420935054314626,linear,0.0002272320052725263,0.0
18.00000000000001,44.95165048501905,linear,0.00018777399964164943,0.0
13.999999999999991,49.31798687042642,linear,0.00038762800249969587,10254.0
12.999999999999995,13.441788479685775,lstm,0.002008042996749282,22400.0
12.999999999999995,18.247166424989693,lstm,0.0036172830004943535,32348.0
12.999999999999995,13.237006068229666,lstm,0.0011922140038223006,13855.0
11.999999999999998,16.326155439019196,lstm,0.0014898939989507198,29174.0
11.000000000000002,12.985037788748732,lstm,0.007618567993631586,143982.0
15.000000000000004,14.527418091893187,lstm,0.0031162239974946715,34606.0
20.000000000000004,12.183268144726744,lstm,0.0017685999991954304,28259.0
13.999999999999991,13.48689079284667,lstm,0.0049397760012652725,55541.0
10.000000000000005,14.72213737666606,lstm,0.0019199599992134608,39856.0
12.999999999999995,13.136348202824584,lstm,0.002647956003784202,32654.0
13.999999999999991,12.753603607416144,lstm,0.001843091995397117,36804.0
11.000000000000002,12.862595692276946,lstm,0.001273993002541829,30091.0
18.00000000000001,12.959538623690596,lstm,0.0017557800019858405,37659.0
11.000000000000002,12.000580281019202,lstm,0.008006093004951254,182189.0
16.999999999999996,14.545549452304831,lstm,0.0029854179956601,80994.0
16.0,11.419658586382859,lstm,0.0047658670009695925,53039.0
21.999999999999996,15.440813079476348,lstm,0.004710039997007698,127197.0
11.999999999999998,12.63226091861724,lstm,0.005288612999720499,39246.0
21.0,17.367516160011284,lstm,0.004946626002492849,177490.0
11.000000000000002,12.187488451600066,lstm,0.004338384998845868,29663.0
20.000000000000004,18.92038516700267,lstm,0.008828685997286811,153015.0
7.999999999999996,11.539813205599778,lstm,0.0035825579980155453,24537.0
25.0,19.396721273660653,lstm,0.0058375430016894825,129211.0
11.999999999999998,10.105963945388787,lstm,0.0019198840018361807,52124.0
25.0,21.25658214092254,lstm,0.0014948300013202243,29846.0
12.999999999999995,10.477129295468323,lstm,0.0034781400026986375,28930.0
12.999999999999995,22.63840459287166,lstm,0.008251261999248527,248840.0
11.000000000000002,10.891854241490357,lstm,0.0036268210023990832,33447.0
21.999999999999996,19.080969616770737,lstm,0.0017910989990923554,60668.0
11.999999999999998,10.719034448266022,lstm,0.003406202005862724,35828.0
28.000000000000007,19.70177143812179,lstm,0.008422537001024466,251830.0
18.00000000000001,44.95165048501905,linear,0.00019862299814121798,18066.0
27.00000000000001,50.46987956937921,linear,0.00024028500047279522,0.0
12.999999999999995,45.92811158802981,linear,0.000656815005640965,7568.0
34.0,50.6698654445736,linear,0.000772745996073354,6592.0
12.999999999999995,46.017206242495355,linear,0.00072896799974842,0.0
39.99999999999999,51.5667027992569,linear,0.0007419839967042208,11475.0
11.000000000000002,46.00924172331279,linear,0.0002739999981713481,0.0
34.0,54.17763598375728,linear,0.0004247539982316084,8789.0
20.000000000000004,46.001149417752295,linear,0.0007721180008957162,4700.0
30.999999999999996,55.31117083099353,linear,0.0005997159969410859,8545.0
10.000000000000005,46.788615871489014,linear,0.0003648510028142482,0.0
36.00000000000001,55.576799235914734,linear,0.0003677509957924485,22095.0
13.999999999999991,46.01063135065101,linear,0.0004155040005571209,0.0
37.00000000000001,56.44285046785665,linear,0.0005715489969588816,0.0
18.00000000000001,46.10041494933233,linear,0.00029495200578821823,0.0
37.00000000000001,56.7374161907333,linear,0.0002788779966067523,19104.0
16.999999999999996,46.60336249708655,linear,0.00032746399665484205,23682.0
46.00000000000001,56.458419024734006,linear,0.00037155499740038067,23376.0
21.999999999999996,47.17296657357234,linear,0.0004366529974504374,17395.0
58.99999999999999,57.64221228953682,linear,0.0003822660000878386,0.0
21.0,47.390472076802105,linear,0.0007180920001701452,25940.0
65.0,60.38176272561389,linear,0.0003837969998130575,0.0
20.000000000000004,48.44599262685439,linear,0.00030503299785777926,21729.0
41.999999999999986,63.20451639019311,linear,0.00038783800118835643,0.0
25.0,49.010752594830116,linear,0.0002584489993751049,0.0
72.00000000000001,63.61406767185325,linear,0.0002639360027387738,24170.0
25.0,49.69763250377475,linear,0.0002717549941735342,0.0
53.0,67.01544602788253,linear,0.00029557700327131897,0.0
12.999999999999995,50.468417052068865,linear,0.0002759629933279939,0.0
85.99999999999999,67.66530993383161,linear,0.0002842089961632155,0.0
21.999999999999996,49.565407835494284,linear,0.0009535209974274039,10864.0
67.0,70.32245209293086,linear,0.000652828995953314,0.0
28.000000000000007,49.66987577873088,linear,0.00022198900114744902,0.0
75.0,70.53699546508503,linear,0.000571568998566363,21485.0
27.00000000000001,22.395063117146485,lstm,0.005736811996030156,238280.0
71.0,70.6739906221628,lstm,0.00405276300443802,151061.0
34.0,23.74933831393718,lstm,0.003878062001604121,63659.0
82.0,70.37945576012133,lstm,0.006293713006016333,184875.0
39.99999999999999,27.18849830329417,lstm,0.0043194909958401695,26245.0
90.0,75.02266220748423,lstm,0.00548779599921545,203491.0
34.0,32.37077802419662,lstm,0.004529368001385592,37293.0
86.99999999999999,79.42083373665808,lstm,0.006900544998643454,228149.0
30.999999999999996,33.38278278708457,lstm,0.004209480001009069,33508.0
106.99999999999997,82.46692001819609,lstm,0.0037596609981846996,101990.0
36.00000000000001,32.61042229831218,lstm,0.002554011000029277,86364.0
102.99999999999999,91.2478359043598,lstm,0.008460924997052643,290587.0
37.00000000000001,33.817633986473076,lstm,0.0029517229995690286,32897.0
114.99999999999999,96.16307482123374,lstm,0.009184195994748734,84899.0
37.00000000000001,34.67205107212066,lstm,0.005602052995527629,57739.0
121.99999999999999,103.21268960833547,lstm,0.00127033799799392,14649.0
46.00000000000001,34.987279623746865,lstm,0.003994246995716821,40772.0
158.0,110.17064571380612,lstm,0.0016423689958173782,53467.0
58.99999999999999,38.728342279791825,lstm,0.004905510999378748,56030.0
100.0,127.97495007514951,lstm,0.0011959440016653389,27832.0
65.0,46.172041520476334,lstm,0.0015452719962922856,22827.0
132.99999999999997,118.5748194158077,lstm,0.0013012779963901266,16235.0
41.999999999999986,53.31207372248172,lstm,0.0012108360024285503,25574.0
111.0,123.89928624033925,lstm,0.004276915002265014,148621.0
72.00000000000001,50.05390815436839,lstm,0.0016844499987200834,55603.0
128.0,119.02937129139897,lstm,0.0012808789979317226,15076.0
53.0,58.18925008177756,lstm,0.0036067620021640323,23620.0
157.0,121.30409896373746,lstm,0.0018808400054695085,31006.0
85.99999999999999,56.74815714359282,lstm,0.005740292996051721,64453.0
141.99999999999997,131.43019333481786,lstm,0.0032213969971053302,82947.0
67.0,66.68642126023768,lstm,0.004328545001044404,28015.0
194.0,136.22861132025716,lstm,0.0018695100006880239,32531.0
75.0,66.73950314521788,lstm,0.005162919995200355,59570.0
216.0,156.35060891509053,lstm,0.0022084769952925853,58350.0
71.0,70.6739906221628,lstm,0.0017880439991131425,21301.0
218.0,179.15721818804738,lstm,0.001639690002775751,29480.0
82.0,70.37945576012133,lstm,0.0012553980050142854,40954.0
155.0,194.57392826676366,lstm,0.0012481090016080998,17090.0
90.0,75.02266220748423,lstm,0.007230148003145587,81054.0
204.0,181.20715245604512,lstm,0.0022855959978187457,69885.0
86.99999999999999,79.42083373665808,lstm,0.0051960159980808385,46447.0
148.0,190.34191802144048,lstm,0.010154210001928732,313781.0
106.99999999999997,82.46692001819609,lstm,0.004679860998294316,35949.0
176.0,173.5812175273895,lstm,0.002310506002686452,75196.0
102.99999999999999,91.2478359043598,lstm,0.0054462090047309175,49255.0
168.99999999999997,171.03459924459455,lstm,0.003940383001463488,97107.0
114.99999999999999,96.16307482123374,lstm,0.0039060810013324954,30334.0
160.00000000000003,166.64446935057637,lstm,0.008575457999540959,194030.0
121.99999999999999,103.21268960833547,lstm,0.00227604200335918,87219.0
167.0,163.78230333328244,lstm,0.0080281720001949,305907.0
158.0,110.17064571380612,lstm,0.0038857489998918027,26489.0
156.0,161.75905629992482,lstm,0.001509781002823729,63964.0
100.0,127.97495007514951,lstm,0.005622356002277229,50660.0
174.0,159.39121589064595,lstm,0.004611946998920757,43213.0
132.99999999999997,118.5748194158077,lstm,0.003574067995941732,24964.0
213.0,162.70905092358586,lstm,0.010073812998598441,254882.0
111.0,123.89928624033925,lstm,0.003518839002936147,30152.0
198.0,179.2813980579376,lstm,0.0018137310034944676,74218.0
128.0,119.02937129139897,lstm,0.007568556000478566,72997.0
145.0,185.76671525835988,lstm,0.011320418001560029,342651.0
157.0,121.30409896373746,lstm,0.0012884239986306056,29235.0
171.0,171.06236815452573,lstm,0.0019610379968071356,72754.0
141.99999999999997,131.43019333481786,lstm,0.0024334999980055727,19165.0
138.0,170.80239370465276,lstm,0.0014818480049143545,62377.0
194.0,136.22861132025716,lstm,0.0037716079968959093,46753.0
162.0,157.6677347719669,lstm,0.0018941559974336997,73425.0
216.0,110.47185006890064,linear,0.00029916899802628905,33264.0
154.0,118.11141348605793,linear,0.0003175180027028546,0.0
218.0,120.68919812172616,linear,0.0007962729941937141,7080.0
182.0,113.97372970343045,linear,0.0007220949992188253,10742.0
155.0,129.32706984151736,linear,0.0009184030059259385,14221.0
139.0,117.57196523599609,linear,0.0005832609967910685,8056.0
204.0,128.93276333344483,linear,0.0004699690034613013,7508.0
158.0,114.44687988187863,linear,0.00031575100001646206,0.0
148.0,134.8613462977201,linear,0.00026315400464227423,24963.0
139.0,116.31755595193609,linear,0.00019899100152542815,0.0
176.0,130.33507999267633,linear,0.0008987760011223145,15320.0
148.0,114.09489386427441,linear,0.0008052880002651364,12756.0
168.99999999999997,126.48970018657089,linear,0.0005908759994781576,5615.0
137.0,113.48498571199482,linear,0.000738926995836664,15015.0
160.00000000000003,121.89526943160821,linear,0.0006387469984474592,5188.0
131.0,109.20046899855178,linear,0.0006527030054712668,2869.0
167.0,122.27726002112561,linear,0.0005349630009732209,5615.0
151.00000000000003,108.37153742823784,linear,0.0005265319996397011,6531.0
156.0,118.79958230279554,linear,0.0006857350017526187,5310.0
152.0,107.77963546729264,linear,0.0006524119962705299,0.0
174.0,119.51168147475381,linear,0.00021371500042732805,0.0
154.0,109.05861784525219,linear,0.00024074000248219818,0.0
213.0,119.36891901901883,linear,0.0005959299960522912,5798.0
145.0,109.65353747474434,linear,0.0005254939969745465,6104.0
198.0,123.76473684002512,linear,0.0007381070026895031,10254.0
144.0,110.39795075743233,linear,0.0005321960052242503,8362.0
145.0,127.42098347294865,linear,0.0006159309996291995,6164.0
135.0,111.60024573541715,linear,0.0007608540036017075,6164.0
171.0,125.10883643316964,linear,0.0008704499996383674,5371.0
120.99999999999999,110.03356103444777,linear,0.0008787829938228242,7507.0
138.0,170.80239370465276,lstm,0.0019519159977789968,50415.0
128.0,131.68514952063558,lstm,0.00525271899823565,158813.0
162.0,157.6677347719669,lstm,0.0037682549955206923,19348.0
152.0,128.32434892654416,lstm,0.010242527998343576,279358.0
154.0,155.18903151154515,lstm,0.0012665809990721755,16907.0
152.0,135.08501455187795,lstm,0.0018730459996731952,33997.0
182.0,151.4821834862232,lstm,0.004648201997042634,50720.0
159.0,139.89612892270085,lstm,0.0015942169993650168,55542.0
139.0,161.79395362734792,lstm,0.001204448999487795,32714.0
168.0,146.25478371977803,lstm,0.005380119000619743,179382.0
158.0,152.18867704272267,lstm,0.0075380170019343495,71289.0
144.0,154.57272484898564,lstm,0.0016529839995200746,39795.0
139.0,154.11753460764882,lstm,0.0033796209972933866,23010.0
184.0,151.3080160319805,lstm,0.006744262995198369,111206.0
148.0,147.3045229911804,lstm,0.002404967999609653,16540.0
144.0,162.04559385776517,lstm,0.002460757998051122,79590.0
137.0,146.23463973402974,lstm,0.001205088003189303,22827.0
160.00000000000003,155.10498002171514,lstm,0.0015911919981590472,39795.0
131.0,140.11966332793233,lstm,0.0043467010036692955,37292.0
165.0,155.70687025785443,lstm,0.007851002003008034,177673.0
151.00000000000003,136.05377003550527,lstm,0.004227866003930103,32959.0
147.0,157.39385813474652,lstm,0.007278304001374636,185730.0
152.0,139.382599145174,lstm,0.004021852000732906,33447.0
127.0,153.38504537940022,lstm,0.005188477000046987,152466.0
154.0,143.07818710803983,lstm,0.00384779700107174,33386.0
119.0,141.39181986451146,lstm,0.0070339929952751845,187194.0
145.0,145.91074004769322,lstm,0.006791968997276854,67993.0
126.00000000000001,132.32051849365232,lstm,0.01100939599564299,376342.0
144.0,145.24478271603581,lstm,0.0014040280002518557,71900.0
139.0,127.65199020504949,lstm,0.0018451669966452755,57800.0
135.0,144.69383761286733,lstm,0.001609881997865159,21851.0
121.99999999999999,128.88183727860448,lstm,0.0017146380050689913,61035.0
120.99999999999999,139.9962459504604,lstm,0.0038598579994868487,30029.0
162.0,124.74100694060323,lstm,0.005450409000332002,158019.0
128.0,131.68514952063558,lstm,0.0024077510024653748,33387.0
174.0,137.2472125291824,lstm,0.006144093997136224,200988.0
152.0,104.5126482216141,linear,0.0003067279976676218,15991.0
149.0,109.56417220763328,linear,0.000383199003408663,28930.0
152.0,105.28266559066597,linear,0.0005793890013592318,5066.0
148.0,111.6885427611881,linear,0.0007628019957337528,4455.0
159.0,106.1061059067189,linear,0.0008338760017068125,0.0
159.0,112.51416146336335,linear,0.0009596180025255308,12878.0
168.0,108.44314429744567,linear,0.00021210099657764658,26062.0
144.0,116.05195732808782,linear,0.0005048560051363893,30822.0
144.0,112.98159358600473,linear,0.0006726560022798367,5737.0
141.0,114.28526035168127,linear,0.0005418859946075827,9216.0
184.0,114.4218928509458,linear,0.0006600710039492697,8606.0
162.0,111.11100719897573,linear,0.0006354099969030358,5371.0
144.0,117.5786763208949,linear,0.0006769569954485632,6531.0
127.0,112.4248231093185,linear,0.0007146689968067221,5676.0
160.00000000000003,116.74457289148877,linear,0.0005790499999420717,10071.0
162.0,110.3214093369294,linear,0.0008029490054468624,6165.0
165.0,116.80713096385466,linear,0.0007782559987390414,9643.0
157.0,110.67749392367824,linear,0.0006406839966075495,11108.0
147.0,116.59462525398266,linear,0.00019835899729514495,26123.0
168.0,111.97789123462009,linear,0.00020469299488468096,0.0
127.0,116.78680137952969,linear,0.0005068390019005165,0.0
149.0,114.5698920634976,linear,0.0005555820025620051,0.0
119.0,111.26427855511857,linear,0.0006021779990987852,12573.0
175.0,113.31658974291722,linear,0.000636274999123998,11780.0
126.00000000000001,108.78574789793754,linear,0.0002821750022121705,0.0
157.0,117.92952929457972,linear,0.00019422599871177226,0.0
139.0,105.53398739935048,linear,0.0007123330069589429,4456.0
166.0,117.44466873392504,linear,0.000655348994769156,0.0
121.99999999999999,103.12331469057519,linear,0.0006413200026145205,5860.0
131.0,118.29054766704425,linear,0.0005009529995732009,0.0
162.0,124.74100694060323,lstm,0.0014844580000499263,25085.0
149.0,148.29012423753736,lstm,0.0012978909944649786,22644.0
174.0,137.2472125291824,lstm,0.0012970059979124926,22095.0
172.0,147.55084350705144,lstm,0.001749322000250686,54260.0
149.0,150.60790613293645,lstm,0.0045910400003776886,29175.0
161.0,153.85548546910283,lstm,0.0018203750005341135,16419.0
148.0,150.54336026310918,lstm,0.0022311320062726736,52124.0
161.0,155.28453812003133,lstm,0.00251729699812131,64452.0
159.0,149.43916484713552,lstm,0.003515424999932293,23437.0
144.0,155.87649822235105,lstm,0.0018612869971548207,21485.0
144.0,153.38637530803678,lstm,0.004610076997778378,49927.0
162.0,152.0333059132099,lstm,0.0017197840061271563,17212.0
141.0,148.57868328690526,lstm,0.0035903200041502714,36927.0
158.0,154.78907763957974,lstm,0.0017491859980509616,36438.0
162.0,143.60632836818692,lstm,0.001562590005050879,28076.0
208.0,154.02186840772626,lstm,0.0017663640028331429,27588.0
127.0,149.0057499706745,lstm,0.00338809700042475,31799.0
176.0,171.97883084416387,lstm,0.0018933210012619384,32165.0
162.0,140.28278350830075,lstm,0.005307757004629821,41565.0
234.0,172.89800658822057,lstm,0.002177471003960818,45654.0
157.0,146.20327115058896,lstm,0.0045634829948539846,39733.0
191.0,195.19906565546987,lstm,0.002845288996468298,103576.0
168.0,149.2926953732967,lstm,0.004507021003519185,48706.0
210.0,194.03851673007009,lstm,0.003999395994469523,104126.0
149.0,155.5316388607025,lstm,0.004242394999891985,28137.0
157.0,200.36486312747,lstm,0.006588809999811929,102783.0
175.0,151.96148976683614,lstm,0.0021992330002831295,52368.0
170.0,183.05374950170514,lstm,0.003992199002823327,131774.0
157.0,160.61267554759976,lstm,0.0018759290032903664,34790.0
209.0,177.54892662167546,lstm,0.0020645140029955655,88745.0
166.0,158.2288937270641,lstm,0.006282451999140903,58838.0
192.0,184.5159439742565,lstm,0.0075764569992315955,200805.0
131.0,160.09744346141812,lstm,0.002852644000086002,22522.0
200.0,185.4712228477001,lstm,0.008129079003992956,249938.0
149.0,114.66233521509142,linear,0.0007485800015274435,10376.0
200.0,129.3110933493055,linear,0.00025177600036840886,0.0
172.0,114.62863014509803,linear,0.0010817919974215329,18738.0
217.0,133.43060023290914,linear,0.0004702580044977367,0.0
161.0,114.47744108567734,linear,0.0002759530034381896,0.0
158.0,137.9500083488861,linear,0.00032286000350723043,0.0
161.0,114.85837476986218,linear,0.0002047119996859692,0.0
183.0,132.91064020972343,linear,0.0005110889978823252,15320.0
144.0,114.39389873853827,linear,0.0002961229984066449,0.0
170.0,132.01047663984363,linear,0.000660707002680283,0.0
162.0,115.55986814621421,linear,0.000740357005270198,20508.0
193.0,129.14254942167733,linear,0.0008041729961405508,5616.0
158.0,116.81006411916991,linear,0.0007442269998136908,14160.0
132.99999999999997,128.50977187946475,linear,0.0006389289992512204,6530.0
208.0,115.50311159695903,linear,0.0006607379982597195,0.0
184.0,120.36303106997453,linear,0.000708109000697732,11657.0
176.0,120.17145854584466,linear,0.0005375570035539567,0.0
193.0,122.88597056761307,linear,0.0009304359991801903,6287.0
234.0,121.61263598334968,linear,0.00021242399816401303,18860.0
186.0,123.99107883172054,linear,0.0004644270011340268,21240.0
191.0,130.35123611194823,linear,0.00022405699564842507,0.0
188.00000000000003,125.49237424182172,linear,0.0002868509982363321,11841.0
210.0,133.09657007047687,linear,0.00038951199530856684,6775.0
236.0,125.06895709432841,linear,0.0006503819968202151,9156.0
157.0,138.00397958242056,linear,0.00018735299818217754,0.0
151.00000000000003,135.05094704476608,linear,0.0003888870051014237,13672.0
170.0,133.00542709152757,linear,0.0007130070007406175,7019.0
199.0,131.6783828872332,linear,0.0009129129975917749,22461.0
209.0,132.31025952828452,linear,0.000804880000941921,11474.0
171.0,132.25890581711906,linear,0.0007768759969621897,11719.0
192.0,130.12515482071274,linear,0.0002342770021641627,0.0
215.00000000000003,130.81827872846094,linear,0.00022597099450649694,31433.0
200.0,185.4712228477001,lstm,0.001719277999654878,31433.0
199.0,190.68420618772504,lstm,0.0023722950063529424,27466.0
200.0,188.14528375864026,lstm,0.001437838000128977,30274.0
209.0,189.85514640808103,lstm,0.0033557119968463667,80810.0
217.0,192.76600554585454,lstm,0.004065837994858157,44982.0
181.0,197.46473208069798,lstm,0.0017345790038234554,35156.0
158.0,201.24970898032186,lstm,0.0041902209995896555,36255.0
215.00000000000003,190.1254943013191,lstm,0.00184487400110811,36682.0
183.0,183.9356695115566,lstm,0.004142584999499377,37109.0
170.0,198.73511537909505,lstm,0.0033479240009910427,58288.0
170.0,182.01204299926755,lstm,0.003787566995015368,31616.0
137.0,186.12090185284612,lstm,0.0018729970033746213,76904.0
193.0,175.4536861181259,lstm,0.006806680998124648,221679.0
167.0,166.66244998574254,lstm,0.0021872480065212585,38452.0
132.99999999999997,179.1934986412525,lstm,0.0041098069996223785,31250.0
177.0,163.41969385743138,lstm,0.0018743799955700524,32714.0
184.0,159.4879814982414,lstm,0.003403513997909613,23193.0
158.0,166.14243015646932,lstm,0.010794624999107327,159118.0
193.0,167.34287694096562,lstm,0.003870870001264848,37231.0
161.0,159.54153329133985,lstm,0.00815185799729079,162536.0
186.0,174.50551792979238,lstm,0.005031052001868375,40893.0
181.0,158.57393041253087,lstm,0.001341185998171568,54809.0
188.00000000000003,177.67842620611188,lstm,0.0062202480039559305,68664.0
153.0,166.73563152551648,lstm,0.0023830270001781173,46264.0
236.0,179.45363268256185,lstm,0.0018294580004294403,27405.0
197.00000000000003,160.7217828929424,lstm,0.0025435459974687546,66894.0
151.00000000000003,200.90935364365575,lstm,0.0031871489991317503,74890.0
186.99999999999997,171.83250322937963,lstm,0.008655828001792543,272399.0
199.0,182.4843095242977,lstm,0.004559872999379877,39672.0
194.0,176.83817729353902,lstm,0.0018473469972377643,64942.0
171.0,186.74674853682515,lstm,0.004341762003605254,36377.0
192.0,182.66447052359578,lstm,0.01663436800299678,163391.0
215.00000000000003,179.80026528239247,lstm,0.0034064700012095273,24231.0
156.0,184.89080652594564,lstm,0.0026260150043526664,52185.0
199.0,133.4525620020133,linear,0.0003356019951752387,30517.0
168.0,128.9227807486749,linear,0.00027277299523120746,0.0
209.0,130.03019113734317,linear,0.0006418580014724284,21668.0
180.0,126.12674430490777,linear,0.0006841380018158816,9034.0
181.0,135.53656366070243,linear,0.00022688500030199066,16235.0
188.00000000000003,125.51576058615,linear,0.00044388300011632964,10925.0
215.00000000000003,133.76351764023113,linear,0.00029521400574594736,0.0
160.00000000000003,124.99568905709988,linear,0.0007882319987402298,0.0
170.0,137.99432176625274,linear,0.0006475560003309511,7080.0
182.0,121.88650746275698,linear,0.0006966189976083115,8972.0
137.0,133.61193728099732,linear,0.0007924540041130967,8484.0
193.0,124.38481256065893,linear,0.0003586329985409975,0.0
167.0,127.45868404782293,linear,0.0005857320065842941,8667.0
184.0,126.84892865007053,linear,0.0006009279968566261,0.0
177.0,123.5062902951099,linear,0.0007711860016570427,12024.0
177.99999999999997,127.21387388625651,linear,0.0006690039954264648,0.0
158.0,123.18356161266883,linear,0.00029658999847015366,0.0
160.00000000000003,126.24626545679887,linear,0.00028441500035114586,0.0
161.0,117.72592235505219,linear,0.0008286039956146851,0.0
182.0,126.1478555937674,linear,0.0006814439984736964,5432.0
181.0,116.87094958803254,linear,0.00026651399821275845,24536.0
153.0,126.17797674528255,linear,0.0002299089974258095,27282.0
153.0,121.12911514744209,linear,0.0003116709995083511,22949.0
166.0,122.29942240219607,linear,0.00042839499656111,0.0
197.00000000000003,119.71963307161958,linear,0.00047531499876640737,187622.0
193.0,120.56995136897302,linear,0.00027537199639482424,27466.0
186.99999999999997,121.75331198905144,linear,0.0003329799947096035,0.0
138.0,122.14620689583096,linear,0.00022180900123203173,9034.0
194.0,124.57976473610994,linear,0.0008537820031051524,4151.0
114.99999999999999,119.87705478210133,linear,0.0006344850044115447,3601.0
192.0,127.72309513531009,linear,0.0004650250048143789,0.0
165.0,141.07864826917645,lstm,0.0016478750039823353,26368.0
156.0,184.89080652594564,lstm,0.0025798770002438687,18432.0
161.0,148.01972314715383,lstm,0.0018858469993574545,35340.0
168.0,175.02532497048375,lstm,0.004924634005874395,45959.0
151.00000000000003,150.66550090909,lstm,0.0021648429974447936,41137.0
180.0,170.21041586995122,lstm,0.0033179660022142343,25452.0
142.99999999999997,147.66535922884938,lstm,0.0038944750049267896,38086.0
188.00000000000003,171.6298398375511,lstm,0.009498623003310058,119750.0
139.0,145.722581744194,lstm,0.0020092069971724413,27405.0
160.00000000000003,175.10421633720395,lstm,0.0034561440043034963,27954.0
151.00000000000003,144.05254602432248,lstm,0.0023413979943143204,44739.0
182.0,167.68890663981435,lstm,0.0021003719957661815,66039.0
147.0,144.4865460693836,lstm,0.0019457890011835843,47241.0
193.0,172.39171162247655,lstm,0.0047027210021042265,27649.0
141.99999999999997,143.61294254660604,lstm,0.0012584520009113476,25879.0
184.0,178.81356462836263,lstm,0.005224792999797501,46509.0
129.0,141.80136695504186,lstm,0.0017900669990922324,41077.0
177.99999999999997,179.3827740848064,lstm,0.004404986000736244,33203.0
141.99999999999997,136.3271678984165,lstm,0.0025777440023375675,43518.0
160.00000000000003,177.2821961343288,lstm,0.0055601490021217614,63965.0
155.0,137.35686957836148,lstm,0.0018167010057368316,29663.0
182.0,170.86988314986226,lstm,0.0043332219938747585,37048.0
133.99999999999997,142.0843757688999,lstm,0.0019400559976929799,45655.0
153.0,173.1177285313606,lstm,0.002104905004671309,71045.0
173.0,138.12175586819646,lstm,0.0017185840042657219,20019.0
166.0,163.68135288357732,lstm,0.0018451659998390824,41260.0
136.0,149.5994301140308,lstm,0.00882832799834432,237975.0
193.0,162.3827041685581,lstm,0.004235143002006225,34485.0
123.99999999999999,144.97085288166997,lstm,0.002199750997533556,32593.0
138.0,171.4307406544685,lstm,0.0047879449994070455,47791.0
140.0,136.78292557597157,lstm,0.003778398997383192,96496.0
114.99999999999999,158.97189825773236,lstm,0.00463653100450756,39002.0
161.0,136.09125629067418,lstm,0.0020691499958047643,38330.0
165.0,141.07864826917645,lstm,0.003768522998143453,27526.0
147.0,144.2100982367992,lstm,0.002244804003566969,65369.0
161.0,114.56663280440601,linear,0.00021919599385000765,0.0
124.99999999999997,108.02031700527021,linear,0.0002675060022738762,0.0
151.00000000000003,114.14613572424803,linear,0.00024811099865473807,27282.0
130.0,106.87383044234616,linear,0.000261502995272167,0.0
142.99999999999997,110.1386677520393,linear,0.0008011409954633564,8117.0
121.99999999999999,107.40518939986964,linear,0.0008821509982226416,5005.0
139.0,110.59295702171714,linear,0.0002821610032697208,17212.0
108.0,105.64184065994438,linear,0.0002547430049162358,0.0
151.00000000000003,112.80870401285587,linear,0.0009121309994952753,6287.0
117.0,100.51654164860486,linear,0.0005924640063312836,6164.0
147.0,111.50680175383995,linear,0.0005481180050992407,7263.0
142.99999999999997,97.67078874806445,linear,0.0006566590018337592,5371.0
141.99999999999997,110.18675519076207,linear,0.0005775750032626092,12023.0
91.0,99.4988182709839,linear,0.000693115005560685,8728.0
129.0,109.30768755853525,linear,0.00020610899809980765,0.0
131.99999999999997,95.64177710455614,linear,0.0005592599991359748,26672.0
141.99999999999997,107.91552653190273,linear,0.00024126499920384958,0.0
113.99999999999999,96.65407897729472,linear,0.0002590669973869808,0.0
155.0,108.21010104385331,linear,0.0006499330047518015,5310.0
105.99999999999999,97.2379913728261,linear,0.0006764949939679354,6470.0
133.99999999999997,108.66921640520987,linear,0.0007053059962345287,10926.0
96.99999999999999,96.09342037274025,linear,0.0006997119999141432,15198.0
173.0,107.38170041831741,linear,0.0006566200027009472,6165.0
115.99999999999997,91.6954478153444,linear,0.0007224720029626042,5432.0
136.0,110.45872435155755,linear,0.0007758209976600483,8484.0
104.99999999999999,94.09545991600365,linear,0.0006545699943671934,7813.0
123.99999999999999,111.06310928711801,linear,0.0008058149978751317,6225.0
122.99999999999999,91.52841021659619,linear,0.0007228659960674122,0.0
140.0,109.20959045095219,linear,0.000408373998652678,55298.0
117.0,92.43984037949586,linear,0.0003194370001438074,34363.0
161.0,136.09125629067418,lstm,0.0012215979950269684,28686.0
93.99999999999999,112.59694978594777,lstm,0.004150809996644966,117493.0
147.0,144.2100982367992,lstm,0.004411064001033083,49377.0
101.0,106.20603978633878,lstm,0.0020099279936403036,33569.0
124.99999999999997,142.84236416220662,lstm,0.0015991010004654527,15930.0
82.0,103.15582185983655,lstm,0.0018922140006907284,31982.0
130.0,136.07535034418103,lstm,0.0035997340019093826,28869.0
93.99999999999999,94.81910213828085,lstm,0.0017697500006761402,35096.0
121.99999999999999,133.71837988495824,lstm,0.0016016369991120882,26428.0
80.00000000000001,92.33124896883963,lstm,0.0022951970022404566,49499.0
108.0,128.30369070172307,lstm,0.001339698996162042,21240.0
88.99999999999997,86.05648607015608,lstm,0.0018747459980659187,49378.0
117.0,118.47292914986608,lstm,0.0018432400029269047,46935.0
117.0,86.12135112285613,lstm,0.001974026999960188,20508.0
142.99999999999997,115.66103443503377,lstm,0.005540001999179367,69580.0
90.0,95.86914286017416,lstm,0.009766342001967132,123108.0
91.0,124.22017142176625,lstm,0.005856980998942163,292540.0
78.99999999999999,94.1508750617504,lstm,0.007053546003589872,221679.0
131.99999999999997,111.42616927623746,lstm,0.006131613998149987,72509.0
82.0,88.29191878437994,lstm,0.010145027001271956,113037.0
113.99999999999999,117.54180178046224,lstm,0.003968365999753587,43762.0
61.0,85.89267432689665,lstm,0.0014443800027947873,43274.0
105.99999999999999,116.12136706709859,lstm,0.0015087360006873496,36316.0
81.0,76.21332071721552,lstm,0.0017863070024759509,32776.0
96.99999999999999,111.77115276455876,lstm,0.0012806140002794564,48218.0
63.000000000000014,75.11096946895121,lstm,0.0020048119986313395,27405.0
115.99999999999997,104.18578952550885,lstm,0.004382220999104902,51758.0
75.99999999999999,69.56312783062457,lstm,0.0012385820009512827,15259.0
104.99999999999999,108.40964287519452,lstm,0.0045531350042438135,29358.0
81.0,70.87606884539126,lstm,0.0021522249953704886,63721.0
122.99999999999999,105.31459748744962,lstm,0.005706478004867677,58715.0
54.000000000000014,73.52353118360041,lstm,0.0018763219995889813,32776.0
117.0,110.59645339846608,lstm,0.0022174990008352324,74096.0
70.0,66.88949249684809,lstm,0.00820243799535092,146911.0
93.99999999999999,112.59694978594777,lstm,0.0034994989982806146,40955.0
80.00000000000001,66.74510657787322,lstm,0.001865471997007262,25757.0
101.0,93.11710544789138,linear,0.0003170729978592135,26856.0
68.0,74.44091863663239,linear,0.0003155920057906769,20264.0
82.0,91.67094682533605,linear,0.0003050439991056919,0.0
68.0,73.64747825779477,linear,0.00031309899350162596,0.0
93.99999999999999,89.39718595515531,linear,0.0005167380004422739,0.0
75.99999999999999,72.40676396961027,linear,0.0006004290044074878,8423.0
80.00000000000001,86.63110231681927,linear,0.00043963400094071403,6103.0
57.0,74.52474134880829,linear,0.0005037059963797219,8423.0
88.99999999999997,83.08719219986007,linear,0.0006351230040309019,6409.0
61.0,73.21869241400056,linear,0.0004718670024885796,0.0
117.0,82.60487159287277,linear,0.0001872060020104982,0.0
61.0,71.38802341366075,linear,0.0003421890069148503,0.0
90.0,84.27339335511691,linear,0.00020343399955891073,0.0
61.0,70.72587454747455,linear,0.0003006730039487593,0.0
78.99999999999999,84.98774865915102,linear,0.00030553499527741224,0.0
45.000000000000014,70.04736623687498,linear,0.00035930400190409273,0.0
82.0,83.47310045914713,linear,0.0007341560049098916,0.0
49.99999999999999,67.0425951170942,linear,0.0006555650033988059,12329.0
61.0,83.64378696155764,linear,0.0006208870036061853,4761.0
56.00000000000001,66.35378458413555,linear,0.0005922460040892474,9643.0
81.0,80.86583019374633,linear,0.0004067229965585284,0.0
50.999999999999986,65.9063035920668,linear,0.0007108459976734594,9827.0
63.000000000000014,77.47558161691359,linear,0.000630476999504026,0.0
61.0,64.94326380090773,linear,0.0006896269987919368,7507.0
75.99999999999999,74.87857557469951,linear,0.00027993900584988296,0.0
65.0,64.98513347297877,linear,0.0001933270032168366,0.0
81.0,74.59797613946881,linear,0.0002785420001600869,0.0
58.99999999999999,66.92898695639938,linear,0.0002681400001165457,0.0
54.000000000000014,74.5677952212575,linear,0.0004346650021034293,9887.0
72.00000000000001,67.77127705983607,linear,0.0006488669969257899,5188.0
70.0,66.88949249684809,lstm,0.0014162389998091385,23254.0
48.99999999999999,63.15959237515925,lstm,0.0018500389996916056,73852.0
80.00000000000001,66.74510657787322,lstm,0.003870373002428096,33386.0
39.99999999999999,58.48842196166514,lstm,0.0012755240022670478,23498.0
68.0,71.2346353381872,lstm,0.003106082003796473,23255.0
41.999999999999986,51.31697684526443,lstm,0.0013459269976010546,17029.0
68.0,69.48751695454119,lstm,0.00362373700045282,26489.0
36.00000000000001,46.73630364239215,lstm,0.0013202409973018803,19592.0
75.99999999999999,67.98996411263941,lstm,0.0028429809972294606,86975.0
28.000000000000007,41.778099164366715,lstm,0.001455457997508347,42481.0
57.0,71.17943443357943,lstm,0.0020461949970922433,39917.0
39.99999999999999,34.8644296824932,lstm,0.002091996000672225,39428.0
61.0,65.79515628516673,lstm,0.003730131000338588,23438.0
35.0,35.53739130496978,lstm,0.0023663489992031828,37720.0
61.0,62.85369105637072,lstm,0.0019155179979861714,17883.0
28.000000000000007,34.85230959951877,lstm,0.001873518995125778,38086.0
61.0,61.470946520566926,lstm,0.004196087997115683,39184.0
36.00000000000001,31.788366809487332,lstm,0.0020668819997808896,62317.0
45.000000000000014,60.53275279700755,lstm,0.0036861750049865805,31677.0
34.0,32.75350488722324,lstm,0.007889315995271318,257629.0
49.99999999999999,53.821950629353516,lstm,0.0042602980029187165,82947.0
30.999999999999996,33.19207102060317,lstm,0.006670321999990847,138061.0
56.00000000000001,51.83021403849124,lstm,0.001904346005176194,58899.0
31.999999999999993,31.80447667837142,lstm,0.0018999470048584044,33997.0
50.999999999999986,52.40573622286319,lstm,0.0019411710018175654,41626.0
24.000000000000004,31.44425220787524,lstm,0.0015445379976881668,15991.0
61.0,51.12740881741046,lstm,0.005308710002282169,40466.0
28.000000000000007,28.71506132185458,lstm,0.0022860040044179186,44800.0
65.0,53.813022375106804,lstm,0.004543555005511735,57983.0
25.0,27.737457379698743,lstm,0.0020327830061432905,43274.0
58.99999999999999,58.01766268908976,lstm,0.0043003499959013425,28625.0
27.00000000000001,26.158273518085473,lstm,0.0021339609957067296,43762.0
72.00000000000001,58.546601906418786,lstm,0.010002730996347964,184448.0
25.0,25.92538528144359,lstm,0.010031008001533337,224487.0
48.99999999999999,63.15959237515925,lstm,0.0018289860017830506,45471.0
18.00000000000001,25.0478097051382,lstm,0.001834426999266725,36499.0
39.99999999999999,69.08523278243483,linear,0.0003247279964853078,19226.0
21.999999999999996,51.394895946195014,linear,0.0003551829940988682,0.0
41.999999999999986,66.99254531853578,linear,0.000995269998384174,8301.0
19.000000000000007,50.82362940377366,linear,0.0008721000049263239,12512.0
36.00000000000001,64.78572060346374,linear,0.0007051030042930506,9277.0
21.999999999999996,50.24454322709815,linear,0.0006194500019773841,8484.0
28.000000000000007,62.552989396474565,linear,0.000900825994904153,14344.0
30.0,49.77247155322593,linear,0.0006664760003332049,8973.0
39.99999999999999,58.32391391251593,linear,0.0007707510012551211,8911.0
19.000000000000007,50.29271501176168,linear,0.0006320510001387447,10803.0
35.0,57.497886001436825,linear,0.0002793300009216182,0.0
21.999999999999996,50.36152696555895,linear,0.00029684900073334575,0.0
28.000000000000007,57.023538331054105,linear,0.00026782300119521096,0.0
30.999999999999996,50.35314712782835,linear,0.00025706199812702835,0.0
36.00000000000001,55.65461484630783,linear,0.0002856540013453923,0.0
21.0,51.53674519461589,linear,0.0002521269998396747,0.0
34.0,55.67711780066488,linear,0.0002303139990544878,0.0
30.999999999999996,56.24811716086021,linear,0.0002838620057445951,0.0
31.999999999999993,55.377012845327094,linear,0.0002766010002233088,24414.0
24.000000000000004,55.09456450889503,linear,0.00026826200337382033,0.0
28.000000000000007,54.677059531441515,linear,0.0008967249959823675,9522.0
25.0,53.91125939326693,linear,0.0006614710000576451,10071.0
27.00000000000001,53.05013785307523,linear,0.0006679810030618683,11353.0
25.0,52.66716414440762,linear,0.0006886799965286627,7934.0
18.00000000000001,52.0022294020668,linear,0.0008398439968004823,7263.0
21.999999999999996,51.394895946195014,linear,0.0009525599962216802,7019.0
19.000000000000007,50.82362940377366,linear,0.0007558549987152219,9033.0
21.999999999999996,50.24454322709815,linear,0.0007463300062227063,12695.0
30.0,49.77247155322593,linear,0.0007091910010785796,7630.0
19.000000000000007,50.29271501176168,linear,0.0006075679993955418,7324.0
21.999999999999996,50.36152696555895,linear,0.0007231940035126172,5066.0
30.999999999999996,50.35314712782835,linear,0.0007270829955814406,6042.0
21.0,51.53674519461589,linear,0.0008221750031225383,6653.0
10.000000000000005,51.415455831397594,linear,0.0009863619998213835,7751.0
10.000000000000005,49.453117901625795,linear,0.0006317980005405843,9033.0
22.999999999999993,48.56625657136922,linear,0.0006585219962289557,5249.0
22.999999999999993,48.69855624861759,linear,0.0008125780004775152,9643.0
18.00000000000001,47.96908684678039,linear,0.0007539709986303933,11413.0
12.999999999999995,47.6756153951048,linear,0.00082230000407435,7996.0
16.0,47.93515946233408,linear,0.0003795239972532727,9644.0
15.000000000000004,48.49667905722641,linear,0.0002567870033090003,0.0
13.999999999999991,47.73323491252218,linear,0.000728706996596884,10071.0
7.999999999999996,46.87120292705653,linear,0.0004299139982322231,8423.0
11.999999999999998,45.895783485127744,linear,0.0007945610050228424,11657.0
15.000000000000004,45.79900600924196,linear,0.0008786770049482584,8423.0
10.000000000000005,45.72292552812007,linear,0.0006664320026175119,0.0
16.0,45.23361741244559,linear,0.0002109220004058443,0.0
13.999999999999991,45.44247372812299,linear,0.0005192749958951026,4944.0
18.00000000000001,46.01776300579622,linear,0.0007223010034067556,8606.0
13.999999999999991,46.59920271161883,linear,0.0005035110007156618,0.0
16.0,46.50256132084202,linear,0.00030478599364869297,0.0
11.999999999999998,47.0698151789198,linear,0.0005759350024163723,5249.0
11.000000000000002,46.67882006510459,linear,0.00022429499949794263,0.0
21.0,46.37587999357767,linear,0.0005933089996688068,8606.0
12.999999999999995,46.700557281079625,linear,0.0005507960013346747,10986.0
13.999999999999991,46.594568494696766,linear,0.000405432001571171,0.0
18.00000000000001,46.39470017693555,linear,0.0006092920011724345,0.0
15.000000000000004,46.98632928754848,linear,0.000707610000972636,8240.0
10.000000000000005,47.356353662241034,linear,0.0005178619976504706,3662.0
16.0,46.28781688994033,linear,0.0005555449970415793,9461.0
9.000000000000009,46.58515499788773,linear,0.0004865279988734983,7019.0
18.00000000000001,46.08962669679432,linear,0.0009830309936660342,13978.0
9.000000000000009,46.11045581312766,linear,0.0007108420031727292,8117.0
13.999999999999991,45.5274920127652,linear,0.0007529310023528524,7629.0
24.000000000000004,45.903810605992184,linear,0.0007924250021460466,6408.0
12.999999999999995,46.722362027382985,linear,0.000572860000829678,7507.0
19.000000000000007,47.07722185100361,linear,0.0005802660016342998,5981.0
12.999999999999995,47.18140135630874,linear,0.0006912120006745681,11780.0
19.000000000000007,47.550054571993385,linear,0.0006363530046655796,10071.0
12.999999999999995,48.027516592004304,linear,0.0005705910007236525,0.0
21.0,46.97663747380725,linear,0.0006291140016401187,12879.0
11.999999999999998,47.75253987497016,linear,0.0005546469983528368,7080.0
21.0,47.072863783417986,linear,0.0005525410015252419,9704.0
24.000000000000004,47.8462733189312,linear,0.0007236449964693747,7690.0
24.000000000000004,48.359876878963014,linear,0.0002737219983828254,0.0
33.00000000000001,49.4107493163364,linear,0.0006733949994668365,0.0
25.0,50.60076968476379,linear,0.0006670790025964379,5127.0
25.999999999999996,51.825901078571164,linear,0.0007096990011632442,7630.0
38.0,52.28896416720115,linear,0.0007098960049916059,6470.0
39.99999999999999,53.67373464444796,linear,0.000661441998090595,8789.0
37.00000000000001,55.22741198233386,linear,0.0007758600040688179,7630.0
25.0,55.6120983027329,linear,0.0005481240004883148,0.0
44.0,55.562678572865984,linear,0.00046104699868010357,5432.0
27.00000000000001,57.316575316726414,linear,0.0006219759961823002,9827.0
36.00000000000001,56.23946592440311,linear,0.0006105290012783371,7873.0
34.0,55.857241712728424,linear,0.0008302880014525726,19165.0
44.0,55.59349389397084,linear,0.0006659520004177466,7812.0
48.99999999999999,57.42415104745853,linear,0.0006681009981548414,7385.0
68.0,57.95823376800821,linear,0.0009529329981887713,11108.0
84.99999999999999,61.95142513066855,linear,0.0007363740005530417,9155.0
68.0,66.74301895352824,linear,0.0006446809929911979,9400.0
75.0,69.96196959488027,linear,0.0002784999960567802,19043.0
71.0,72.91537145070691,linear,0.00039829500019550323,9949.0
57.0,75.00192888599007,linear,0.000710854001226835,7446.0
59.99999999999999,73.87365701492249,linear,0.0006419609999284148,7446.0
53.0,71.48024178953783,linear,0.00043839200225193053,8972.0
58.0,70.01816305787332,linear,0.0006938079968676902,5615.0
83.0,68.3982908214967,linear,0.00019166100537404418,0.0
88.99999999999997,69.6600262202468,linear,0.0006972280025365762,8789.0
75.0,72.79201755571746,linear,0.0005465860012918711,0.0
93.0,74.19801734426495,linear,0.0007664340009796433,9949.0
85.99999999999999,78.05796408654122,linear,0.0008196000053430907,7142.0
97.99999999999997,80.72422941986035,linear,0.0004637059973902069,8667.0
101.0,82.18242874263954,linear,0.000515822997840587,7690.0
87.99999999999999,83.38055422858646,linear,0.0006042300010449253,5127.0
106.99999999999997,84.56663739739155,linear,0.0004281660003471188,7568.0
189.0,85.95527663916037,linear,0.0005360310024116188,9461.0
191.0,96.1318969268431,linear,0.0004753459943458438,0.0
177.0,105.20443754174707,linear,0.0002666349973878823,0.0
197.00000000000003,112.44887011548646,linear,0.0006047439965186641,6348.0
185.0,122.90758226997247,linear,0.00043107600504299626,0.0
173.0,130.28816032317118,linear,0.0006319100066320971,3723.0
215.00000000000003,128.68773948297672,linear,0.0006313280027825385,10437.0
239.0,131.12428344860703,linear,0.0005149950011400506,5860.0
215.00000000000003,137.20857505558075,linear,0.0006770160034648143,10315.0
297.0,138.9077981307964,linear,0.0005210430026636459,7751.0
268.99999999999994,149.88468321339212,linear,0.000717187998816371,0.0
209.0,159.09811276957464,linear,0.0005440969980554655,0.0
259.0,158.23066136126604,linear,0.0005615179979940876,0.0
259.0,160.22654728550773,linear,0.0005905299985897727,10009.0
246.99999999999997,164.45449453372854,linear,0.0007455509985447861,9644.0
286.99999999999994,159.65402137641033,linear,0.0004899409977952018,0.0
300.99999999999994,161.55679516084354,linear,0.0005275319999782369,9033.0
323.0,170.44290386987316,linear,0.00023978700482985005,0.0
281.0,176.6761348944439,linear,0.0005477359954966232,4577.0
235.0,178.69080844148638,linear,0.000675136994686909,5737.0
271.0,177.25368156673622,linear,0.0004973219984094612,6348.0
323.0,175.74207573196043,linear,0.0005235700009507127,6836.0
299.0,178.0814236499893,linear,0.0005614559995592572,0.0
268.99999999999994,175.846804317062,linear,0.00038505099655594677,8118.0
279.0,174.59153223213067,linear,0.0004612010015989654,10254.0
315.0,178.74194995328605,linear,0.0007615750000695698,10010.0
307.0,183.0478130810112,linear,0.0005609330037259497,0.0
335.0,181.58484486126125,linear,0.0005373419990064576,0.0
323.0,185.14546509363916,linear,0.0006054420009604655,0.0
242.99999999999997,190.3190222453632,linear,0.0007962700037751347,5188.0
353.0,186.52840843713278,linear,0.00022746000468032435,0.0
339.00000000000006,190.40268754842316,linear,0.0006623489971389063,5493.0
242.99999999999997,193.6088024651726,linear,0.0004825569994864054,5127.0
363.0,184.44585499353477,linear,0.0007396949949907139,5005.0
359.0,188.58956393251705,linear,0.0005067969977972098,7751.0
309.0,199.80830395721753,linear,0.000593522003327962,3723.0
299.0,195.42550756479133,linear,0.0005903040000703186,3784.0
321.00000000000006,191.55983999263705,linear,0.00047779899614397436,33935.0
295.0,198.96081807810077,linear,0.0005848669970873743,0.0
277.0,192.40686157680202,linear,0.00042505400051595643,0.0
315.0,184.49214295297116,linear,0.0005540470010600984,5310.0
289.0,185.1750234788846,linear,0.0005155659964657389,3906.0
317.0,184.1792594838217,linear,0.0005863710030098446,0.0
255.0,183.86989945933107,linear,0.0002362649975111708,0.0
309.0,179.89625276579014,linear,0.00047549500595778227,5554.0
341.0,182.98672090106305,linear,0.0005953489962848835,4883.0
286.99999999999994,185.72441739736803,linear,0.0003820729980361648,0.0
321.00000000000006,185.37740414274813,linear,0.0006533640043926425,4943.0
281.0,185.83635603293953,linear,0.0006136360025266185,9582.0
321.00000000000006,188.19669593092647,linear,0.0004959500001859851,5554.0
275.0,189.37326711436737,linear,0.0005483959976118058,7630.0
327.0,183.02826654870964,linear,0.0002044020002358593,0.0
279.0,186.91386373863193,linear,0.00022736100072506815,0.0
284.99999999999994,182.86917821513734,linear,0.00019703800353454426,23864.0
303.0,183.13541150756433,linear,0.0004004110014648177,7019.0
337.0,181.53543809989878,linear,0.0005456250000861473,6897.0
317.0,187.57362087215336,linear,0.00037626000266755,5005.0
305.0,186.66364400953663,linear,0.0005542169965337962,5066.0
367.0,189.0641869497919,linear,0.00046512900007655844,6287.0
397.0,197.09118273239733,linear,0.0005107360047986731,4883.0
351.0,206.28601671876166,linear,0.0005572709997068159,7507.0
309.0,207.54493582690463,linear,0.0005749550036853179,3296.0
257.0,206.55085035314767,linear,0.0004944129977957346,6225.0
345.0,201.6230487679004,linear,0.0004728480053017847,0.0
371.0,199.6918894787663,linear,0.0006560809997608885,7264.0
295.0,197.51877898986064,linear,0.0004739170035463758,5432.0
359.0,191.984606481225,linear,0.000480464004795067,2930.0
363.0,196.8990871429424,linear,0.0004955760014127009,4760.0
303.0,207.09907682527594,linear,0.0005998130000079982,4577.0
403.0,202.8470559424234,linear,0.0002374439936829731,0.0
373.0,206.22229873228747,linear,0.0005970779966446571,8667.0
289.0,213.71862541120416,linear,0.0005304959995555691,0.0
387.0,206.65566341612484,linear,0.00039682799979345873,6409.0
349.0,209.1931693436181,linear,0.0005418590008048341,7569.0
381.0,213.55613255141935,linear,0.0005670559985446744,4272.0
373.0,211.51752855796855,linear,0.0005136219988344237,0.0
401.0,211.64076268888033,linear,0.0005558220000239089,4516.0
435.0,222.34492802033864,linear,0.000615910001215525,7629.0
373.0,227.15624012290013,linear,0.0006292730031418614,4211.0
405.0,229.270184583647,linear,0.0004990250017726794,3113.0
375.00000000000006,231.56480639038264,linear,0.00029744299536105245,12817.0
349.0,231.68561343579012,linear,0.00019689000328071415,0.0
345.0,226.5196821135546,linear,0.0005062609998276457,0.0
335.0,217.90095980059527,linear,0.000697118004609365,0.0
303.0,214.1862227734602,linear,0.0006009110002196394,7263.0
337.0,204.31860880708456,linear,0.0005920339972362854,5676.0
381.0,200.76319520491822,linear,0.00033742200321285054,10681.0
345.0,204.05469388366683,linear,0.0005997249973006546,0.0
365.0,204.0262614079635,linear,0.0005648059959639795,14466.0
309.0,206.93006337785212,linear,0.0005786070032627322,3479.0
359.0,207.31172236967944,linear,0.000538886000867933,4517.0
333.0,209.43646607955844,linear,0.0006758759991498664,0.0
405.0,204.88682776748126,linear,0.0006742139958078042,4761.0
399.0,210.81253425931538,linear,0.000858406005136203,13672.0
369.0,214.24926383397067,linear,0.0005673850027960725,4882.0
369.0,219.8238854507015,linear,0.00022431599791161716,0.0
381.0,220.74810714048388,linear,0.00023774700093781576,0.0
381.0,225.31139013230583,linear,0.0004408310051076114,0.0
293.0,223.0438800995678,linear,0.0004428710017236881,0.0
325.0,212.61567176074644,linear,0.0006236210028873757,8362.0
375.00000000000006,208.33935540012112,linear,0.000567209004657343,4821.0
341.0,209.14216567859577,linear,0.0007456570019712672,4883.0
381.0,205.29275171171702,linear,0.0006275370033108629,4638.0
248.99999999999997,205.45702269176573,linear,0.0007331999950110912,6958.0
329.0,200.82549260069788,linear,0.0005657499932567589,8789.0
375.00000000000006,201.1739962335484,linear,0.0006364449945976958,7324.0
359.0,201.5323681440398,linear,0.0005046670048614033,10070.0
357.00000000000006,203.24994903636636,linear,0.0006080890016164631,0.0
389.0,201.04995272523934,linear,0.0006512819963973016,5127.0
323.0,214.47981316415937,linear,0.0006759600000805221,6347.0
355.0,213.68884679818925,linear,0.0006861150031909347,11779.0
331.0,211.7710770267136,linear,0.0006411979993572459,6042.0
311.0,209.07193831393732,linear,0.0006096580036683008,3723.0
293.0,204.51575910207134,linear,0.0008899289969122037,5310.0
353.0,195.28934994799468,linear,0.0003263019971200265,0.0
349.0,198.30409689090067,linear,0.0002264950016979128,0.0
335.0,197.8608696015513,linear,0.00035288000071886927,0.0
323.0,198.20709003960027,linear,0.00034722499549388885,0.0
365.0,199.30423915767784,linear,0.0006284650007728487,8057.0
423.0,206.25959890605955,linear,0.0005060589974164031,0.0
311.0,213.25476493609492,linear,0.0005014739945181645,5432.0
329.0,209.35208269326472,linear,0.000202390001504682,9949.0
263.0,208.6287935783376,linear,0.00041603200224926695,9949.0
323.0,202.6439123700496,linear,0.0005025490027037449,6652.0
282.99999999999994,198.64183030569157,linear,0.00046536599984392524,0.0
293.0,185.3334436929492,linear,0.0006674639953416772,5005.0
275.0,183.54634690421742,linear,0.0006409189954865724,9155.0
299.0,178.4013480910575,linear,0.0005950440026936121,7568.0
281.0,181.83436936999004,linear,0.000570231000892818,0.0
300.99999999999994,177.8393575905564,linear,0.0007366999998339452,0.0
275.0,179.58678887931111,linear,0.0006240860020625405,3601.0
261.0,177.83049086548547,linear,0.0003801970015047118,8728.0
263.0,176.36355870311692,linear,0.0005309589978423901,0.0
271.0,172.9145088590224,linear,0.00019551199511624873,0.0
239.0,171.96858748821396,linear,0.00021317199571058154,16297.0
241.0,165.96263878034486,linear,0.0007859340039431117,4822.0
127.0,162.66475940766034,linear,0.00042669599497457966,10070.0
239.0,149.43482279936228,linear,0.0002579440042609349,0.0
246.99999999999997,147.2952635408568,linear,0.0005381029986892827,6530.0
228.99999999999997,145.28379948043576,linear,0.0006277520005824044,4395.0
207.0,144.2766859265182,linear,0.0007482630026061088,6287.0
241.0,141.02600778967013,linear,0.0006246859993552789,6226.0
197.00000000000003,151.90026396783935,linear,0.00047392499982379377,0.0
230.99999999999997,147.78371262381026,linear,0.0006434210008592345,0.0
193.0,146.3021971828242,linear,0.0007154010017984547,6897.0
215.00000000000003,142.81245263621997,linear,0.000541856003110297,7141.0
230.99999999999997,143.54445267928662,linear,0.00042644399945857003,5981.0
145.0,142.73338122264593,linear,0.000252198995440267,0.0
195.0,137.44798158044148,linear,0.0007318209973163903,7325.0
195.0,134.04459192815742,linear,0.000620719998551067,0.0
235.0,134.31367548835263,linear,0.0006256549968384206,10865.0
183.0,136.35305351672315,linear,0.00045705500087933615,0.0
205.0,131.7434172588289,linear,0.0005242490005912259,7568.0
203.0,137.40931604904824,linear,0.0004889519987045787,0.0
186.99999999999997,138.21240628661673,linear,0.0005630099985864945,0.0
185.0,137.34441946514937,linear,0.0004629200047929771,9400.0
189.0,132.57211306345485,linear,0.0007930549982120283,7141.0
147.0,133.13385151704563,linear,0.0006684899999527261,9338.0
173.0,127.44263379496869,linear,0.0005961389979347587,12329.0
183.0,124.59445490630635,linear,0.0005523719955817796,0.0
173.0,124.30108555272247,linear,0.0007095869950717315,5859.0
173.0,123.13276154383657,linear,0.0006641689979005605,3540.0
163.0,121.62440671496178,linear,0.0008135300013236701,3174.0
167.0,123.09400605488723,linear,0.0002547129988670349,0.0
167.0,122.50321974052898,linear,0.00022992600133875385,0.0
153.0,120.98975990781429,linear,0.00026977399829775095,0.0
127.0,119.02548570840271,linear,0.0002987850020872429,26916.0
112.99999999999999,114.51183768487955,linear,0.0002625779961817898,0.0
131.0,109.6189770433949,linear,0.00020591600332409143,0.0
151.00000000000003,106.20771734656996,linear,0.0003771410047193058,12573.0
159.0,104.79710845544386,linear,0.0002093860020977445,0.0
186.99999999999997,105.46691288465664,linear,0.00024567099899286404,0.0
151.00000000000003,111.34087021585397,linear,0.0002030159957939759,18737.0
147.0,114.88950486899579,linear,0.00019967400294262916,0.0
147.0,116.31422383815287,linear,0.0004752079985337332,0.0
161.0,115.91496161930594,linear,0.0005270859983284026,6958.0
131.0,116.12679934295065,linear,0.0006462759993155487,18555.0
135.0,110.724791305702,linear,0.0006564670038642362,5921.0
153.0,109.15096218622838,linear,0.0005591060034930706,0.0
127.0,109.79701721589718,linear,0.000540904002264142,4394.0
124.99999999999997,107.81197188066066,linear,0.0003092260012635961,0.0
117.0,104.33712904212722,linear,0.00043334499787306413,0.0
151.00000000000003,102.96035725967283,linear,0.0006105409993324429,4822.0
102.99999999999999,104.57751408162429,linear,0.0005332719956641085,5920.0
127.0,99.71618659071733,linear,0.0005602630044450052,6469.0
149.0,99.70661407584099,linear,0.0006020220025675371,7141.0
111.0,102.13861759857492,linear,0.0006226639961823821,3235.0
104.99999999999999,101.43884909820379,linear,0.0008307560055982322,6225.0
120.99999999999999,96.98706283114711,linear,0.0007528770001954399,6592.0
83.0,98.72999206911588,linear,0.00046778700198046863,0.0
104.99999999999999,94.39245860554277,linear,0.0002484119977452792,0.0
129.0,90.22061904552955,linear,0.00043240100058028474,0.0
86.99999999999999,92.07912548386302,linear,0.0002950039997813292,20263.0
93.0,90.23903085003613,linear,0.0003229610010748729,0.0
96.99999999999999,87.53455740853964,linear,0.0002633070034789853,12634.0
81.0,88.87832062144372,linear,0.0007280439967871644,23499.0
65.0,86.50712386548359,linear,0.00046913499681977555,12634.0
71.0,80.33461399140998,linear,0.0007373420012299903,16479.0
61.0,78.78559218549708,linear,0.0004793679981958121,18067.0
65.0,75.69443779027144,linear,0.0002377500059083104,18250.0
76.99999999999999,72.64133221070388,linear,0.00021011899661971256,0.0
61.0,72.32537116532919,linear,0.0002345730026718229,0.0
73.00000000000001,71.90377056265167,linear,0.0002456380025250837,0.0
84.99999999999999,72.11587381354514,linear,0.0002942650025943294,0.0
48.99999999999999,74.47600113103884,linear,0.0003826989996014163,0.0
45.000000000000014,72.8286534373727,linear,0.0003613820008467883,0.0
68.99999999999999,69.69512439758729,linear,0.0005975849999231286,27161.0
48.99999999999999,70.5253373873141,linear,0.0004682299986598082,16174.0
37.00000000000001,68.19262775786396,linear,0.00038892899465281516,0.0
43.0,63.55183879092974,linear,0.00033379300293745473,23072.0
48.99999999999999,62.97865672274011,linear,0.00034124800004065037,23071.0
47.00000000000001,63.36994341793491,linear,0.0003825210005743429,0.0
58.99999999999999,61.28934614143229,linear,0.0003328160019009374,11963.0
40.99999999999999,62.29756870042695,linear,0.00034833700192393735,15991.0
47.00000000000001,62.63485560676818,linear,0.00033602400071686134,0.0
29.000000000000004,62.99663924285071,linear,0.0002943979998235591,29541.0
40.99999999999999,61.03238802499739,linear,0.0003317279988550581,15503.0
45.000000000000014,60.45170294917507,linear,0.00033017300302162766,23803.0
30.999999999999996,59.16821740182113,linear,0.00028216799546498805,26550.0
25.0,58.16315751598226,linear,0.0004150970053160563,0.0
67.0,56.02622998870716,linear,0.00032763600029284135,0.0
40.99999999999999,59.788218935648565,linear,0.000284025001747068,0.0
43.0,59.77658224123012,linear,0.0002803030001814477,0.0
27.00000000000001,59.55446670915874,linear,0.0002910799958044663,0.0
22.999999999999993,59.12529093335246,linear,0.00030427899764617905,0.0
58.99999999999999,58.843969032885994,linear,0.00035804399522021413,18311.0
30.999999999999996,58.224089820701764,linear,0.00029098599770804867,0.0
37.00000000000001,57.238001015593504,linear,0.00027458999829832464,25086.0
35.0,56.64510451559448,linear,0.0003120140027021989,0.0
30.999999999999996,57.420211048726166,linear,0.00030373199842870235,19043.0
19.000000000000007,58.130635061480795,linear,0.00030613900162279606,17028.0
21.0,54.27961959844665,linear,0.00023793700529495254,0.0
22.999999999999993,53.29894712430145,linear,0.00039854499482316896,36621.0
37.00000000000001,51.971714974779424,linear,0.0004942619998473674,0.0
21.0,52.220782901874756,linear,0.0003719849992194213,11902.0
29.000000000000004,51.24743107483033,linear,0.0005161990047781728,0.0
30.999999999999996,52.19889412014759,linear,0.0006790639963583089,20019.0
39.0,53.17737588429494,linear,0.0005835359988850541,19776.0
39.0,54.72696518354189,linear,0.0004990259985788725,21424.0
22.999999999999993,54.95111431143317,linear,0.0004311930024414323,23132.0
21.0,55.07780610601369,linear,0.0004959150028298609,23560.0
22.999999999999993,54.2706202176968,linear,0.0007438909960910678,20386.0
27.00000000000001,53.4994383551665,linear,0.0004657720055547543,19958.0
27.00000000000001,52.368663210478495,linear,0.0003282450052211061,0.0
30.999999999999996,51.24438926984681,linear,0.0003498860023682937,0.0
25.0,52.02652117961204,linear,0.0005021370016038418,0.0
29.000000000000004,52.394262866224885,linear,0.0003178059996571392,0.0
21.0,52.9666393277814,linear,0.0003150670017930679,0.0
30.999999999999996,52.37197899720272,linear,0.0003497969955787994,0.0
45.000000000000014,52.77003606823911,linear,0.00032369499967899173,0.0
29.000000000000004,54.18615714754972,linear,0.00031568200211040676,20996.0
33.00000000000001,54.536580238550265,linear,0.0003931539977202192,0.0
37.00000000000001,54.90985069129748,linear,0.0003064819975406863,0.0
40.99999999999999,56.453514422792296,linear,0.0006561600021086633,0.0
16.999999999999996,57.41854703497427,linear,0.0005729440017603338,0.0
57.0,54.67767245298256,linear,0.00033841500408016145,0.0
39.0,57.447338492148916,linear,0.0002743500008364208,10925.0
48.99999999999999,58.034403213200314,linear,0.00027684700035024434,0.0
40.99999999999999,59.17829132360736,linear,0.00029031300073256716,12146.0
40.99999999999999,59.19505854858369,linear,0.0005586050028796308,0.0
43.0,61.43528457262489,linear,0.00030490099743474275,0.0
50.999999999999986,60.12064590750913,linear,0.00021198099420871586,0.0
50.999999999999986,61.29142705861852,linear,0.0005744390000472777,7996.0
39.0,61.50727033329471,linear,0.0008972450013970956,9887.0
53.0,61.27341734044918,linear,0.0006413869996322319,0.0
63.000000000000014,62.44558816749677,linear,0.00022654900385532528,23864.0
47.00000000000001,64.4155416257425,linear,0.0007628550010849722,7446.0
55.00000000000001,63.99614533209218,linear,0.0006836000029579736,5188.0
81.0,64.38769286327128,linear,0.0006175859962240793,7690.0
67.0,68.50219508223735,linear,0.000594055003602989,0.0
75.0,69.83495830567153,linear,0.0006266229975153692,6226.0
94.99999999999999,71.00059456239886,linear,0.0008195970003725961,9826.0
94.99999999999999,75.67459984595119,linear,0.0003116589941782877,28076.0
76.99999999999999,79.51743537127999,linear,0.00027347599825588986,0.0
94.99999999999999,79.08543942501818,linear,0.0003429630014579743,0.0
75.0,81.78534037262202,linear,0.0003296860013506375,0.0
68.99999999999999,81.73012126496461,linear,0.0005145910035935231,0.0
76.99999999999999,79.17947839570506,linear,0.0003366739983903244,0.0
83.0,77.49102164894259,linear,0.00037110099947312847,14526.0
101.0,78.08402963458502,linear,0.00030163299379637465,20264.0
88.99999999999997,78.7548195072941,linear,0.00028490700060501695,0.0
88.99999999999997,80.09520191526877,linear,0.0004697499971371144,0.0
102.99999999999999,81.97764468823051,linear,0.000493207000545226,20691.0
112.99999999999999,84.51015397271571,linear,0.0005266380030661821,8240.0
131.0,87.42713694645226,linear,0.00027366999711375684,0.0
131.0,90.39546272533913,linear,0.0007990599988261238,8240.0
109.0,94.45276144782574,linear,0.0007632079941686243,9277.0
111.0,96.2753990416991,linear,0.0006553040002472699,7141.0
120.99999999999999,96.99386681063469,linear,0.0007734210012131371,5981.0
129.0,97.78045682741643,linear,0.0005369989958126098,8911.0
120.99999999999999,97.63727683693769,linear,0.0002786639961414039,6103.0
147.0,96.69049639141558,linear,0.0006510919993161224,0.0
122.99999999999999,100.40235053926791,linear,0.0006873870006529614,4577.0
141.0,101.50834799492269,linear,0.0007675919987377711,9827.0
135.0,103.43023783266372,linear,0.00047765699855517596,0.0
142.99999999999997,104.02796992733533,linear,0.0004200909970677458,0.0
175.0,106.12348974736221,linear,0.00034227899595862255,0.0
155.0,108.95821693692056,linear,0.0007476320024579763,0.0
183.0,111.99690187612876,linear,0.0008097870013443753,5981.0
183.0,116.08298255457017,linear,0.0010932700024568476,8423.0
171.0,120.72653329523293,linear,0.0006407639957615174,9216.0
173.0,123.3317106758499,linear,0.000554790000023786,7690.0
165.0,123.14396809186427,linear,0.0006204660021467134,7080.0
171.0,124.04811136401058,linear,0.0002593569952296093,0.0
161.0,122.9043231891223,linear,0.0007365339988609776,11109.0
149.0,120.78719690490998,linear,0.0006830040001659654,10314.0
191.0,118.616350388335,linear,0.0007933390006655827,5127.0
221.0,120.47220734792923,linear,0.0004621959960786626,20813.0
239.0,126.01775823706761,linear,0.0006511600004159845,9766.0
228.99999999999997,132.66232912811523,linear,0.0006345849978970364,5127.0
273.0,139.18607124872813,linear,0.0007734819955658168,6897.0
227.0,151.14976888392818,linear,0.0002846810020855628,10864.0
205.0,154.49129047135838,linear,0.0006526619981741533,7935.0
279.0,152.7706995005081,linear,0.0007107589990482666,6836.0
217.0,156.82789867272797,linear,0.0006644919994869269,0.0
179.0,155.56298252080134,linear,0.000769379003031645,18432.0
253.0,146.35229728086935,linear,0.0005276089941617101,8728.0
293.0,149.0494685579799,linear,0.0007619210009579547,0.0
303.0,157.6877285149882,linear,0.0005242670013103634,14832.0
277.0,160.16540754128465,linear,0.0006585400042240508,8606.0
259.0,165.87765889882354,linear,0.0008524170043529011,8911.0
228.99999999999997,173.34450717350578,linear,0.0009815790035645477,7385.0
271.0,170.86316662037007,linear,0.0007548790017608553,0.0
271.0,168.834519511403,linear,0.0006639499988523312,4455.0
264.99999999999994,165.88207270797636,linear,0.0007554999974672683,7874.0
197.00000000000003,164.73062283713674,linear,0.0005394399995566346,13672.0
268.99999999999994,158.57365758275083,linear,0.0002112989968736656,27465.0
291.0,162.47744925635217,linear,0.000625328000751324,7507.0
257.0,164.6145271556572,linear,0.00033040600101230666,7019.0
213.0,163.20441218994688,linear,0.00024076800036709756,0.0
259.0,158.07282652210753,linear,0.0006756649963790551,12817.0
259.0,164.00822599184738,linear,0.0005655089989886619,0.0
291.0,163.12032358144438,linear,0.0006471300002885982,4151.0
321.00000000000006,163.2685275070207,linear,0.0010888339966186322,9155.0
250.99999999999994,169.61184845356476,linear,0.0008286030060844496,12696.0
295.0,173.01538241083117,linear,0.0008093760043266229,10559.0
227.0,176.47691773655197,linear,0.0008091109993983991,9704.0
327.0,173.22828002523622,linear,0.000784787000156939,9155.0
264.99999999999994,176.86034015635605,linear,0.0003450010044616647,21912.0
313.0,171.55334002138284,linear,0.0006272179962252267,37293.0
289.0,177.4885937407361,linear,0.00022768199414713308,0.0
307.0,176.99641914942055,linear,0.0006966560031287372,7629.0
327.0,184.5673198244143,linear,0.000303556997096166,8179.0
261.0,184.73843836358043,linear,0.0008471769979223609,0.0
307.0,184.1127758846825,linear,0.0002736979949986562,0.0
315.0,183.5931399811424,linear,0.000976957002421841,9521.0
297.0,186.18438678403086,linear,0.000841992994537577,22949.0
303.0,185.15866050784123,linear,0.0004487330006668344,10254.0
309.0,182.9144098561889,linear,0.0007389340025838464,7202.0
284.99999999999994,187.4955347327146,linear,0.0011038849988835864,16358.0
317.0,185.30820928407937,linear,0.0006700920057483017,8972.0
355.0,185.58316854550063,linear,0.0006375439988914877,0.0
289.0,191.32838917355483,linear,0.0002149560023099184,0.0
335.0,189.82501371535312,linear,0.0007897559989942238,0.0
281.0,192.36911899436862,linear,0.0003880809963447973,19715.0
271.0,191.85470042655194,linear,0.00022643100237473845,18188.0
357.00000000000006,187.26737002713787,linear,0.0002949030022136867,19104.0
277.0,187.81094286249146,linear,0.0003085290009039454,15930.0
297.0,186.50448031961454,linear,0.0002979240016429685,0.0
317.0,182.83228134774905,linear,0.0006975659998715855,13061.0
293.0,186.40022148552404,linear,0.00033754399919416755,0.0
361.0,188.37266592900005,linear,0.0007546830020146444,8789.0
300.99999999999994,189.03054087203498,linear,0.0007134650004445575,13245.0
300.99999999999994,191.23229538634249,linear,0.0006485690028057434,11474.0
284.99999999999994,191.47401375593435,linear,0.0006938160004210658,9644.0
345.0,188.37875982804184,linear,0.0009679219947429374,13183.0
345.0,193.46645742746927,linear,0.0006020370055921376,6592.0
307.0,192.11729822082182,linear,0.000676163996104151,10253.0
353.0,192.55754895917474,linear,0.0008381540028494783,0.0
413.0,197.63888934602753,linear,0.0008287629971164279,11658.0
313.0,210.13579354903027,linear,0.0005799989958177321,6287.0
341.0,206.8393992075413,linear,0.0007989520017872564,7019.0
284.99999999999994,206.39396778405245,linear,0.0006515729983220808,7447.0
211.0,204.09850421579011,linear,0.000733322995074559,7019.0
305.0,190.06714110174232,linear,0.0003635360044427216,0.0
277.0,180.01413742860348,linear,0.0008097219979390502,12024.0
284.99999999999994,176.6282240253468,linear,0.0007101390001480468,0.0
246.99999999999997,171.29672253008334,linear,0.0006370350020006299,7873.0
289.0,167.61728518628144,linear,0.0010205720027443022,12695.0
389.0,175.05959779632707,linear,0.0009308489970862865,13305.0
325.0,183.56836245949137,linear,0.0004455680027604103,7507.0
367.0,188.13042043746808,linear,0.0007894919981481507,10620.0
333.0,196.0404672334093,linear,0.0007730309953331016,10132.0
347.0,204.19506460771083,linear,0.0006007060001138598,6897.0
289.0,209.62544810565552,linear,0.00047599700337741524,8545.0
379.0,199.9410399479657,linear,0.0007968339996295981,8361.0
300.99999999999994,205.26881088220304,linear,0.0008590969955548644,11902.0
259.0,198.8904508623425,linear,0.0005842059981659986,6836.0
327.0,191.48607575760911,linear,0.0006598620020668022,7507.0
295.0,189.78727746794598,linear,0.0007821239996701479,0.0
309.0,190.29184740844417,linear,0.0006572460042661987,3540.0
325.0,183.65597303160303,linear,0.0008285090007120743,11047.0
279.0,186.08201052407858,linear,0.0008410540031036362,10803.0
271.0,187.795979901422,linear,0.0009807390015339479,6226.0
351.0,182.347048849638,linear,0.0004458410039660521,0.0
255.0,187.9604862568102,linear,0.0009355900037917309,11109.0
268.99999999999994,182.59546180298202,linear,0.0005630220039165579,0.0
257.0,177.13830928276766,linear,0.0005000899982405826,8179.0
313.0,175.0261254767401,linear,0.0010029109980678186,16174.0
297.0,179.1378304622578,linear,0.0008184339967556298,9948.0
248.99999999999997,174.1233203176263,linear,0.0007613540001329966,20691.0
331.0,173.33272158201936,linear,0.0007428950048051775,0.0
241.0,179.47436084829397,linear,0.0007286899999598972,0.0
311.0,177.73126296142584,linear,0.0006812999999965541,8789.0
275.0,177.62277423177397,linear,0.0003714990016305819,8850.0
297.0,175.5797775420692,linear,0.0008738869946682826,22705.0
291.0,180.09561716105497,linear,0.0006422109945560805,0.0
250.99999999999994,176.38236773904424,linear,0.000756582994654309,0.0
295.0,177.1138551831282,linear,0.0006977949960855767,16113.0
307.0,175.6943998846387,linear,0.0008304069997393526,0.0
284.99999999999994,178.86602529883055,linear,0.000488930003484711,8179.0
264.99999999999994,177.66971794158079,linear,0.000471512001240626,13305.0
257.0,175.10717902042828,linear,0.0008527509999112226,0.0
227.0,175.56760165373106,linear,0.0009374729997944087,6897.0
221.0,168.92272055642806,linear,0.0010321699955966324,24537.0
228.99999999999997,160.63032695960496,linear,0.0008121700011542998,0.0
215.00000000000003,155.3057410186058,linear,0.000959541997872293,19897.0
232.99999999999994,150.49356205245462,linear,0.0008615469996584579,9338.0
271.0,148.26232109798792,linear,0.000944064995564986,14892.0
232.99999999999994,152.6514977586559,linear,0.0007163560003391467,0.0
273.0,153.7342053252117,linear,0.00029031900339759886,0.0
217.0,158.0263060006525,linear,0.00028297799872234464,0.0
237.0,158.08174525980928,linear,0.0004973730028723367,0.0
227.0,158.3834326628367,linear,0.0010981550003634766,20630.0
209.0,154.21511460920192,linear,0.0006796839952585287,14587.0
213.0,151.79213480702592,linear,0.0005725640003220178,0.0
225.0,146.0837306467817,linear,0.000875904006534256,7568.0
221.0,146.87931306676205,linear,0.0007672209976590239,10498.0
197.00000000000003,145.36777224859128,linear,0.00026098000671481714,9827.0
225.0,142.42142527700864,linear,0.0007801169995218515,5615.0
177.0,143.99983106389317,linear,0.0006614869998884387,10498.0
197.00000000000003,140.42742388177913,linear,0.00037980899651302025,7080.0
193.0,137.72502357057178,linear,0.00047301500308094546,0.0
159.0,135.09522137710803,linear,0.00023766400408931077,0.0
139.0,131.29986721648052,linear,0.00033291400177404284,4272.0
168.99999999999997,122.97701724375399,linear,0.0005852470058016479,0.0
171.0,122.2561113876836,linear,0.0002171849992009811,0.0
195.0,119.8382452792426,linear,0.0007615229988005012,0.0
185.0,120.15372709600754,linear,0.0008090160044957884,6347.0
139.0,122.67666071733488,linear,0.001040948998706881,9888.0
131.0,122.4630429237003,linear,0.0007753460013191216,8911.0
129.0,118.70220770699375,linear,0.0002938719990197569,0.0
159.0,114.63304103564978,linear,0.00048203500045929104,16663.0
151.00000000000003,111.2985837132185,linear,0.00041012600559042767,15747.0
117.0,108.12306336966495,linear,0.0004524280011537485,0.0
139.0,105.88892769773881,linear,0.0008444150007562712,15625.0
111.0,106.66637939119555,linear,0.0008424489933531731,25147.0
111.0,104.8572184081982,linear,0.0004011000055470504,0.0
73.00000000000001,100.2136653812487,linear,0.000280017004115507,20142.0
106.99999999999997,92.64694197464938,linear,0.00029388300026766956,18799.0
81.0,91.71043241265163,linear,0.0003829620036412962,26550.0
65.0,86.16293292544512,linear,0.00034445899655111134,0.0
93.0,81.65008076995315,linear,0.00036867199378320947,23071.0
102.99999999999999,80.03292516409064,linear,0.000313895994622726,0.0
78.99999999999999,82.96141026784402,linear,0.000347282002621796,21240.0
129.0,80.24293151528181,linear,0.0007353500041062944,17700.0
177.0,84.98350537621296,linear,0.0003955610009143129,19958.0
201.0,95.94740466964919,linear,0.0003541409969329834,0.0
131.0,106.45820619536279,linear,0.0003108279997832142,0.0
114.99999999999999,108.96493157988589,linear,0.0003862289959215559,0.0
101.0,112.16276849310952,linear,0.0006006339972373098,50232.0
101.0,109.35069413162869,linear,0.000666968000587076,0.0
117.0,102.02126513817574,linear,0.0006643400047323667,6653.0
104.99999999999999,94.10806105708603,linear,0.0009521579995634966,12390.0
81.0,91.62511679206911,linear,0.0005762529981439002,11353.0
67.0,88.27558750361159,linear,0.0006665949986199848,0.0
76.99999999999999,84.92277203146631,linear,0.000621739003690891,0.0
86.99999999999999,82.61556984309874,linear,0.00048099999548867345,13916.0
81.0,79.81113517311782,linear,0.0006379860060405917,7507.0
71.0,77.53710886035331,linear,0.00020693700207630172,0.0
71.0,76.54686722583749,linear,0.0007134240004234016,4944.0
86.99999999999999,76.89939374081855,linear,0.0005764000015915371,0.0
63.000000000000014,77.90292672246686,linear,0.0007534260003012605,7812.0
91.0,75.55872651312448,linear,0.0006625899986829609,0.0
73.00000000000001,76.57718935043019,linear,0.0008152800000971183,0.0
86.99999999999999,76.7613548814944,linear,0.0008230940002249554,8179.0
58.99999999999999,78.28988772894208,linear,0.0008579030036344193,7080.0
67.0,75.56329281732084,linear,0.0007704290037509054,13733.0
61.0,75.8892246131483,linear,0.0004606570000760257,14831.0
83.0,73.03054337063185,linear,0.0006273530016187578,10376.0
67.0,74.03904126961702,linear,0.00021592400298686698,0.0
75.0,72.14093934222143,linear,0.0006291870013228618,7507.0
40.99999999999999,73.66061918231851,linear,0.0006751990003976971,8484.0
48.99999999999999,71.07359860739494,linear,0.0007011319976300001,8057.0
48.99999999999999,69.86184482407448,linear,0.0006381530038197525,10560.0
35.0,66.63930312609874,linear,0.0006853590020909905,7507.0
45.000000000000014,63.517807841222556,linear,0.0005842750033480115,9521.0
53.0,60.688034470170535,linear,0.0003789629990933463,0.0
33.00000000000001,61.87696268639263,linear,0.0006986770022194833,9582.0
47.00000000000001,60.29052707693839,linear,0.00030179899476934224,11475.0
53.0,60.12285009784536,linear,0.0006204279998200946,7507.0
33.00000000000001,61.88513154873733,linear,0.0007694860032643192,10803.0
35.0,60.66934208393615,linear,0.0009708750003483146,13611.0
29.000000000000004,58.933657163720454,linear,0.0005996730033075437,0.0
35.0,58.51900884414347,linear,0.00019466899539111182,0.0
21.0,57.373004928794316,linear,0.0009178819964290597,17822.0
37.00000000000001,54.292637082529396,linear,0.0006944429987925105,11475.0
22.999999999999993,54.70190675110777,linear,0.0007381119939964265,0.0
48.99999999999999,53.54193215357572,linear,0.0007059970012051053,4578.0
39.0,55.51421729180814,linear,0.00032088300213217735,56214.0
35.0,55.92861725356239,linear,0.00042778799979714677,13489.0
35.0,57.218183768523666,linear,0.0007111730010365136,7690.0
27.00000000000001,57.03321803423678,linear,0.0007426590018440038,4699.0
25.0,57.36095964525149,linear,0.0005392800012486987,10681.0
16.999999999999996,55.050406254990996,linear,0.0004828789969906211,7080.0
19.000000000000007,52.91597930938716,linear,0.0007092649975675158,8239.0
33.00000000000001,51.37510590792944,linear,0.0005502170024556108,13123.0
29.000000000000004,51.245367973173934,linear,0.0002983369995490648,0.0
16.999999999999996,51.45290322703931,linear,0.0008340479980688542,6348.0
22.999999999999993,50.64486659980974,linear,0.0006226760015124455,7141.0
19.000000000000007,51.21434751109101,linear,0.0008746220046305098,7752.0
25.0,51.19774735478547,linear,0.00028335499519016594,0.0
19.000000000000007,50.44910505272421,linear,0.0006782679993193597,0.0
19.000000000000007,49.49500443486531,linear,0.00029916500352555886,0.0
16.999999999999996,49.668212347688446,linear,0.00030244900699472055,22766.0
21.0,49.090857013692705,linear,0.0008452069960185327,11231.0
33.00000000000001,49.28621866352783,linear,0.0006015769977238961,0.0
35.0,50.10877681616343,linear,0.000908144997083582,9399.0
27.00000000000001,51.67179480948621,linear,0.00021670300338882953,0.0
30.999999999999996,52.41557248580236,linear,0.0003524249987094663,0.0
33.00000000000001,53.74987802397919,linear,0.00020544399740174413,0.0
29.000000000000004,54.90142613750587,linear,0.0006993240021984093,8118.0
22.999999999999993,54.506268951936214,linear,0.0005837980061187409,11230.0
21.0,53.33645519141129,linear,0.000668111999402754,15442.0
35.0,52.73875076956237,linear,0.0006233140011318028,9339.0
37.00000000000001,53.16505626293841,linear,0.0007629629981238395,5676.0
45.000000000000014,53.587337031503324,linear,0.00021715500042773783,0.0
33.00000000000001,55.15768410492781,linear,0.00046927299990784377,8301.0
35.0,56.09087969172408,linear,0.000497480999911204,8606.0
39.0,57.399708965995536,linear,0.0006646600013482384,5677.0
40.99999999999999,57.79874966900548,linear,0.000878020997333806,0.0
45.000000000000014,58.18849883792204,linear,0.0007763699977658689,6409.0
55.00000000000001,58.219086273872534,linear,0.0005811560040456243,0.0
67.0,60.3666699807162,linear,0.0007305459948838688,11840.0
29.000000000000004,63.48870122567624,linear,0.0008503280041622929,4150.0
45.000000000000014,62.41913367502823,linear,0.0007329389991355129,8789.0
65.0,62.77815622803717,linear,0.00022646899742539972,0.0
88.99999999999997,64.78537554228423,linear,0.0007476549944840372,11780.0
84.99999999999999,68.15299931125972,linear,0.0005714279977837577,7202.0
76.99999999999999,69.94983945483276,linear,0.00025753399677341804,0.0
96.99999999999999,74.4925764942634,linear,0.0006920710002304986,13733.0
61.0,79.50497259084786,linear,0.000692130000970792,8361.0
88.99999999999997,79.0101542377042,linear,0.0005741389977629296,0.0
119.0,79.04087566609236,linear,0.0005807039997307584,9949.0
101.0,82.46655747823861,linear,0.000779449001129251,12268.0
122.99999999999999,84.74024879166676,linear,0.0007973310057423078,10315.0
109.0,87.3084321069575,linear,0.0007558659999631345,8728.0
111.0,91.86975645256638,linear,0.0007160539971664548,6531.0
145.0,93.92388480673414,linear,0.0006507869984488934,7874.0
147.0,96.55592548285617,linear,0.0005078940012026578,8240.0
173.0,101.01253145926931,linear,0.0005421949972514994,0.0
171.0,105.90994649875267,linear,0.0006258080029510893,8361.0
151.00000000000003,111.88902381071888,linear,0.00020420399960130453,0.0
155.0,115.60878486604267,linear,0.00037055400025565177,0.0
149.0,116.53811932350197,linear,0.0005623870019917376,7813.0
168.99999999999997,116.68948120339083,linear,0.0007951369989314117,7751.0
261.0,116.36713982213212,linear,0.0007190980031737126,10681.0
197.00000000000003,125.36962807887502,linear,0.00074463700002525,7691.0
223.0,129.72832442486543,linear,0.000667203996272292,10132.0
232.99999999999994,136.20828286646758,linear,0.0006783309945603833,9460.0
232.99999999999994,144.31744240332054,linear,0.0006458140051108785,7813.0
264.99999999999994,150.36948713514417,linear,0.0007909970008768141,3418.0
305.0,150.93184938333022,linear,0.0008983340012491681,11048.0
303.0,161.45046548118165,linear,0.0007258829937200062,7813.0
193.0,169.17266418129915,linear,0.0010717289987951517,7935.0
281.0,164.95061417779502,linear,0.0007124679978005588,5615.0
317.0,169.6029157136697,linear,0.0005700219990103506,7324.0
399.0,174.84380184103838,linear,0.00060450000455603,7507.0
405.0,184.20727493993965,linear,0.0007321969969780184,0.0
439.0,194.27291887207735,linear,0.0006148519969428889,16602.0
387.0,217.86618664429835,linear,0.0009263090032618493,8911.0
397.0,227.8621917835051,linear,0.0003252160022384487,34241.0
409.0,235.36736638143174,linear,0.00038109999877633527,0.0
405.0,236.3810489697103,linear,0.0006709489971399307,0.0
359.0,236.3556999795644,linear,0.0006402840008377098,8545.0
353.0,228.5798674496158,linear,0.0005242819970590062,6652.0
351.0,225.20074953035146,linear,0.0005480740001075901,0.0
401.0,220.7650850683886,linear,0.0006810530030634254,0.0
359.0,220.17578550525772,linear,0.0005154110040166415,7568.0
353.0,215.77147457290027,linear,0.0003983939968748018,11597.0
361.0,215.0977254684695,linear,0.0005775550016551279,8667.0
363.0,215.88198859372892,linear,0.0002702170022530481,0.0
325.0,217.00210891709816,linear,0.0002332639996893704,10193.0
295.0,209.63914896994928,linear,0.0006711160021950491,20996.0
323.0,203.33569637136142,linear,0.00040890200034482405,13000.0
355.0,200.49378962140332,linear,0.0006107869994593784,10071.0
357.00000000000006,200.0864398488758,linear,0.000630212998657953,6530.0
225.0,199.62268349462798,linear,0.0006339960018522106,8606.0
299.0,189.6176059004682,linear,0.0005720729968743399,9949.0
355.0,189.96781470023174,linear,0.0005224099950282834,10132.0
315.0,193.34468308061057,linear,0.0003799500045715831,0.0
242.99999999999997,189.48400621788184,linear,0.00043437899876153097,7874.0
207.0,178.3719120974551,linear,0.0007231259951367974,12207.0
228.99999999999997,176.30019509796173,linear,0.0005556550022447482,0.0
253.0,169.54556957943961,linear,0.0005430239980341867,7629.0
286.99999999999994,159.95026701089,linear,0.0007771019954816438,7446.0
277.0,157.51238321846557,linear,0.0005340870047803037,9705.0
263.0,160.83791208410543,linear,0.0004722280064015649,0.0
300.99999999999994,166.10712842474743,linear,0.0006671250012004748,7873.0
257.0,173.0817267113222,linear,0.0006593660000362433,0.0
281.0,173.35035702685624,linear,0.0007742700036033057,9094.0
268.99999999999994,172.7826577616845,linear,0.0006684689942630939,0.0
263.0,172.03710791898772,linear,0.0007109090001904406,9216.0
237.0,171.95236641519625,linear,0.0002838220025296323,0.0
261.0,165.76672059384532,linear,0.00024632500571897253,35644.0
244.99999999999997,166.15732014560157,linear,0.00041093400068348274,0.0
248.99999999999997,162.7147621445255,linear,0.00047265199827961624,23376.0
227.0,160.78812338318323,linear,0.00030053400405449793,13306.0
325.0,157.29877333041904,linear,0.00039112500235205516,21606.0
313.0,166.00097558351604,linear,0.00035693200334208086,0.0
297.0,171.15053538301618,linear,0.0003832500005955808,18432.0
266.99999999999994,176.044323073249,linear,0.00034431899985065684,0.0
264.99999999999994,177.65253783683963,linear,0.00037507800152525306,32165.0
268.99999999999994,181.12176198284055,linear,0.00034770899947034195,19959.0
295.0,175.78277790827624,linear,0.0003566469968063757,0.0
309.0,174.1758304755107,linear,0.000258837993897032,0.0
257.0,175.45747948240387,linear,0.0003090980026172474,0.0
227.0,174.346641690142,linear,0.0002897079975809902,0.0
263.0,170.4940039404598,linear,0.0003797919998760335,32226.0
223.0,169.95948550262864,linear,0.0004328039940446615,0.0
207.0,162.9825704933464,linear,0.0005269360044621862,0.0
237.0,153.13402547282433,linear,0.0003583799989428371,22034.0
257.0,151.32415469743324,linear,0.0002909500035457313,0.0
275.0,154.28987593546054,linear,0.00032005800312617794,21362.0
291.0,155.5839561680446,linear,0.000330881004629191,0.0
237.0,162.20363991182936,linear,0.0004150609966018237,14343.0
299.0,164.8862439105992,linear,0.0003402560032554902,24170.0
263.0,170.91198433882013,linear,0.00022638100199401379,0.0
266.99999999999994,171.46516014837212,linear,0.00026172199432039633,17456.0
289.0,170.62441101641207,linear,0.0002332499934709631,0.0
321.00000000000006,170.57471655360962,linear,0.0006073969998396933,9460.0
230.99999999999997,178.70982301431366,linear,0.0004161160031799227,9888.0
311.0,171.98320832452595,linear,0.00036625000211643055,10314.0
257.0,176.6764388157818,linear,0.0003072399995289743,0.0
345.0,175.66620671074452,linear,0.0010829419989022426,11963.0
271.0,181.19673713326017,linear,0.0006486529964604415,7202.0
281.0,176.41850032270025,linear,0.0004808770027011633,8239.0
282.99999999999994,181.00926286104394,linear,0.0004283300004317425,9094.0
300.99999999999994,178.4117484604882,linear,0.0006967110020923428,5249.0
259.0,182.60059681858024,linear,0.0007205389993032441,10315.0
318.99999999999994,174.33143120977468,linear,0.0005667680015903898,7508.0
300.99999999999994,179.04417800568294,linear,0.0007223380016512237,9034.0
343.0,181.01387203074526,linear,0.0005597510025836527,7203.0
279.0,186.85180130786983,linear,0.0005688370001735166,10009.0
303.0,184.64746477486912,linear,0.00019734799570869654,0.0
227.0,188.75407597563745,linear,0.000563939000130631,8118.0
242.99999999999997,179.74441403666924,linear,0.0006586689996765926,9217.0
335.0,174.05167232130125,linear,0.0008545080054318532,6775.0
286.99999999999994,173.70912510450722,linear,0.0008727900058147497,10132.0
397.0,174.46532261806277,linear,0.0007192100019892678,10865.0
307.0,183.83588406446697,linear,0.00034711100306594744,0.0
337.0,191.38179181338904,linear,0.000522039998031687,0.0
329.0,200.21123154221897,linear,0.00029237700073281303,0.0
349.0,199.71867979782922,linear,0.0007294239985640161,9338.0
449.00000000000006,205.5950217285997,linear,0.00032648500200593844,0.0
443.0,211.0602105567889,linear,0.0006726279971189797,8789.0
419.0,224.2295313243401,linear,0.000289142997644376,0.0
339.00000000000006,231.9918539471485,linear,0.000591814998188056,14832.0
379.0,232.59796634427812,linear,0.0009545310022076592,11109.0
433.0,235.34709707821085,linear,0.00041301700548501685,8728.0
375.00000000000006,234.0924243489191,linear,0.0009001380021800287,13733.0
355.0,227.51043708069028,linear,0.0006778750030207448,10192.0
449.00000000000006,221.2789166345096,linear,0.0006273640028666705,0.0
391.0,232.0608083356706,linear,0.0008625059999758378,7141.0
311.0,233.1375849740459,linear,0.0008042850022320636,9521.0
425.0,221.11831582859193,linear,0.0007814730051904917,6714.0
407.0,226.16813654322647,linear,0.0010529169958317652,8972.0
367.0,231.2144869900617,linear,0.00045854599738959223,0.0
369.0,223.24636596217846,linear,0.0006541529946844094,9460.0
395.0,221.14989566212003,linear,0.0006400100028258748,6104.0
457.0,229.1697485118531,linear,0.0002544269955251366,15503.0
369.0,232.52322707568092,linear,0.0002927900059148669,9338.0
343.0,228.74030192049966,linear,0.0005673050036421046,41260.0
387.0,226.17195542200452,linear,0.0003491099996608682,0.0
405.0,227.97156591408918,linear,0.0004737919953186065,16479.0
259.0,229.0164892176688,linear,0.0007544570034951903,6043.0
397.0,209.67153562246918,linear,0.00039119400025811046,0.0
365.0,212.57342968235355,linear,0.0006432289956137538,15381.0
329.0,214.79823577608227,linear,0.000266759998339694,11841.0
425.0,209.0350270596648,linear,0.0003357219975441694,27466.0
375.00000000000006,211.36812077280052,linear,0.00038488800055347383,0.0
413.0,222.34718276785588,linear,0.0005946969977230765,7141.0
415.0,223.94597208514324,linear,0.0008153849994414486,9216.0
405.0,228.85385245961356,linear,0.0010779049989650957,10192.0
237.0,235.99928766085637,linear,0.0006232239975361153,0.0
385.0,217.4385060464502,linear,0.0006684609979856759,13611.0
463.0,218.54176810328616,linear,0.0005117129985592328,4578.0
451.0,223.89935329144345,linear,0.000439745002950076,6592.0
409.0,227.47047199258793,linear,0.0005222019972279668,5676.0
392.99999999999994,227.85543848597737,linear,0.0006198479968588799,5615.0
353.0,242.49686753954418,linear,0.0004733910027425736,6958.0
355.0,239.17886673546982,linear,0.0006456710034399293,5615.0
381.0,228.77793466911822,linear,0.0005472230041050352,7630.0
379.0,222.21539819070279,linear,0.0005452479963423684,0.0
323.0,219.40484861488665,linear,0.0006529940001200885,3723.0
295.0,212.54268155216167,linear,0.0009224690002156422,7385.0
293.0,206.7763199473415,linear,0.0005939140028203838,0.0
303.0,200.7501006501628,linear,0.0007545920016127639,6042.0
341.0,193.31557513226318,linear,0.0005474200006574392,4151.0
325.0,189.88970555221692,linear,0.0006441579971578903,5798.0
305.0,190.1300307395373,linear,0.0008635659978608601,6409.0
317.0,190.98678222126526,linear,0.0007467050018021837,10803.0
286.99999999999994,193.27646175764036,linear,0.0008919259998947382,9948.0
263.0,191.62333599048912,linear,0.0009286809945479035,6592.0
281.0,184.02709247404246,linear,0.0006962580009712838,12940.0
282.99999999999994,179.8505932957924,linear,0.0004375400021672249,0.0
246.99999999999997,177.775008376684,linear,0.0006625149981118739,4151.0
237.0,170.98109333774235,linear,0.0005541799982893281,6714.0
232.99999999999994,166.1113362242153,linear,0.0004911200012429617,0.0
237.0,163.18622473194915,linear,0.0006595699960598722,13550.0
244.99999999999997,158.97757956161678,linear,0.0005410380035755225,0.0
203.0,155.4130098420867,linear,0.0004856129962718114,7996.0
207.0,151.07851418288755,linear,0.0007452750069205649,10498.0
253.0,148.14021425594936,linear,0.0007650000043213367,6226.0
173.0,150.2213629011091,linear,0.0003892960012308322,0.0
228.99999999999997,143.89545130939138,linear,0.0008752499998081475,11414.0
189.0,142.44425170610177,linear,0.0008325789967784658,7507.0
201.0,141.0709808534453,linear,0.0006831249993410893,5859.0
193.0,140.41078860033565,linear,0.00032392199500463903,0.0
213.0,134.74518229804184,linear,0.0007738339991192333,11597.0
149.0,138.57127310518857,linear,0.0005808299974887632,8728.0
171.0,130.76763034506118,linear,0.0006458729985752143,8118.0
181.0,128.98100361632243,linear,0.0006303689951892011,8911.0
161.0,127.15398062333489,linear,0.0005613239991362207,7080.0
213.0,124.018899433005,linear,0.0006697300050291233,0.0
183.0,124.22875286304883,linear,0.0005801320003229193,0.0
181.0,127.45963953998707,linear,0.0005120159985381179,12879.0
163.0,128.33935879836102,linear,0.000641656995867379,7324.0
163.0,126.56923998010618,linear,0.0007037559989839792,0.0
157.0,126.67061648538676,linear,0.00022681399423163384,0.0
155.0,121.31902156415939,linear,0.0006766429942217655,9400.0
124.99999999999997,118.62120575024225,linear,0.0006800490009482019,6713.0
139.0,113.16840720651612,linear,0.0008381279985769652,11475.0
142.99999999999997,110.85980195907199,linear,0.0006885280017741024,0.0
132.99999999999997,108.99342966922816,linear,0.0006407929977285676,11414.0
111.0,106.67039715994652,linear,0.00021036800171714276,0.0
111.0,102.39114118498537,linear,0.000509682999108918,10070.0
111.0,100.99207145971553,linear,0.0006368710019160062,31677.0
120.99999999999999,98.30715214301789,linear,0.00031620099616702646,0.0
104.99999999999999,96.24649719825783,linear,0.00031959199986886233,0.0
129.0,93.55213668560401,linear,0.00029547099984483793,21972.0
137.0,95.32809952358603,linear,0.00041265800246037543,19104.0
147.0,97.89382719508518,linear,0.0007964350006659515,9948.0
129.0,101.38150296808273,linear,0.00030654599686386064,0.0
106.99999999999997,102.12057610977337,linear,0.0002925969965872355,0.0
109.0,102.1733516977066,linear,0.0005965570016996935,6714.0
93.0,100.21312496728235,linear,0.0004093489988008514,41443.0
71.0,95.9376307135523,linear,0.0002604269975563511,22522.0
76.99999999999999,88.57011553756777,linear,0.0003143639987683855,33508.0
94.99999999999999,83.59139129052818,linear,0.0009061230011866428,7751.0
84.99999999999999,82.51600837168266,linear,0.00045665999641641974,9949.0
83.0,80.2356157968275,linear,0.0008794599998509511,15259.0
93.0,79.27388272998067,linear,0.0004891279968433082,18798.0
58.99999999999999,81.4052862795858,linear,0.0008390319999307394,9155.0
78.99999999999999,79.56328623024437,linear,0.0002099190023727715,0.0
73.00000000000001,78.04414209135815,linear,0.0005825640037073754,0.0
71.0,76.91630388748848,linear,0.0005876779978279956,0.0
71.0,75.73788731044952,linear,0.0005490929979714565,6409.0
76.99999999999999,73.66284418661728,linear,0.0007856369993533008,7996.0
53.0,75.38662719825668,linear,0.0007017250027274713,0.0
53.0,72.83087363171602,linear,0.0006238290006876923,6592.0
65.0,70.86992834329403,linear,0.000642605999018997,0.0
73.00000000000001,70.33785918664935,linear,0.0006754479982191697,6165.0
78.99999999999999,70.57543596188856,linear,0.0006272649989114143,4821.0
73.00000000000001,70.82905888043759,linear,0.0006555439977091737,7446.0
65.0,72.7347624142258,linear,0.000994535002973862,9460.0
48.99999999999999,73.83092732836593,linear,0.0008657830039737746,14465.0
65.0,72.21821453963766,linear,0.0005679429959855042,0.0
57.0,71.47042297648905,linear,0.0006289360026130453,6775.0
50.999999999999986,69.37420448439,linear,0.0008680850005475804,7080.0
55.00000000000001,67.23892187122705,linear,0.000759549999202136,4395.0
63.000000000000014,66.3001958039736,linear,0.0005010349996155128,0.0
73.00000000000001,67.66025318342832,linear,0.0009354319990961812,0.0
65.0,68.48584844978299,linear,0.0008531690036761574,6226.0
29.000000000000004,69.24983822308198,linear,0.0005689469981007278,4822.0
40.99999999999999,66.99620684457501,linear,0.0005631460007862188,12268.0
48.99999999999999,65.61762741452918,linear,0.000708831001247745,4151.0
47.00000000000001,64.31921153675385,linear,0.0007203100030892529,6714.0
35.0,61.847192051126875,linear,0.0007521419975091703,7934.0
37.00000000000001,58.965910209054655,linear,0.0007230530027300119,4517.0
50.999999999999986,59.702372048225484,linear,0.000887123002030421,5372.0
33.00000000000001,60.704937639289305,linear,0.0008134849995258264,4577.0
33.00000000000001,59.13968837626256,linear,0.0009660650030127726,5371.0
30.999999999999996,57.77561253740192,linear,0.0007323070021811873,5798.0
37.00000000000001,57.38352664116124,linear,0.0008504850047756918,6530.0
15.000000000000004,57.38615711746071,linear,0.0007723909948254004,6653.0
43.0,53.8924988569248,linear,0.0007410890029859729,6897.0
25.0,54.90460445859575,linear,0.0006732169931638055,6104.0
37.00000000000001,54.133418616946955,linear,0.000649017994874157,4517.0
57.0,54.707848441558,linear,0.0006751760010956787,5311.0
35.0,56.74024100689719,linear,0.0008339479973074049,10865.0
27.00000000000001,58.58848671100888,linear,0.0007027780011412688,3785.0
19.000000000000007,57.00288183585074,linear,0.0007727139964117669,7141.0
29.000000000000004,56.37169911904051,linear,0.0008765059974393807,8606.0
27.00000000000001,55.604247541691024,linear,0.000715622998541221,7324.0
29.000000000000004,52.76782959161616,linear,0.000725907004380133,3602.0
22.999999999999993,52.20471482373456,linear,0.0006822249997640029,6226.0
22.999999999999993,51.81288702391849,linear,0.0005481550033437088,6531.0
22.999999999999993,52.17343169265355,linear,0.0004397650045575574,8362.0
16.999999999999996,51.601059684979475,linear,0.000764805001381319,6042.0
29.000000000000004,50.62037830306938,linear,0.0006288399963523261,5005.0
33.00000000000001,50.65692548238193,linear,0.0005710940022254363,5371.0
25.0,51.65255936692576,linear,0.00026426899421494454,0.0
30.999999999999996,51.82381889955058,linear,0.0008123199950205162,6958.0
15.000000000000004,52.60110892774696,linear,0.0008052699995459989,10987.0
21.0,52.35273681447311,linear,0.0007745149996480905,18677.0
25.0,51.57170676249401,linear,0.0009041200028150342,18249.0
29.000000000000004,50.84025099382112,linear,0.0005566719992202707,4211.0
40.99999999999999,51.23913184309344,linear,0.0005732860008720309,4272.0
35.0,52.263550563333716,linear,0.0005141950023244135,9033.0
27.00000000000001,54.17507022813545,linear,0.0011063339989050291,7874.0
35.0,54.70507880679244,linear,0.0007736260013189167,6775.0
22.999999999999993,55.67054284947505,linear,0.0006150159970275126,7812.0
35.0,55.0573337450105,linear,0.0007999099980224855,10559.0
48.99999999999999,54.50737550098677,linear,0.000532063000719063,0.0
40.99999999999999,55.929591265625064,linear,0.0002963799997814931,0.0
43.0,57.26152385196313,linear,0.0006644450040766969,4883.0
37.00000000000001,58.0309122593863,linear,0.0005894850037293509,0.0
33.00000000000001,59.341692674906795,linear,0.0005587859996012412,0.0
53.0,59.10950950794541,linear,0.0006704500046907924,8240.0
50.999999999999986,59.56336303726614,linear,0.0007893380025052465,7446.0
35.0,60.551793401145,linear,0.0009056459966814145,16662.0
45.000000000000014,59.731567521951064,linear,0.0007036140013951808,6225.0
65.0,60.504852927152896,linear,0.0005977900000289083,0.0
50.999999999999986,63.63853448705176,linear,0.0007677699977648444,10803.0
71.0,63.4398323761024,linear,0.0006833609950263053,0.0
68.99999999999999,65.41377466922654,linear,0.0006897319981362671,8667.0
76.99999999999999,68.69173193067603,linear,0.00028829700022470206,0.0
86.99999999999999,71.75893170295845,linear,0.0008184079997590743,0.0
73.00000000000001,73.93115898770668,linear,0.0005591410008491948,0.0
84.99999999999999,75.98737113880236,linear,0.0007843589992262423,12634.0
111.0,77.344095131894,linear,0.0006834830055595376,0.0
124.99999999999997,81.47285175338554,linear,0.0006764799982192926,9155.0
131.0,86.15969432808453,linear,0.0009208499977830797,16418.0
124.99999999999997,90.43614718332513,linear,0.0005512939969776198,10804.0
104.99999999999999,95.39314683756666,linear,0.0006405149979400449,6287.0
191.0,97.19835821061181,linear,0.0007151989993872121,10559.0
139.0,105.1066686835751,linear,0.0005770549978478812,0.0
183.0,106.4298903222614,linear,0.0007358219954767264,0.0
142.99999999999997,111.46559474648735,linear,0.000620378996245563,0.0
195.0,113.15688930789533,linear,0.0004357630023150705,9155.0
149.0,121.78766257634778,linear,0.0006402930011972785,4822.0
161.0,117.76248876344101,linear,0.000732326996512711,13061.0
213.0,119.77312813710138,linear,0.0006256689957808703,8545.0
207.0,122.8946230639257,linear,0.0007952889936859719,5188.0
259.0,129.05132033541508,linear,0.001164216999313794,19409.0
232.99999999999994,135.39805664812914,linear,0.0006510910025099292,5615.0
235.0,143.44055696548023,linear,0.0005635790002997965,0.0
277.0,150.426340890899,linear,0.0006592159988940693,9033.0
289.0,156.71239275239466,linear,0.0006589830009033903,9766.0
282.99999999999994,164.63593730420843,linear,0.00031477200536755845,0.0
253.0,166.96360716231467,linear,0.0005491669944603927,9949.0
315.0,168.75843028801773,linear,0.0009040330041898414,11902.0
264.99999999999994,176.5328845519707,linear,0.0005670199971063994,10620.0
349.0,175.31947779910112,linear,0.0006913940014783293,5737.0
397.0,181.26635954051108,linear,0.0006028319985489361,4700.0
405.0,192.55022314208793,linear,0.0005740350025007501,0.0
405.0,207.16319185683776,linear,0.0006692419992759824,7690.0
483.0,215.84793311392275,linear,0.0008842200040817261,11963.0
359.0,236.90792128952427,linear,0.000990429994999431,11047.0
375.00000000000006,237.53433709175457,linear,0.00042346199916210026,0.0
475.0,235.22723791502625,linear,0.0008668980008224025,7508.0
345.0,242.31445718978907,linear,0.0011423629985074513,16174.0
291.0,236.23069967913742,linear,0.000655752002785448,6409.0
369.0,217.52525400065167,linear,0.0008408969952142797,9399.0
355.0,218.63317971281847,linear,0.0005048460006946698,0.0
341.0,216.72168097910125,linear,0.0004979630029993132,0.0
361.0,203.94954548875026,linear,0.0009315210045315325,4944.0
353.0,205.5800092316284,linear,0.0007069500061334111,12024.0
385.0,211.44697891111747,linear,0.0007190530013758689,0.0
300.99999999999994,213.09027420714983,linear,0.000695418995746877,7324.0
397.0,207.70242785381984,linear,0.00030498800333589315,24597.0
333.0,213.21350634378447,linear,0.0004538099965429865,6774.0
341.0,210.507858587406,linear,0.0006068559960112907,11231.0
349.0,209.22541714919387,linear,0.00098326299485052,11536.0
297.0,205.9102635464029,linear,0.000882432002981659,12818.0
213.0,205.26011401032346,linear,0.0006921029998920858,20752.0
279.0,187.30905552588428,linear,0.0008410560039919801,9582.0
282.99999999999994,182.19511092830217,linear,0.0006676989942207001,5432.0
286.99999999999994,176.78040292181132,linear,0.00039878599636722356,13306.0
246.99999999999997,170.92042399007295,linear,0.0008039239983190782,7447.0
297.0,166.08733463399986,linear,0.000689767999574542,10620.0
255.0,174.15740314176108,linear,0.00047408699902007356,0.0
255.0,171.8075602756632,linear,0.0006931360039743595,7752.0
286.99999999999994,169.03827201418383,linear,0.0006194219968165271,0.0
341.0,169.19280592628752,linear,0.0008778650008025579,0.0
289.0,178.39552722224965,linear,0.0006638079939875752,7446.0
253.0,177.59796993615817,linear,0.0007571890018880367,12390.0
237.0,177.17499199750083,linear,0.000667918000544887,6043.0
297.0,175.28973803146954,linear,0.0005211440002312884,7446.0
277.0,176.37082471831832,linear,0.0009433619998162612,20447.0
279.0,170.34711912349732,linear,0.0006586169984075241,8728.0
279.0,169.3939246197542,linear,0.0006364829969243146,4394.0
317.0,171.9038792678002,linear,0.0008492039996781386,16053.0
266.99999999999994,179.63512348312392,linear,0.0007269240013556555,6103.0
279.0,176.68337606589427,linear,0.0003307250008219853,0.0
349.0,176.81475877457993,linear,0.000990647000435274,18738.0
295.0,183.78796931345133,linear,0.0007359220035141334,0.0
293.0,185.23024708340665,linear,0.0008255900029325858,5310.0
186.99999999999997,182.8688290018256,linear,0.0012463259990909137,11048.0
246.99999999999997,174.8188450543057,linear,0.0007223330030683428,7690.0
279.0,171.68147963371314,linear,0.0007124410039978102,5798.0
259.0,165.26905258552196,linear,0.0006776130030630156,0.0
264.99999999999994,161.81794897614873,linear,0.0006945519999135286,6591.0
227.0,159.22821628578862,linear,0.0007168239972088486,3601.0
297.0,162.873552393931,linear,0.0006387140019796789,17395.0
284.99999999999994,167.79828316819223,linear,0.000523299997439608,11108.0
277.0,168.49166556352918,linear,0.0005151799996383488,0.0
255.0,170.15640108789202,linear,0.0006913420002092607,6836.0
253.0,169.14472977497235,linear,0.0007479890045942739,12879.0
263.0,171.5101592002049,linear,0.0006158939941087738,4211.0
264.99999999999994,168.29868155877605,linear,0.0006491869935416616,4639.0
244.99999999999997,166.41926663569558,linear,0.0006721350000589155,9826.0
275.0,163.31175029466334,linear,0.000564590998692438,9399.0
266.99999999999994,165.29443592101748,linear,0.0006530519967782311,6897.0
282.99999999999994,166.65643782024304,linear,0.0001868879990070127,0.0
295.0,168.60960188130014,linear,0.000576492995605804,5371.0
295.0,171.5771202420311,linear,0.0005143609960214235,10010.0
315.0,176.35716464753372,linear,0.0005032599947298877,7202.0
325.0,180.26575687820292,linear,0.0006674739997833967,6531.0
281.0,185.8776488028387,linear,0.0007555909978691489,10681.0
313.0,185.53843492569553,linear,0.0005130979989189655,9704.0
286.99999999999994,187.28644582987283,linear,0.0006172190041979775,6836.0
305.0,186.47223218143571,linear,0.0006215820030774921,8666.0
275.0,185.5157483983722,linear,0.0007262500002980232,10559.0
282.99999999999994,180.704558564805,linear,0.0007127720018615946,5249.0
275.0,180.830834102055,linear,0.000769236998166889,13672.0
295.0,177.20746076963084,linear,0.0007071530053508468,10803.0
291.0,178.00924719298663,linear,0.0005504620057763532,0.0
331.0,176.72602443332173,linear,0.0007052600049064495,6775.0
227.0,182.21244728933536,linear,0.00028135900356573984,10315.0
327.0,176.57233856512215,linear,0.0005104320007376373,6592.0
351.0,181.67442077479416,linear,0.0006911919990670867,5920.0
271.0,187.32567561482782,linear,0.0007483179942937568,6836.0
321.00000000000006,185.13495314334398,linear,0.0007766239941702224,7141.0
295.0,184.30142501258695,linear,0.0006867670017527416,6958.0
365.0,190.71675100816253,linear,0.000604544002271723,0.0
409.0,194.52490857435757,linear,0.0006891109951538965,7996.0
329.0,200.45685811919566,linear,0.000688699001329951,4578.0
389.0,205.76384340789275,linear,0.0005199919978622347,5615.0
335.0,212.3525285814428,linear,0.0007896160022937693,9888.0
367.0,216.03944117982698,linear,0.0009044140024343506,13244.0
355.0,216.18976360733288,linear,0.000736445996153634,10071.0
317.0,211.1246455541378,linear,0.0008744660008233041,11719.0
225.0,209.75518651517498,linear,0.0006740040043951012,8056.0
271.0,193.70847606419576,linear,0.0005172640012460761,7264.0
397.0,187.52551985917503,linear,0.0007723899980192073,6714.0
467.00000000000006,190.94744114114025,linear,0.0005231850009295158,4639.0
397.0,202.20996006856268,linear,0.0007237580066430382,0.0
275.0,209.8581228361884,linear,0.0007710300051257946,0.0
221.0,214.02628701089876,linear,0.0006722239995724522,11841.0
373.0,208.6729751577817,linear,0.0007093399981386028,12756.0
397.0,206.7307925626589,linear,0.0006711359965265729,18798.0
351.0,200.4913064936622,linear,0.0007321060038520955,3784.0
392.99999999999994,196.09942810066323,linear,0.0007977770001161844,7202.0
353.0,207.5090283060124,linear,0.0005071280029369518,8056.0
471.0,219.9323777819079,linear,0.0006502530013676733,5676.0
323.0,229.62643719648736,linear,0.0007108470017556101,0.0
525.0,222.303673395501,linear,0.0006351159972837195,11414.0
367.0,239.33516603334286,linear,0.0007018079995759763,7263.0
389.0,236.73521326942466,linear,0.0006689489964628592,5005.0
317.0,239.81978237786458,linear,0.0007640819967491552,9705.0
349.0,225.0192655305918,linear,0.0006877429987071082,0.0
427.0,227.26728927084557,linear,0.0006884110043756664,8972.0
325.0,218.38819197741057,linear,0.00038373599818442017,8606.0
381.0,214.14061004928593,linear,0.0005687230004696175,8301.0
389.0,213.44231111079418,linear,0.0005991790021653287,11901.0
359.0,220.44328959972776,linear,0.00040087000525090843,0.0
355.0,221.22982681800264,linear,0.0008634840050945058,19348.0
403.0,214.36792902228407,linear,0.0004081169972778298,7690.0
441.0,221.93914928408324,linear,0.0006240559960133396,9705.0
405.0,227.9058648915161,linear,0.0006753550042049028,8606.0
401.0,229.41802097606006,linear,0.0005694710052921437,9582.0
313.0,233.3569525027268,linear,0.0007538470017607324,10803.0
367.0,228.96731318531116,linear,0.0007018059986876324,6470.0
410.99999999999994,225.49514672015155,linear,0.0006779479954275303,7752.0
379.0,222.92403091396724,linear,0.0006174239970277995,5554.0
439.0,220.41415933543814,linear,0.0006851010039099492,4639.0
315.0,224.291265809026,linear,0.0003432359953876585,16113.0
361.0,224.10942551709442,linear,0.0009719209992908873,12085.0
341.0,223.4027483014283,linear,0.0007254149968503043,7996.0
373.0,216.75585065706164,linear,0.0007694320011069067,7630.0
377.0,216.19186898301817,linear,0.0007377629954135045,15686.0
357.00000000000006,210.46293213285122,linear,0.0004427739986567758,11597.0
335.0,214.37375360778955,linear,0.0008007259966689162,7080.0
325.0,211.7874130585713,linear,0.0009067099963431247,8972.0
281.0,210.14288253692797,linear,0.0006353959979605861,9155.0
327.0,201.15505608294623,linear,0.0006058380022295751,0.0
266.99999999999994,196.46277927224236,linear,0.0007182889967225492,0.0
279.0,187.74936096791893,linear,0.0006632299991906621,13305.0
297.0,182.32005687559376,linear,0.0006139059987617657,0.0
345.0,179.7726361209661,linear,0.0009483570029260591,12634.0
281.0,186.05794506159583,linear,0.0006219710048753768,9155.0
325.0,181.58647517416725,linear,0.0007321410012082197,0.0
295.0,187.15390830124238,linear,0.0007179579988587648,8911.0
242.99999999999997,188.64957761578026,linear,0.0006949070011614822,0.0
239.0,183.18583495762132,linear,0.0006331399999908172,7690.0
255.0,172.98513078554177,linear,0.000745242003176827,0.0
232.99999999999994,170.4986526251182,linear,0.0011634399998001754,15869.0
227.0,161.67594059945569,linear,0.0007858509998186491,10620.0
248.99999999999997,155.15408710406436,linear,0.0008086350062512793,7202.0
309.0,155.7983372471924,linear,0.0008248420053860173,16540.0
275.0,162.73965508045075,linear,0.0008289689940284006,17395.0
279.0,164.67771518697958,linear,0.0008139369965647347,8240.0
273.0,169.03392105564038,linear,0.0008037250008783303,13428.0
205.0,173.40212428495605,linear,0.0005987509939586744,6104.0
261.0,168.87507959884107,linear,0.0007323649988393299,8728.0
215.00000000000003,164.3759537233579,linear,0.0009038860007422045,5249.0
232.99999999999994,158.57733225534653,linear,0.0008188960055122152,5371.0
197.00000000000003,154.15056426973976,linear,0.0009317200019722804,9887.0
183.0,146.85382906051066,linear,0.0007767250062897801,13001.0
175.0,144.5676670845322,linear,0.0006244109972612932,0.0
189.0,136.32527246134677,linear,0.0005807109992019832,9827.0
211.0,133.85065779589803,linear,0.0007288499982678331,0.0
191.0,131.88746030313976,linear,0.0005712550046155229,8850.0
203.0,131.30107646012166,linear,0.0007115939952200279,6836.0
185.0,133.2264305068909,linear,0.0009102929980144836,14038.0
189.0,134.12988746643563,linear,0.0005605879996437579,0.0
191.0,134.08502938657054,linear,0.0006622189976042137,5677.0
193.0,132.20605058525507,linear,0.0005621620002784766,7690.0
167.0,132.3961457818809,linear,0.0006792260028305463,4577.0
163.0,128.88033607061976,linear,0.000684880003973376,6347.0
179.0,126.7035476262126,linear,0.0007657189999008551,12207.0
147.0,125.79252635300881,linear,0.0005793200034531765,11780.0
122.99999999999999,121.49693460506299,linear,0.0005312579960445873,0.0
177.0,114.67299562289541,linear,0.0008099020051304251,10071.0
141.0,115.7770612063019,linear,0.0007043699952191673,8362.0
122.99999999999999,113.63543304781084,linear,0.0006643060041824356,7263.0
132.99999999999997,108.17122785570422,linear,0.0007061900032567792,8484.0
111.0,106.85496690196155,linear,0.0010348180003347807,10437.0
104.99999999999999,105.5924228710367,linear,0.0007986909986357205,6592.0
122.99999999999999,98.67099430818337,linear,0.0008260890026576817,7569.0
106.99999999999997,97.0178387958348,linear,0.0002848229996743612,25696.0
137.0,95.45522698665867,linear,0.0006040029984433204,7080.0
91.0,95.93480537508951,linear,0.0005667620062013157,0.0
109.0,93.92403153620639,linear,0.0006191409993334673,10559.0
120.99999999999999,94.25950346133197,linear,0.0006423619997804053,11963.0
131.0,94.1631642252176,linear,0.0006727349973516539,7385.0
91.0,96.4891988632625,linear,0.0006999250035732985,6958.0
106.99999999999997,92.01165872751426,linear,0.0006320660031633452,10315.0
102.99999999999999,93.50104533390906,linear,0.0005777909973403439,10193.0
76.99999999999999,92.93216656633578,linear,0.0005156560000614263,0.0
109.0,88.60928897667934,linear,0.0006237259949557483,10010.0
68.99999999999999,86.60526579707319,linear,0.0007662349962629378,4699.0
58.99999999999999,84.40537020166298,linear,0.000602562002313789,7996.0
73.00000000000001,79.69827197184239,linear,0.0006335520010907203,7080.0
75.0,76.88238535146161,linear,0.0008480649994453415,14160.0
67.0,76.69284359586754,linear,0.000413279005442746,11780.0
65.0,72.68894404001841,linear,0.00040185500256484374,8911.0
61.0,72.29323946293128,linear,0.0010394369965069927,9949.0
99.0,72.45206524619645,linear,0.0008233199987444095,0.0
83.0,75.0654062024599,linear,0.0005123679948155768,9582.0
71.0,75.85943809058764,linear,0.000764015996537637,0.0
61.0,76.16997340097934,linear,0.000562008994165808,8239.0
61.0,75.73179355315877,linear,0.000693038004101254,8117.0
63.000000000000014,75.6722862208552,linear,0.00046406599722104147,0.0
47.00000000000001,72.2492371693163,linear,0.0008329510019393638,14038.0
58.99999999999999,68.76249930255776,linear,0.0007681420029257424,13489.0
61.0,67.63421821526279,linear,0.0007954390021041036,6409.0
61.0,67.6653781918848,linear,0.0007410929974867031,11597.0
71.0,67.66730166031113,linear,0.0007560519952676259,0.0
65.0,68.48515046836576,linear,0.0004316179984016344,12390.0
57.0,70.19494655643318,linear,0.0008737589960219339,17029.0
58.99999999999999,69.96109344489666,linear,0.000997552000626456,21240.0
43.0,69.76062038563444,linear,0.00033057999826269224,10986.0
57.0,67.97441655719538,linear,0.0007466820025001653,8728.0
53.0,66.65755722297233,linear,0.0005527030007215217,8423.0
37.00000000000001,65.53094667370752,linear,0.0005805969994980842,6713.0
29.000000000000004,63.54949749103216,linear,0.00048732199502410367,0.0
33.00000000000001,60.633488766740264,linear,0.0007088040001690388,8301.0
30.999999999999996,59.6596112456267,linear,0.0005268349996185862,0.0
37.00000000000001,57.175434397358536,linear,0.000437044000136666,6225.0
29.000000000000004,55.67732637107304,linear,0.0005203070031711832,6897.0
39.0,54.90349586064044,linear,0.0005645749988616444,8728.0
33.00000000000001,55.87600597522812,linear,0.00048491800407646224,9888.0
39.0,55.87698046205476,linear,0.0004863920039497316,0.0
48.99999999999999,56.645818501018795,linear,0.000632233997748699,6348.0
58.99999999999999,57.85038176924866,linear,0.0003232930030208081,0.0
29.000000000000004,60.76763643843919,linear,0.0006593359939870425,8789.0
25.0,59.73060025005756,linear,0.0005846899948664941,0.0
43.0,58.88409466792088,linear,0.0006096479992265813,0.0
37.00000000000001,59.31222767332295,linear,0.0007133600011002272,7202.0
33.00000000000001,58.167882745879304,linear,0.0004492959997151047,7751.0
43.0,55.683542161955,linear,0.0007131739985197783,9033.0
29.000000000000004,57.05536936627103,linear,0.000559602995053865,9216.0
30.999999999999996,57.39030570887678,linear,0.0005389330035541207,0.0
27.00000000000001,56.226577251150665,linear,0.0006670790025964379,7996.0
33.00000000000001,55.26321470223484,linear,0.00040492900006938726,0.0
25.0,55.265982169404666,linear,0.00029821300267940387,0.0
29.000000000000004,53.54095778544007,linear,0.0008857949942466803,7629.0
27.00000000000001,53.53693944472516,linear,0.00036891499621560797,9400.0
30.999999999999996,53.15909880586307,linear,0.0007927979968371801,12268.0
25.0,53.54594099307073,linear,0.0008788650011410937,9582.0
33.00000000000001,52.775156622813114,linear,0.0005312739958753809,7385.0
25.0,53.55313777356654,linear,0.000730070001736749,6592.0
30.999999999999996,53.16006631513854,linear,0.0007622659977641888,0.0
39.0,53.543999234350586,linear,0.0006977869998081587,0.0
30.999999999999996,54.35645831604596,linear,0.0008439230005024001,8423.0
40.99999999999999,54.910416373108795,linear,0.000743689997761976,16235.0
35.0,55.703897871286365,linear,0.0005200070008868352,4638.0
37.00000000000001,56.65399205462796,linear,0.0006252439998206683,12817.0
40.99999999999999,57.21514894109133,linear,0.000609239999903366,9644.0
27.00000000000001,57.43307999181394,linear,0.0007972460007295012,24048.0
25.0,56.9983339406392,linear,0.00024124999617924914,0.0
40.99999999999999,55.43752254263037,linear,0.0007860869955038652,13488.0
47.00000000000001,56.06238208072474,linear,0.0005731400015065446,0.0
47.00000000000001,57.06894555461393,linear,0.0008040190004976466,7324.0
47.00000000000001,57.669958785635906,linear,0.0006701290039927699,6287.0
37.00000000000001,59.58687948953956,linear,0.0007862339989515021,10926.0
37.00000000000001,60.68387949465826,linear,0.0005226360008236952,9094.0
43.0,60.274611637602646,linear,0.0006475560003309511,7812.0
58.99999999999999,59.91283221802059,linear,0.0006950629976927303,8056.0
78.99999999999999,61.13026214305149,linear,0.0007569610024802387,9399.0
68.99999999999999,64.30710645170431,linear,0.00034553500154288486,7873.0
83.0,67.37568746692399,linear,0.0006476830021711066,0.0
61.0,71.80294302302934,linear,0.000524601993674878,0.0
86.99999999999999,73.46014659782028,linear,0.0002155270049115643,19714.0
78.99999999999999,76.16778462119522,linear,0.0006166880048112944,12024.0
81.0,76.20213037122225,linear,0.0006799679977120832,7508.0
109.0,77.32748125786806,linear,0.0006653520031250082,7263.0
119.0,79.94248863286114,linear,0.0005811020018882118,10193.0
104.99999999999999,85.5600505524932,linear,0.0006783459975849837,7813.0
122.99999999999999,87.26234010708237,linear,0.000621977997070644,8605.0
149.0,91.50836719163289,linear,0.0005705910007236525,0.0
161.0,98.1177065577362,linear,0.0006266409982345067,0.0
173.0,103.18045270384152,linear,0.0008818930000416003,15137.0
153.0,108.43149682823805,linear,0.0006914190016686916,6592.0
181.0,112.96192157993633,linear,0.000580611995246727,19653.0
159.0,118.54668258795266,linear,0.00032310500682797283,53771.0
168.99999999999997,119.47020562715397,linear,0.00029893600003561005,0.0
165.0,120.21480408327335,linear,0.0008342560031451285,9338.0
219.0,119.47560209368244,linear,0.00025739199918461964,10315.0
185.0,125.94811582520015,linear,0.0004679319972638041,0.0
257.0,126.342283825537,linear,0.00036600299790734425,10071.0
211.0,135.90053055248882,linear,0.00030643699574284256,14710.0
279.0,139.9080258736683,linear,0.00021913299860898405,0.0
299.0,150.91424923497104,linear,0.00046611399739049375,13611.0
289.0,158.81606807114005,linear,0.0005378650021157227,0.0
311.0,168.7033009220254,linear,0.0006882509987917729,6042.0
277.0,173.97872412231456,linear,0.00022610200539929792,21058.0
305.0,180.15127814996077,linear,0.00026092299958691,0.0
295.0,182.6503998111656,linear,0.0007873689974076115,13062.0
293.0,182.29874291884602,linear,0.0006272159953368828,7568.0
349.0,182.63171199750462,linear,0.0006944859997020103,0.0
379.0,186.4989008541382,linear,0.0006492629981948994,9522.0
425.0,196.4538522904129,linear,0.0004731270018965006,0.0
473.0,208.17585709080578,linear,0.0006523400006699376,8789.0
423.0,225.48182293337425,linear,0.0009717159991851076,19958.0
341.0,237.7899943689395,linear,0.0005778839986305684,6225.0
461.0,236.60305949781312,linear,0.0006679119978798553,0.0
335.0,244.6652752568383,linear,0.0007985939955688082,0.0
355.0,235.79475614835818,linear,0.0004827919983654283,8118.0
379.0,224.36664704781003,linear,0.00047637600073358044,0.0
317.0,220.3641076305261,linear,0.0003907770005753264,8911.0
248.99999999999997,217.77098596509737,linear,0.0006757120063412003,6164.0
437.0,197.23989808328844,linear,0.00022763900051359087,0.0
339.00000000000006,207.5121010758612,linear,0.0005380990041885525,11536.0
417.0,205.9867337270931,linear,0.0006027150011505,8118.0
410.99999999999994,209.76776923985142,linear,0.0005444109992822632,0.0
349.0,218.97363414738314,linear,0.0005713779974030331,5005.0
445.0,228.1217185022068,linear,0.0004781360039487481,0.0
377.0,229.2038592717926,linear,0.0006139369943412021,6409.0
327.0,232.71378749316526,linear,0.0006221830044523813,13001.0
337.0,223.79011837179195,linear,0.0005237599980318919,6165.0
335.0,216.70457511182101,linear,0.0006075519995647483,11352.0
313.0,215.27757471841298,linear,0.00040147600520867854,0.0
295.0,202.62847444754075,linear,0.0006368140020640567,0.0
167.0,194.72181055805154,linear,0.0006157039970275946,8789.0
343.0,178.904695213924,linear,0.0007835549986339174,18371.0
293.0,179.84563550585554,linear,0.0006430389985325746,0.0
305.0,176.0241420266857,linear,0.000758696005505044,5982.0
271.0,175.2187060648949,linear,0.000577434002480004,0.0
305.0,172.95790102722262,linear,0.0005037489972892217,0.0
268.99999999999994,186.03941550801952,linear,0.0006365320004988462,7385.0
321.00000000000006,178.94757271688582,linear,0.0009273040050175041,6104.0
286.99999999999994,181.72717544958604,linear,0.0008105020024231635,0.0
305.0,180.02348895147662,linear,0.0004565740018733777,17395.0
250.99999999999994,183.23868256691097,linear,0.000538275002327282,0.0
225.0,177.95150832987827,linear,0.0003134600046905689,0.0
237.0,173.4846814882945,linear,0.000942038997891359,10010.0
257.0,165.4678497713646,linear,0.0008312110003316775,5127.0
315.0,162.67159446712517,linear,0.0006988419991103001,11169.0
281.0,163.92994120197886,linear,0.0006282359972828999,0.0
250.99999999999994,166.82556842168157,linear,0.0005248380039120093,9827.0
331.0,169.12822088380258,linear,0.0007079450006131083,7568.0
333.0,178.32948212836217,linear,0.00048784400132717565,8484.0
271.0,185.71333893244577,linear,0.0006962180050322786,0.0
282.99999999999994,181.32103510939052,linear,0.0007405329961329699,10925.0
266.99999999999994,181.46160048739483,linear,0.0006673419993603602,0.0
282.99999999999994,182.87809728939985,linear,0.0006582700007129461,7996.0
317.0,178.30473359107137,linear,0.0006772139968234114,14770.0
242.99999999999997,176.98936698345008,linear,0.0003057710055145435,0.0
281.0,174.10311819860615,linear,0.00021742899843957275,0.0
253.0,173.91383690143235,linear,0.0007158720036386512,10376.0
300.99999999999994,172.53433630279162,linear,0.0007253579969983548,8301.0
318.99999999999994,174.33560283539782,linear,0.0004585550050251186,7019.0
248.99999999999997,174.76381478903747,linear,0.0005234739946899936,7446.0
253.0,175.08779265338623,linear,0.0008845699994708411,11414.0
355.0,172.30969287229925,linear,0.0005610829975921661,10314.0
263.0,182.39375495008872,linear,0.000647317006951198,4334.0
284.99999999999994,178.61679091801042,linear,0.0004524320029304363,0.0
293.0,175.32713347509602,linear,0.0007213990029413253,10071.0
271.0,179.6081474389468,linear,0.0006271499951253645,7507.0
277.0,181.16398556273657,linear,0.0007080279974616133,4639.0
241.0,173.7686036665901,linear,0.0005452660043374635,12085.0
286.99999999999994,171.52441624509012,linear,0.000671077003062237,0.0
307.0,171.79771811423763,linear,0.0008006959978956729,7446.0
357.00000000000006,173.32390796697712,linear,0.0006151170018711127,0.0
275.0,181.76811695528997,linear,0.000541134002560284,8056.0
289.0,181.42487518356302,linear,0.0002958719996968284,30273.0
259.0,185.85756090902163,linear,0.000324182998156175,0.0
293.0,183.0782971762673,linear,0.0003653169987956062,0.0
282.99999999999994,181.74578550191944,linear,0.00037324000004446134,0.0
271.0,174.77893881620324,linear,0.00030520099971909076,18555.0
275.0,174.31896750130556,linear,0.0002100769997923635,0.0
297.0,172.99976779522183,linear,0.00022920499759493396,0.0
345.0,176.688383710533,linear,0.00028561799990711734,0.0
248.99999999999997,181.8909594080401,linear,0.0002620579980430193,0.0
313.0,178.40560385441657,linear,0.0007626320002600551,8850.0
255.0,182.4558414601858,linear,0.0007433140053763054,14465.0
392.99999999999994,180.4419618894241,linear,0.0006937829966773279,0.0
282.99999999999994,189.95406853645858,linear,0.0007201179978437722,5005.0
333.0,184.00642005171093,linear,0.0006271829988691024,7996.0
291.0,191.9379341107992,linear,0.0005929789986112155,9400.0
375.00000000000006,189.84402673709968,linear,0.0006673910029348917,0.0
395.0,201.40202473454053,linear,0.0005579650023719296,7386.0
427.0,201.94693451138878,linear,0.0008115590026136488,12390.0
427.0,215.83494794937607,linear,0.0008292519996757619,0.0
423.0,224.94254937455761,linear,0.0007367810030700639,9095.0
439.0,237.4791990123972,linear,0.0004901130014332011,0.0
355.0,243.63440891573433,linear,0.00029491999885067344,9765.0
395.0,239.5070859078626,linear,0.0008636189959361218,7996.0
385.0,236.41592837402226,linear,0.0006148039974505082,11963.0
423.0,232.4439640566881,linear,0.0008948219983722083,10498.0
397.0,232.54137438015442,linear,0.0003027479979209602,0.0
337.0,228.59189203590824,linear,0.0011369709973223507,15808.0
385.0,226.5629822092519,linear,0.0005093840009067208,8606.0
355.0,225.66499416526497,linear,0.0004952899980708025,5493.0
373.0,222.74376404433445,linear,0.0007687280012760311,0.0
331.0,217.98690881262388,linear,0.0005050899999332614,8362.0
417.0,211.61809564073963,linear,0.0009071500026038848,11169.0
401.0,219.44692865814304,linear,0.0008160249999491498,8056.0
305.0,221.12611310865515,linear,0.00039905899757286534,0.0
349.0,215.9492197823171,linear,0.0005795940014650114,0.0
385.0,213.6576826807757,linear,0.0008450370005448349,8422.0
359.0,218.95397897018657,linear,0.0007959840004332364,10010.0
405.0,213.3979406148521,linear,0.000673229995300062,0.0
387.0,213.9907376386931,linear,0.0008086509988061152,7202.0
385.0,221.82475050625547,linear,0.0002802620001602918,9583.0
329.0,225.19087092654146,linear,0.0006390679991454817,11047.0
373.0,219.65461468862014,linear,0.0006808319958508946,0.0
399.0,220.99018727568898,linear,0.0006673190000583418,8728.0
423.0,220.614561684654,linear,0.0008801120056887157,9155.0
428.99999999999994,224.20021474703913,linear,0.0006648199996561743,0.0
373.0,228.54034157891115,linear,0.0006405640015145764,9521.0
379.0,232.52167120843885,linear,0.0007773629986331798,10132.0
409.0,232.97792284073114,linear,0.00040970400004880503,0.0
369.0,234.0284326395772,linear,0.0007245490050991066,6165.0
325.0,228.77110737151168,linear,0.0007147389987949282,6653.0
392.99999999999994,218.63639997175522,linear,0.00034880699968198314,12085.0
375.00000000000006,220.6967999663933,linear,0.000245631999860052,0.0
423.0,220.35565906993926,linear,0.0005725879964302294,13244.0
377.0,221.8708184778444,linear,0.0007350469968514517,5066.0
417.0,222.6164141123179,linear,0.0003994880025857128,12329.0
345.0,231.40295640177277,linear,0.0006861700021545403,14648.0
315.0,226.6521750798906,linear,0.0006468290011980571,7935.0
387.0,220.60735271188742,linear,0.0007683259973418899,0.0
284.99999999999994,217.40240937992698,linear,0.0007231080016936176,13428.0
361.0,208.33704145995534,linear,0.0007040130003588274,8484.0
339.00000000000006,203.11370463787404,linear,0.00047635200462536886,12452.0
307.0,202.64537385145323,linear,0.0009526349967927672,13367.0
248.99999999999997,201.64748707587577,linear,0.0006280509987846017,2990.0
331.0,188.27198697690264,linear,0.00031567199766868725,0.0
343.0,192.7703310212848,linear,0.0009926860002451576,3906.0
385.0,191.27679079564868,linear,0.0009958040027413517,6103.0
268.99999999999994,195.88641547834823,linear,0.0008313720027217641,5066.0
277.0,191.98322094764737,linear,0.00033184299536515027,22155.0
282.99999999999994,194.37427696979083,linear,0.0004933000018354505,0.0
286.99999999999994,189.8035421225723,linear,0.0007591030007461086,7996.0
327.0,184.42450469716024,linear,0.0008129569978336804,7568.0
331.0,179.14108761289424,linear,0.00027441999554866925,27039.0
257.0,185.16320816369196,linear,0.0004835879954043776,0.0
286.99999999999994,182.9888970313458,linear,0.00046418300189543515,8667.0
277.0,183.32510156677148,linear,0.0007340669981203973,6836.0
261.0,182.35113713720455,linear,0.00038880899955984205,0.0
263.0,175.95139472382212,linear,0.0002644179985509254,11780.0
289.0,169.49269215335275,linear,0.0006794259970774874,8789.0
275.0,172.62111616780726,linear,0.0006897749990457669,6164.0
268.99999999999994,171.4853444538412,linear,0.000741327996365726,4578.0
237.0,170.68671108373044,linear,0.0005669640013366006,16907.0
317.0,168.2618317227233,linear,0.00029627399635501206,0.0
223.0,173.62311572098682,linear,0.0006851500002085231,14160.0
250.99999999999994,167.14741478210536,linear,0.000738005997845903,8972.0
244.99999999999997,164.76592693178011,linear,0.0006525630014948547,9766.0
207.0,162.5364482041946,linear,0.0012325600037002005,10193.0
189.0,159.4349040636048,linear,0.0004228489997331053,0.0
219.0,147.13766021501016,linear,0.0006158320029499009,8484.0
171.0,146.79543694764064,linear,0.0006665940018137917,0.0
191.0,139.0330523070386,linear,0.0007316900009755045,20996.0
205.0,133.8766431564105,linear,0.0006469910003943369,0.0
213.0,133.7934561089625,linear,0.0010340260050725192,9888.0
213.0,136.1164423205457,linear,0.0009135380023508333,15259.0
173.0,135.60786070379294,linear,0.0005194050027057528,0.0
203.0,135.63737624304554,linear,0.0006432430018321611,8057.0
147.0,136.79737551496763,linear,0.0008057660015765578,7263.0
149.0,131.09857783129752,linear,0.0009000550053315237,14099.0
203.0,124.865697623737,linear,0.0007675789966015145,7202.0
119.0,124.14449332544798,linear,0.00029969200113555416,8789.0
163.0,118.7551034919565,linear,0.0008908989984774962,13489.0
167.0,114.97022263064073,linear,0.000552042001800146,0.0
161.0,116.98551315800049,linear,0.0008525880039087497,15625.0
139.0,118.06515694019133,linear,0.00032376799936173484,0.0
145.0,111.93514167387285,linear,0.0004373299962026067,0.0
147.0,114.35580199426943,linear,0.0006893549943924882,8972.0
173.0,112.83889407522462,linear,0.0007792399992467836,11291.0
132.99999999999997,113.51536285069493,linear,0.0005446230061352253,8667.0
129.0,110.76839177185279,linear,0.00033908600016729906,0.0
96.99999999999999,109.710314542224,linear,0.0006390679991454817,8179.0
127.0,104.99165723304266,linear,0.0007154179984354414,8423.0
114.99999999999999,103.09149513638128,linear,0.0007837299999664538,9521.0
88.99999999999997,97.5978387986143,linear,0.0007561730017187074,15869.0
119.0,93.27342585027537,linear,0.0009016650001285598,6531.0
129.0,92.40295683265165,linear,0.0008541720017092302,14588.0
117.0,95.53110505384271,linear,0.0010445090010762215,8973.0
109.0,94.56381349913407,linear,0.00033061499561881647,0.0
101.0,93.96401970560693,linear,0.0008625480040791444,8911.0
114.99999999999999,95.03750337714318,linear,0.0007083800010150298,7995.0
117.0,94.67752391545548,linear,0.0007629579995409586,6226.0
131.0,93.57623651652762,linear,0.000771443999838084,10193.0
96.99999999999999,94.97835431218611,linear,0.0002723990037338808,0.0
81.0,93.74582634195923,linear,0.00086009300139267,7934.0
88.99999999999997,91.69171363770441,linear,0.00048031899495981634,0.0
99.0,89.19649957487496,linear,0.0005423780021374114,11170.0
65.0,87.50997017845737,linear,0.0005561910002143122,0.0
65.0,81.12630410487617,linear,0.0007215480000013486,6348.0
76.99999999999999,78.01091058007883,linear,0.000642482002149336,7325.0
94.99999999999999,77.66203211159869,linear,0.0006896049962961115,5981.0
76.99999999999999,78.31372512824956,linear,0.0003216280019842088,8300.0
91.0,76.2152598157124,linear,0.0006456880000769161,4944.0
84.99999999999999,78.71784135075389,linear,0.0003282329998910427,9766.0
84.99999999999999,80.62717042424876,linear,0.0004950700022163801,7629.0
65.0,81.36236574194041,linear,0.0007128380020731129,8056.0
75.0,78.43818622509004,linear,0.0004100150035810657,8057.0
81.0,78.22732832564024,linear,0.0008924100038711913,10131.0
53.0,77.31740264481738,linear,0.0008158069977071136,6226.0
47.00000000000001,74.1668333478429,linear,0.000992025001323782,9033.0
55.00000000000001,70.47200357186358,linear,0.0007487240000045858,14099.0
58.99999999999999,69.52042592377923,linear,0.000686751001921948,7507.0
75.0,68.01249669021274,linear,0.0010603990012896247,11352.0
45.000000000000014,67.53160831738502,linear,0.0006768379971617833,8362.0
43.0,66.69810504616096,linear,0.000366920001397375,0.0
61.0,66.23954615137777,linear,0.0006914979967405088,5798.0
35.0,66.8694073060876,linear,0.0005722259957110509,8545.0
35.0,64.49932214651552,linear,0.0004712690060841851,8423.0
55.00000000000001,60.648568877715455,linear,0.0007458360050804913,7203.0
37.00000000000001,61.67869850873106,linear,0.0005702549970010296,6531.0
43.0,61.06215339703475,linear,0.0005636220012092963,9461.0
39.0,59.35081509142465,linear,0.0006410310015780851,0.0
39.0,59.73172725699768,linear,0.0007127940043574199,6287.0
29.000000000000004,60.08589868609089,linear,0.00037998900370439515,0.0
40.99999999999999,57.57998605097301,linear,0.0007136460044421256,14221.0
40.99999999999999,57.97901737145405,linear,0.00023336499725701287,12939.0
30.999999999999996,57.815778516251974,linear,0.0006354819997795857,6775.0
33.00000000000001,57.01452541062039,linear,0.00047185600124066696,0.0
43.0,56.43744393967437,linear,0.000635545002296567,9339.0
50.999999999999986,57.804704958485075,linear,0.0007402740011457354,8118.0
25.0,58.810435627682416,linear,0.0005850730012753047,8484.0
29.000000000000004,57.21320296587073,linear,0.0008071570046013221,10498.0
39.0,56.981574383868974,linear,0.0004741869997815229,11657.0
30.999999999999996,57.589003365943675,linear,0.0007460240012733266,7447.0
22.999999999999993,56.42361136922964,linear,0.0008178589996532537,8362.0
16.999999999999996,53.72550866519735,linear,0.0007335830014199018,6836.0
19.000000000000007,52.91819047727456,linear,0.0006997359960223548,7324.0
37.00000000000001,51.94541059744663,linear,0.0007574170012958348,15075.0
22.999999999999993,51.829789955655286,linear,0.0005604379985015839,11536.0
33.00000000000001,51.058857400475674,linear,0.0007439140026690438,12817.0
33.00000000000001,52.02969516551046,linear,0.0004857640014961362,0.0
30.999999999999996,53.57958383303413,linear,0.0008253680061898194,13061.0
37.00000000000001,54.702735101917156,linear,0.0005686820004484616,0.0
40.99999999999999,54.7344360644694,linear,0.00048906199663179,0.0
25.0,56.47358255135359,linear,0.0006457299969042651,6409.0
29.000000000000004,55.65918423460678,linear,0.000986814993666485,7629.0
30.999999999999996,55.26029628909232,linear,0.0007832699993741699,6104.0
40.99999999999999,55.269172278001164,linear,0.0008580430003348738,6409.0
33.00000000000001,55.68729759628982,linear,0.0005724970033043064,0.0
29.000000000000004,54.929795665399766,linear,0.0003710330056492239,0.0
39.0,55.278427350197916,linear,0.0006577270032721572,3540.0
27.00000000000001,56.261057230997345,linear,0.0006165360027807765,6592.0
39.0,55.84541877665961,linear,0.0007277629993041046,9583.0
39.0,55.68050492954493,linear,0.0007398060042760335,0.0
29.000000000000004,56.28320880041359,linear,0.00114121800288558,12146.0
35.0,56.23751381804719,linear,0.0007018109972705133,11535.0
29.000000000000004,55.86811349960183,linear,0.0002062920029857196,17029.0
16.999999999999996,56.038012840633904,linear,0.0007845899963285774,5982.0
35.0,53.87727008626365,linear,0.0006894069956615567,6103.0
39.0,53.54414525167685,linear,0.000692924004397355,10681.0
50.999999999999986,54.54559755352093,linear,0.0004826889999094419,6165.0
45.000000000000014,56.13407328307331,linear,0.00062570800218964,6714.0
58.99999999999999,57.68131089771696,linear,0.000620828999672085,4700.0
71.0,61.7211738981555,linear,0.0004664469961426221,0.0
50.999999999999986,65.23421409334209,linear,0.0006626930044149049,10376.0
91.0,66.3241339696368,linear,0.0007690709971939214,0.0
71.0,70.26111113875206,linear,0.0005002170000807382,10132.0
96.99999999999999,72.7455802805458,linear,0.000623840001935605,8667.0
76.99999999999999,76.4229336345889,linear,0.000687757994455751,4760.0
91.0,76.99975600693345,linear,0.0002776339970296249,0.0
102.99999999999999,80.79718125092423,linear,0.0007018660035100766,17944.0
102.99999999999999,82.03733369041105,linear,0.0005696480002370663,9460.0
83.0,85.09816731929381,linear,0.00076042499858886,0.0
112.99999999999999,83.70792456873473,linear,0.00047697000263724476,8483.0
132.99999999999997,87.20588165451345,linear,0.0007227629976114258,0.0
96.99999999999999,91.34543568443546,linear,0.000708259001839906,5554.0
153.0,90.68400634154324,linear,0.0005839449950144626,16419.0
183.0,95.61730427976788,linear,0.0005138299966347404,11718.0
155.0,105.3787330096671,linear,0.0005434609993244521,6836.0
145.0,109.34045935646795,linear,0.0005484509965754114,5738.0
137.0,110.43522202087739,linear,0.0007338499999605119,8057.0
167.0,114.15850784955208,linear,0.0006665729961241595,6103.0
159.0,115.55761034763093,linear,0.0004756130001624115,0.0
227.0,113.32083424293367,linear,0.0008143649974954315,11048.0
186.99999999999997,120.44862447267089,linear,0.0005945730008534156,0.0
197.00000000000003,124.47339506870583,linear,0.0007627849990967661,6775.0
228.99999999999997,130.14174964289882,linear,0.0008859189983922988,9399.0
227.0,136.21916451143395,linear,0.0007048479965305887,0.0
266.99999999999994,142.71620566741825,linear,0.0005685770011041313,0.0
271.0,146.72458269488442,linear,0.00041694999526953325,0.0
303.0,154.85096985064462,linear,0.0006979620011406951,0.0
281.0,165.08739547209603,linear,0.0005650029997923411,0.0
295.0,170.05464092675004,linear,0.0006280450033955276,9644.0
305.0,176.5288372016743,linear,0.0006391329952748492,5127.0
299.0,180.22632100747526,linear,0.0005318550029187463,0.0
405.0,182.87276200822794,linear,0.00023026800045045093,9460.0
397.0,193.0234601821789,linear,0.0006557870001415722,6470.0
365.0,204.2995524371536,linear,0.0007244290027301759,11170.0
443.0,210.86201656373967,linear,0.0006576429950655438,12268.0
423.0,224.2918410892571,linear,0.0007137720022001304,11169.0
427.0,236.13983636371083,linear,0.00045009500172454864,7996.0
365.0,238.2283723458959,linear,0.0007424259965773672,0.0
423.0,234.98703068299974,linear,0.0007498530030716211,10132.0
367.0,240.53942299618697,linear,0.0006805369994253851,11535.0
427.0,233.20254605071594,linear,0.0006474659967352636,8789.0
359.0,233.68070854583567,linear,0.0007086009936756454,9277.0
395.0,227.11502582236548,linear,0.0006846109972684644,48035.0
373.0,229.9176285790868,linear,0.0005185010013519786,2930.0
373.0,225.18330754091934,linear,0.0002043029962806031,0.0
361.0,225.65127767452816,linear,0.0002684009959921241,21057.0
315.0,219.3605352100395,linear,0.0007991160018718801,4699.0
307.0,214.9240293936716,linear,0.0008869550001691096,9949.0
381.0,206.4009862742469,linear,0.0005597039998974651,6103.0
333.0,207.41213691696493,linear,0.0007774379992042668,4639.0
321.00000000000006,203.57397272167077,linear,0.0007224269938888028,0.0
347.0,199.65325826156493,linear,0.0005603199970209971,6958.0
266.99999999999994,202.79307611322545,linear,0.0007723420058027841,6287.0
215.00000000000003,198.6563443476246,linear,0.000542355002835393,0.0
351.0,182.46878511138942,linear,0.0004099299985682592,0.0
248.99999999999997,184.58041214101303,linear,0.0006891399971209466,13122.0
345.0,177.5728924951964,linear,0.0007350659943767823,6775.0
305.0,177.5984842299515,linear,0.0004333160031819716,26856.0
227.0,181.34226534655997,linear,0.0005476750011439435,11109.0
263.0,181.99426197541555,linear,0.0007180529937613755,6531.0
281.0,173.64540637670805,linear,0.0007871710040490143,5188.0
291.0,176.74537085918269,linear,0.000698696996551007,11291.0
263.0,171.68818279673613,linear,0.0006359109975164756,12818.0
246.99999999999997,167.66918817263263,linear,0.0010674549994291738,13855.0
279.0,169.43398209188135,linear,0.0006518130030599423,16357.0
282.99999999999994,171.02805424813297,linear,0.0005567859989241697,0.0
286.99999999999994,171.28751330231208,linear,0.000626784996711649,3601.0
313.0,170.95572386623707,linear,0.0009678450005594641,8301.0
261.0,175.8592633127755,linear,0.0007940119976410642,7569.0
293.0,177.03505400955837,linear,0.000956328003667295,5432.0
321.00000000000006,178.37986887914056,linear,0.00029477399948518723,13611.0
349.0,182.17704793092545,linear,0.0008347089969902299,12696.0
315.0,188.2410838827776,linear,0.0007757200000924058,10070.0
313.0,188.4226996992814,linear,0.0005666159995598719,0.0
279.0,193.2927653067199,linear,0.000606073001108598,0.0
305.0,191.79930784463653,linear,0.0006540359972859733,12329.0
255.0,190.26190398957533,linear,0.0007492320000892505,7325.0
250.99999999999994,181.1731252673715,linear,0.0007138690052670427,14587.0
268.99999999999994,174.93318767516325,linear,0.0004981099991709925,14099.0
315.0,170.81138309741135,linear,0.0004510239959927276,0.0
297.0,174.42962363250305,linear,0.000774385996919591,9095.0
293.0,173.7443500294644,linear,0.0004749829968204722,5494.0
303.0,177.33642503614632,linear,0.0005160430009709671,0.0
329.0,182.32364195081541,linear,0.0004412600028445013,4700.0
353.0,188.13228667816534,linear,0.0006857150001451373,11840.0
284.99999999999994,191.92607542380097,linear,0.0005664440031978302,0.0
299.0,190.58941891514564,linear,0.0003908479993697256,0.0
311.0,191.06641893908656,linear,0.0008645940033602528,6897.0
297.0,191.87589737357612,linear,0.0005684709976776503,7080.0
281.0,188.76186542011237,linear,0.0007094950051396154,12635.0
318.99999999999994,181.85441363350728,linear,0.0006699670047964901,0.0
339.00000000000006,185.1971680707497,linear,0.0006341830012388527,9338.0
317.0,189.1612870159541,linear,0.0006036510021658614,0.0
300.99999999999994,189.71271295809547,linear,0.0006794169967179187,0.0
237.0,190.01164356059186,linear,0.0006992070047999732,0.0
289.0,185.5015210245444,linear,0.0006496899950434454,7935.0
329.0,182.66361578045715,linear,0.0003057509966311045,9277.0
392.99999999999994,181.97465516646446,linear,0.000522805996297393,0.0
389.0,189.57382786441113,linear,0.0006226199984666891,8728.0
284.99999999999994,198.17989100518528,linear,0.0005592110028374009,0.0
309.0,202.34633607739258,linear,0.0006810880004195496,10071.0
282.99999999999994,204.09567018743218,linear,0.0004688949993578717,6347.0
337.0,199.58157124813792,linear,0.0007591890025651082,0.0
263.0,194.3625505378474,linear,0.001112773003114853,16601.0
373.0,182.25415074379364,linear,0.0007494650053558871,8057.0
230.99999999999997,190.89429969176325,linear,0.0007740949949948117,0.0
289.0,183.17296467579598,linear,0.0004691220019594766,16419.0
191.0,183.6109945388174,linear,0.0006832410072092898,8118.0
297.0,169.48003912377283,linear,0.0005647959987982176,7385.0
221.0,172.79851423590827,linear,0.00020317100279498845,12268.0
199.0,158.33763821773664,linear,0.0008366959955310449,9766.0
279.0,154.98336148459754,linear,0.0007196609949460253,0.0
259.0,154.3660109567103,linear,0.0006807910031056963,0.0
284.99999999999994,160.8564253706926,linear,0.0007130419980967417,7995.0
275.0,159.83796963571695,linear,0.00020267400395823643,0.0
284.99999999999994,165.0478100581966,linear,0.0005015499991714023,0.0
237.0,173.2138122328715,linear,0.000638596000499092,5372.0
277.0,169.0640342847185,linear,0.0006776209993404336,4150.0
293.0,170.80526302554767,linear,0.0002636029967106879,0.0
266.99999999999994,171.71839195874466,linear,0.0005264880019240081,7995.0
389.0,170.8823554071802,linear,0.0005745080052292906,0.0
284.99999999999994,181.267867677665,linear,0.0005133470040163957,7691.0
259.0,185.69973432797636,linear,0.00024312199820997193,12268.0
373.0,183.65913013198733,linear,0.00020280299941077828,27649.0
232.99999999999994,191.69587800548038,linear,0.00019890999828930944,0.0
315.0,188.04858934149118,linear,0.0003417650004848838,0.0
347.0,181.0799819600525,linear,0.000787267999839969,6653.0
297.0,187.32069069287434,linear,0.0006466310005635023,0.0
417.0,190.72817928634916,linear,0.0008476139992126264,8545.0
323.0,195.40941369710242,linear,0.0007801070023560897,6348.0
195.0,203.8501746610182,linear,0.0006503650001832284,0.0
266.99999999999994,191.68723941399435,linear,0.0006612869983655401,13977.0
361.0,184.07713291591102,linear,0.000427471000875812,0.0
333.0,190.5565164509195,linear,0.0006850499994470738,8179.0
281.0,182.7014577715576,linear,0.00040553900180384517,0.0
237.0,178.57331103608888,linear,0.0001906749967020005,9460.0
242.99999999999997,182.26010741656197,linear,0.0006447620035032742,0.0
315.0,179.7976308463538,linear,0.00035467900306684896,0.0
279.0,175.68878747702348,linear,0.0007534289979957975,8545.0
303.0,170.59008586247776,linear,0.0004939009959343821,10376.0
317.0,172.75449374364163,linear,0.0005767000038758852,0.0
225.0,180.50529222551526,linear,0.0006550350008183159,7446.0
371.0,178.41049134500784,linear,0.0008604120012023486,7447.0
305.0,184.14017152689271,linear,0.0006314359998214059,0.0
255.0,186.6646889179789,linear,0.000516195003001485,9033.0
359.0,181.7453989647163,linear,0.000791236998338718,0.0
337.0,186.12894685727915,linear,0.0005765150053775869,0.0
259.0,196.8316404357924,linear,0.000877329999639187,8545.0
299.0,185.8573967415836,linear,0.00029582999559352174,17822.0
209.0,185.3195416074348,linear,0.0005360130016924813,0.0
279.0,180.5700796079273,linear,0.0007278789998963475,9338.0
377.0,172.99994899231373,linear,0.0006231090010260232,6897.0
195.0,177.39714356539602,linear,0.0009294320043409243,20142.0
264.99999999999994,170.7822387281706,linear,0.0006768460007151589,13489.0
211.0,167.50217121660722,linear,0.0006817499961471185,8423.0
367.0,167.57105157389256,linear,0.000593677003053017,0.0
250.99999999999994,176.3368647452184,linear,0.0006965309949009679,9277.0
228.99999999999997,164.36591956786506,linear,0.0006347669987007976,10070.0
353.0,167.2378625369442,linear,0.00027160599711351097,11901.0
264.99999999999994,176.11296130122255,linear,0.0007250339986057952,7812.0
266.99999999999994,181.0593358036337,linear,0.0006850040008430369,6409.0
264.99999999999994,171.43583264198028,linear,0.00021011799981351942,0.0
242.99999999999997,172.7961239643848,linear,0.0006365869994624518,9522.0
205.0,173.92610538755616,linear,0.0009271460003219545,9521.0
281.0,159.6692877763659,linear,0.0005322849974618293,11841.0
179.0,161.3911300079921,linear,0.0006522449984913692,8850.0
293.0,152.76037448133945,linear,0.0007156460051191971,8300.0
242.99999999999997,155.66163212470602,linear,0.0006297360014286824,6653.0
242.99999999999997,155.75348480614082,linear,0.0008304009970743209,22339.0
223.0,159.21232473496684,linear,0.0007951820007292554,15930.0
261.0,153.69461543593874,linear,0.0007493910015909933,9399.0
277.0,161.5211460437888,linear,0.0005556269970838912,13183.0
275.0,160.1739372662445,linear,0.0006597350002266467,0.0
261.0,163.26270499191102,linear,0.000622287996520754,0.0
257.0,164.9533851473405,linear,0.00022079699556343257,0.0
250.99999999999994,168.12696637453362,linear,0.0005862770049134269,0.0
317.0,167.12373845460323,linear,0.0005717280000681058,7813.0
321.00000000000006,171.17645379868864,linear,0.0006195419991854578,0.0
282.99999999999994,175.74172344054935,linear,0.0007817309960955754,10803.0
266.99999999999994,177.7260284251186,linear,0.0005339830022421665,0.0
339.00000000000006,178.55694113562433,linear,0.0006604110021726228,8362.0
259.0,187.1358493545841,linear,0.0004496769979596138,7996.0
250.99999999999994,181.44074632503518,linear,0.0005865179991815239,6958.0
261.0,174.58935283685435,linear,0.0006682430030195974,11170.0
228.99999999999997,172.5189641356729,linear,0.0007287339976755902,0.0
250.99999999999994,168.71311512615515,linear,0.0007129929945222102,10620.0
221.0,160.3842566839205,linear,0.0008783879966358654,7935.0
230.99999999999997,156.69263532832258,linear,0.00026757399609778076,7080.0
227.0,154.74247096955997,linear,0.0007231199997477233,7446.0
230.99999999999997,151.5264304756405,linear,0.0005362199954106472,12023.0
215.00000000000003,151.70115533816139,linear,0.0008748519976506941,8117.0
205.0,148.2371238631607,linear,0.000654029005090706,7813.0
225.0,146.62744795076947,linear,0.000563170004170388,11902.0
197.00000000000003,146.10769348683488,linear,0.0006612099969061092,6164.0
201.0,143.17257478221933,linear,0.0007857270029489882,11291.0
185.0,140.2748154635366,linear,0.0005674809945048764,8789.0
165.0,137.36450212077696,linear,0.0005440250024548732,7263.0
168.99999999999997,133.41132362438762,linear,0.0007445509982062504,5310.0
223.0,128.0528124071923,linear,0.0006690869995509274,10925.0
159.0,130.73663039153783,linear,0.0006108290035626851,18494.0
141.0,126.61450548367678,linear,0.000739488001272548,6714.0
151.00000000000003,122.23056107911715,linear,0.0007449559998349287,9155.0
173.0,120.88526164713585,linear,0.0006370429982780479,9033.0
142.99999999999997,121.3099138675387,linear,0.0005060670009697787,9400.0
111.0,113.65519816355891,linear,0.0007372539985226467,0.0
155.0,108.90505716967084,linear,0.0007475140009773895,9948.0
145.0,110.32620189762724,linear,0.0007602650002809241,6103.0
131.0,109.78194339181825,linear,0.0007087069971021265,6164.0
127.0,105.72236595957031,linear,0.0005331420034053735,7019.0
124.99999999999997,104.18150479889213,linear,0.0006724429986206815,12268.0
119.0,105.46114729131197,linear,0.0005677270019077696,8178.0
106.99999999999997,101.99960918304939,linear,0.0007470109994756058,0.0
131.0,98.32152993738437,linear,0.0007217759994091466,8911.0
120.99999999999999,98.38632530165458,linear,0.0004232950013829395,7874.0
129.0,97.82682499811902,linear,0.0007017569951131009,5371.0
111.0,98.22416808373107,linear,0.0009126229997491464,11047.0
99.0,97.42321434637621,linear,0.00040557699685450643,12085.0
112.99999999999999,96.55386561899327,linear,0.0010383299959357828,6409.0
88.99999999999997,94.8662391532539,linear,0.0005021940014557913,12085.0
114.99999999999999,91.73756332927103,linear,0.0006339200044749305,0.0
81.0,90.45945319710104,linear,0.0002775710017886013,0.0
73.00000000000001,87.5318237823978,linear,0.000794132000009995,8606.0
96.99999999999999,84.93148118908634,linear,0.0010564900003373623,10865.0
71.0,83.4932196137413,linear,0.0009042719975695945,25574.0
93.0,81.69925527469994,linear,0.0007481689972337335,6958.0
73.00000000000001,79.65367174904108,linear,0.0007928869963507168,10681.0
96.99999999999999,78.86961913190024,linear,0.0005731460041715764,0.0
93.0,81.18707872345378,linear,0.0009948030055966228,22338.0
86.99999999999999,80.86516960353266,linear,0.0008969250047812238,9277.0
75.0,82.3449752835413,linear,0.0003116670050076209,0.0
94.99999999999999,80.58797881353439,linear,0.000621131002844777,6043.0
65.0,82.71592032170702,linear,0.0008072480050032027,5493.0
35.0,79.59056485702183,linear,0.0008415839984081686,18555.0
83.0,73.87760160949325,linear,0.0004239690024405718,6531.0
73.00000000000001,73.6163546729784,linear,0.0006682500024908222,8362.0
55.00000000000001,73.46516786297937,linear,0.0007012260030023754,7263.0
58.99999999999999,69.58295138885313,linear,0.0005500879997271113,9399.0
71.0,69.01765117420207,linear,0.0007205709989648312,7751.0
50.999999999999986,72.46495464717377,linear,0.0007339610019698739,7447.0
55.00000000000001,69.36505463243142,linear,0.00045279400364961475,8850.0
47.00000000000001,67.63434617967725,linear,0.0005768539995187894,11169.0
45.000000000000014,66.84406381655212,linear,0.0006164770020404831,7629.0
45.000000000000014,65.46809030710672,linear,0.00021443000150611624,0.0
40.99999999999999,62.99554400654279,linear,0.0005946469973423518,7507.0
27.00000000000001,62.019848237241064,linear,0.0007234049990074709,9094.0
39.0,59.28991672493307,linear,0.0007390569953713566,6470.0
47.00000000000001,58.54032051262569,linear,0.0007981009985087439,7080.0
39.0,58.784142681783266,linear,0.0005644089978886768,0.0
43.0,58.201642000132495,linear,0.0007324170001083985,8973.0
47.00000000000001,58.40571818950705,linear,0.0006633850061916746,5493.0
21.0,60.3302665324432,linear,0.00047395900037372485,9826.0
48.99999999999999,58.51484015091082,linear,0.0006461580051109195,0.0
37.00000000000001,58.76128615339863,linear,0.0004958030040143058,4578.0
50.999999999999986,58.57951019312632,linear,0.0007555979973403737,7996.0
57.0,59.36660232896394,linear,0.000591822994465474,0.0
48.99999999999999,60.40031053439285,linear,0.00021360700338846073,20325.0
43.0,63.0358173732267,linear,0.000717262999387458,7385.0
30.999999999999996,62.436579997673,linear,0.0006242080053198151,10254.0
22.999999999999993,61.79319888375149,linear,0.0007189979951363057,14160.0
39.0,59.05386375825178,linear,0.0006950480019440874,6470.0
25.0,57.37924105887481,linear,0.0006322920016827993,6897.0
39.0,55.070348942806554,linear,0.0005572759982896969,10926.0
33.00000000000001,54.72114219366821,linear,0.0004992869944544509,9522.0
33.00000000000001,54.92786533811327,linear,0.0006719029988744296,6592.0
29.000000000000004,55.85662222905467,linear,0.0004326880007283762,0.0
35.0,54.89961920206036,linear,0.0005104360025143251,0.0
35.0,55.85566157863939,linear,0.0006167339961393736,10254.0
29.000000000000004,55.49096626958351,linear,0.0006582279966096394,6958.0
19.000000000000007,55.086809821954986,linear,0.000219745998037979,0.0
27.00000000000001,53.703227082461936,linear,0.000771182996686548,10132.0
30.999999999999996,53.51369035271428,linear,0.000696249000611715,0.0
30.999999999999996,53.16090574130859,linear,0.0007725250034127384,7141.0
45.000000000000014,52.792183065081886,linear,0.0007519620048697107,10559.0
27.00000000000001,54.38386021597341,linear,0.0006009619974065572,0.0
19.000000000000007,55.106052242066625,linear,0.0006370259943651035,8057.0
30.999999999999996,54.2715808681121,linear,0.0008607120034866966,6164.0
50.999999999999986,54.29790558464343,linear,0.00062978300411487,9156.0
45.000000000000014,56.292910379081135,linear,0.0009793159988475963,6836.0
45.000000000000014,56.33054195672297,linear,0.0007212749987957068,8912.0
37.00000000000001,58.05014998823348,linear,0.0004415240036905743,0.0
48.99999999999999,59.73282489828334,linear,0.0005279190008877777,0.0
22.999999999999993,61.46173039471049,linear,0.0002164650068152696,0.0
25.0,58.71948202209668,linear,0.0007505869943997823,6653.0
65.0,56.75949955168573,linear,0.0005691879996447824,0.0
35.0,58.82789566804753,linear,0.0006329889947664924,7690.0
37.00000000000001,58.59832563661976,linear,0.000794284998846706,7385.0
53.0,57.423218322026784,linear,0.000644924002699554,9033.0
61.0,60.35394476866797,linear,0.000698957999702543,8545.0
55.00000000000001,63.81949354943937,linear,0.00038758300070185214,9827.0
83.0,62.888071887897596,linear,0.0006406450047506951,8728.0
75.0,67.56842502455584,linear,0.0005593349997070618,5982.0
88.99999999999997,71.21798919976466,linear,0.0007047059989417903,13977.0
78.99999999999999,74.68974724713975,linear,0.0006875849940115586,0.0
78.99999999999999,76.41214836973803,linear,0.0005093609943287447,7935.0
96.99999999999999,78.66081495157796,linear,0.00021354899945436046,0.0
93.0,80.07306611247765,linear,0.0005002159959985875,10437.0
83.0,81.80390012466857,linear,0.0006472389941336587,0.0
114.99999999999999,81.19648028774077,linear,0.0006574090002686717,11657.0
114.99999999999999,84.73610522609705,linear,0.0006754139976692386,10498.0
114.99999999999999,88.22837885803219,linear,0.0006644129971391521,0.0
145.0,89.95586119356618,linear,0.0004871500059380196,6043.0
145.0,95.05075321306279,linear,0.000779081994551234,9217.0
155.0,101.01377295028551,linear,0.0005219190061325207,9949.0
155.0,104.87873980303193,linear,0.0006358270038617775,0.0
163.0,108.72851024920438,linear,0.00046267799916677177,0.0
149.0,113.3212336654201,linear,0.0007723800008534454,9766.0
145.0,113.67083995573587,linear,0.0008064409994403832,23621.0
189.0,113.61823336866603,linear,0.00020598399714799598,0.0
230.99999999999997,117.02078431461398,linear,0.0005203179971431382,7386.0
199.0,124.52547308196485,linear,0.0007598230004077777,8301.0
205.0,127.95802001026397,linear,0.0008554949963581748,23010.0
227.0,133.28066898100747,linear,0.0007401779948850162,13245.0
263.0,141.1756115109296,linear,0.00087351899856003,10986.0
286.99999999999994,148.3881743479054,linear,0.0005083579962956719,17456.0
315.0,153.93991885571344,linear,0.00033365799754392356,12451.0
286.99999999999994,165.18678553767103,linear,0.0004039569976157509,0.0
273.0,172.9721605512254,linear,0.00047971500316634774,6226.0
264.99999999999994,177.23330011281703,linear,0.0003782400017371401,0.0
271.0,177.34356496647706,linear,0.0006174259979161434,13061.0
263.0,175.78775437573776,linear,0.00023407499975292012,10010.0
284.99999999999994,170.82202293839086,linear,0.0005252440023468807,0.0
407.0,170.70666930078906,linear,0.0008368499984499067,10742.0
284.99999999999994,184.01928397664022,linear,0.0007224150031106547,5798.0
409.0,185.7420659863612,linear,0.0003896179987350479,0.0
383.0,199.15557930265967,linear,0.0007853959978092462,6653.0
311.0,210.7790532673666,linear,0.0008378470010939054,7874.0
455.0,212.83522381598598,linear,0.0007495460013160482,4699.0
413.0,217.92137391076264,linear,0.0005599900032393634,0.0
337.0,230.18848970709422,linear,0.0006831079954281449,6103.0
339.00000000000006,222.96929651511647,linear,0.0007071110012475401,4516.0
317.0,218.68596589776936,linear,0.0003099180030403659,0.0
353.0,219.03735871220218,linear,0.00021412099886219949,21850.0
329.0,209.39814761735107,linear,0.0006160089978948236,11291.0
315.0,201.42223196891902,linear,0.0003632829975686036,0.0
333.0,199.21619582226458,linear,0.0005546259999391623,7507.0
343.0,198.70005158468447,linear,0.0006123900020611472,9766.0
357.00000000000006,201.22341947170307,linear,0.0004947960042045452,0.0
343.0,201.70077344929012,linear,0.0005725669980165549,0.0
291.0,203.03437004938016,linear,0.0007080580035108142,7569.0
367.0,200.50619447987248,linear,0.0005009950036765076,11230.0
323.0,203.91499215649753,linear,0.0005602410019491799,0.0
300.99999999999994,201.98286856472373,linear,0.0005717770036426373,9095.0
293.0,196.4697758766764,linear,0.000750166000216268,8789.0
250.99999999999994,191.66429716977552,linear,0.0005026090002502315,10071.0
250.99999999999994,187.59140433453007,linear,0.0005109460034873337,0.0
293.0,176.44667265703188,linear,0.0008173800015356392,8606.0
273.0,173.74554069833871,linear,0.00020762199710588902,0.0
311.0,171.08674375451488,linear,0.0004137580035603605,15747.0
244.99999999999997,172.94766696976563,linear,0.0006054469995433465,0.0
300.99999999999994,172.21652078471413,linear,0.0007237509998958558,6714.0
343.0,177.02522304218445,linear,0.0007509879942517728,6958.0
275.0,182.0938286380813,linear,0.0006855609972262755,12390.0
277.0,182.09005072042208,linear,0.0007186419970821589,6591.0
261.0,178.77387483665302,linear,0.0005792039955849759,10131.0
331.0,180.19522780991116,linear,0.0005064880024292506,10620.0
257.0,183.23887988472202,linear,0.0002227789955213666,0.0
248.99999999999997,174.95490371429057,linear,0.0003008979983860627,9827.0
257.0,172.28669661348457,linear,0.0006537910012411885,7812.0
313.0,170.4007263737635,linear,0.0004526010015979409,0.0
305.0,175.5204008691887,linear,0.00031412200041813776,0.0
259.0,173.19205746309424,linear,0.00031887100340100005,13855.0
309.0,173.21335465104008,linear,0.0006480529991677031,5371.0
282.99999999999994,179.03379204462757,linear,0.0006540249960380606,5554.0
263.0,181.47357405714553,linear,0.00022298700059764087,0.0
295.0,176.57191966543192,linear,0.0006499320006696507,0.0
286.99999999999994,175.73510263291848,linear,0.000366348001989536,0.0
317.0,178.3999846851412,linear,0.0005992580045131035,7935.0
255.0,179.2827248138663,linear,0.0007987630015122704,0.0
268.99999999999994,176.46405831617514,linear,0.00045204699563328177,7508.0
281.0,176.93025133326583,linear,0.0005374940010369755,8361.0
259.0,175.6686865756532,linear,0.0008585180039517581,10742.0
286.99999999999994,172.9031562936684,linear,0.0008455080023850314,15319.0
311.0,170.1499231999759,linear,0.00032566700247116387,17578.0
329.0,175.6379047523033,linear,0.0008451029934803955,4700.0
345.0,181.48166916288122,linear,0.0005220730017754249,0.0
351.0,187.7246075041118,linear,0.00047022900253068656,9888.0
279.0,196.5571200632747,linear,0.0006712560061714612,7080.0
300.99999999999994,195.5241322953873,linear,0.00019100400095339864,0.0
259.0,194.4811780227265,linear,0.0007168869997258298,7812.0
318.99999999999994,187.6585643363291,linear,0.0006560399997397326,8728.0
289.0,185.2905104182692,linear,0.0008638830040581524,6348.0
279.0,179.44378534003212,linear,0.0006760800024494529,7141.0
339.00000000000006,179.32537196520485,linear,0.00039934100641403347,13061.0
401.0,183.19895451936986,linear,0.0005814050018670969,6653.0
339.00000000000006,197.0713778197591,linear,0.000615439006651286,5555.0
347.0,198.9228769347496,linear,0.00020703100017271936,0.0
337.0,204.3900725903517,linear,0.0007173479971243069,8240.0
355.0,209.86167340423597,linear,0.0008637510036351159,6347.0
415.0,211.37264463561692,linear,0.0008954599979915656,7141.0
300.99999999999994,213.0253387329067,linear,0.0008286840020446107,11292.0
349.0,209.0967966890007,linear,0.0006461800003307872,7447.0
327.0,209.23925245919818,linear,0.0006764619975001551,0.0
295.0,208.2819389590088,linear,0.000602300999162253,11169.0
375.00000000000006,202.31793011267206,linear,0.0008110830021905713,11475.0
353.0,198.82478466503102,linear,0.0007152170001063496,5676.0
333.0,203.83648727706276,linear,0.00023757400049362332,15503.0
433.0,202.2126080021577,linear,0.0006035189944668673,7385.0
325.0,212.70742037807767,linear,0.0008497610033373348,6714.0
449.00000000000006,215.3161151907335,linear,0.0004422389974934049,9338.0
449.00000000000006,222.64476092719337,linear,0.0008103660002234392,7507.0
331.0,232.10578056305098,linear,0.0005558499979088083,9643.0
391.0,231.3938029502386,linear,0.0008667180009069853,7996.0
471.0,227.4597330309622,linear,0.0006606189999729395,9216.0
437.0,241.71234129163503,linear,0.0005107300021336414,10864.0
467.00000000000006,240.603891597743,linear,0.0006179260017233901,0.0
401.0,242.4873422744343,linear,0.0005568809938267805,0.0
355.0,248.9542977744232,linear,0.0005908669991185889,9888.0
337.0,245.12964737569317,linear,0.0008443480037385598,10803.0
407.0,232.17966828894737,linear,0.0003776769954129122,0.0
367.0,229.48726706663157,linear,0.00021506399934878573,19592.0
477.0,219.98083737319345,linear,0.0002104359955410473,0.0
375.00000000000006,227.6129656274829,linear,0.00020013100584037602,0.0
385.0,229.40725207128932,linear,0.00020380799833219498,0.0
431.0,233.76069557474545,linear,0.0003661949958768673,0.0
343.0,236.28260616943328,linear,0.000472617000923492,0.0
428.99999999999994,233.6522511307815,linear,0.0006789090039092116,7690.0
387.0,229.28942591404856,linear,0.0005881780016352423,8972.0
473.0,230.4523861980572,linear,0.0005351940053515136,7141.0
331.0,239.04915838479974,linear,0.0007412039994960651,11841.0
405.0,229.23765714785023,linear,0.00048719999904278666,8057.0
392.99999999999994,235.06055242894374,linear,0.0006246280026971363,9704.0
441.0,231.76373479756668,linear,0.0006364759974530898,12024.0
347.0,236.98981330574557,linear,0.0004827680022572167,0.0
355.0,224.83821146585063,linear,0.0006027269992046058,6531.0
359.0,226.89874640641204,linear,0.00027217299793846905,0.0
451.0,222.5373292900054,linear,0.00042459299584152177,0.0
381.0,228.37333083567324,linear,0.00041590000182623044,13672.0
415.0,222.66390197782746,linear,0.0005870319946552627,8362.0
377.0,229.14552338645362,linear,0.0006511059982585721,3540.0
311.0,231.1818827270621,linear,0.00041024499660125,8606.0
391.0,226.181451512312,linear,0.000592510994465556,11963.0
341.0,220.6595590221639,linear,0.0007613280031364411,7263.0
381.0,216.77868363192408,linear,0.000559555999643635,7263.0
337.0,213.6036526703918,linear,0.0006887249983265065,8240.0
389.0,209.76748853491387,linear,0.0004485180033952929,9644.0
300.99999999999994,217.24755780727403,linear,0.0009325239952886477,7386.0
391.0,208.4764138827986,linear,0.00022896100563229993,0.0
357.00000000000006,213.363042879243,linear,0.0007957130001159385,15686.0
353.0,211.17160215082802,linear,0.0008661149986437522,6104.0
419.0,212.5670404816867,linear,0.0005251570037216879,0.0
397.0,215.75566614185558,linear,0.000455036002676934,7447.0
415.0,224.90830788915298,linear,0.000819286004116293,15076.0
327.0,227.2607415998811,linear,0.0006305839997367002,9460.0
337.0,224.1181351279874,linear,0.000696828996296972,10620.0
281.0,222.3764087551215,linear,0.0005650130042340606,8545.0
353.0,209.00927199954444,linear,0.0005495090008480474,6531.0
375.00000000000006,204.9196702214676,linear,0.000455794004665222,8484.0
353.0,201.40354549003806,linear,0.0003452620003372431,0.0
307.0,203.84887975457028,linear,0.0007716170002822764,0.0
375.00000000000006,200.82819362339168,linear,0.0006939289960428141,6226.0
331.0,209.90098517097667,linear,0.0007005239967838861,0.0
317.0,207.75300915937976,linear,0.0004908589980914257,0.0
321.00000000000006,202.08498551825016,linear,0.0005194070035940968,0.0
363.0,199.05505674650644,linear,0.0005083889991510659,0.0
311.0,204.50233895770864,linear,0.0005826589986099862,7507.0
383.0,198.32122516774413,linear,0.0005587199993897229,9643.0
323.0,203.46412279824932,linear,0.0006398680052370764,7324.0
327.0,203.96718233638802,linear,0.0006970440008444712,7873.0
239.0,204.39165972626188,linear,0.0005927509992034175,12085.0
271.0,192.27103609949094,linear,0.0006928899965714663,13367.0
277.0,188.30293270724852,linear,0.0005539409976336174,8728.0
323.0,178.3020141359228,linear,0.0005972449944238178,13061.0
215.00000000000003,178.4722407384641,linear,0.0004970319932908751,7935.0
307.0,167.55151740558037,linear,0.0005319219999364577,9766.0
317.0,174.13674839873497,linear,0.0009713960025692359,6836.0
259.0,178.75472681991323,linear,0.00047912199806887656,9887.0
279.0,176.79883135333765,linear,0.00047311999514931813,7995.0
279.0,172.65247858368662,linear,0.0006551139958901331,4761.0
264.99999999999994,178.72468758680498,linear,0.0003653530002338812,0.0
227.0,174.64367657117467,linear,0.0004593400008161552,0.0
242.99999999999997,165.92483251037723,linear,0.0006528000012622215,0.0
221.0,164.35242197922335,linear,0.0006653909949818626,7629.0
228.99999999999997,158.75384873996074,linear,0.00052611200226238,8117.0
244.99999999999997,153.96532695868993,linear,0.00037405900366138667,3845.0
225.0,152.16248672596078,linear,0.0008625800037407316,13672.0
221.0,151.91589206378697,linear,0.0005541450009332038,7996.0
199.0,149.77812258667313,linear,0.0006280890011112206,8911.0
185.0,147.57781840213858,linear,0.0004995339986635372,7752.0
205.0,143.25497017813657,linear,0.0006423000013455749,6714.0
219.0,139.4885601115093,linear,0.0007899859992903657,8179.0
157.0,139.0078287341685,linear,0.0006285280032898299,7812.0
181.0,132.71236551713517,linear,0.0008343760055140592,11413.0
217.0,130.96381310928146,linear,0.0006388140027411282,7934.0
179.0,134.18212111693177,linear,0.0005632000029436313,8423.0
215.00000000000003,131.6163616962915,linear,0.0005765349997091107,7263.0
159.0,131.34853755935447,linear,0.0005651800020132214,5921.0
201.0,131.38972012969904,linear,0.00020720300381071866,6409.0
248.99999999999997,133.30302713405152,linear,0.0005920539988437667,7691.0
175.0,136.66002730145775,linear,0.0006287180003710091,7324.0
173.0,136.07474810074635,linear,0.0007155629937187769,10132.0
207.0,131.95608207421202,linear,0.0006396069948095828,7080.0
149.0,136.62420635032782,linear,0.0006811120038037188,7812.0
205.0,131.45925880024802,linear,0.0005220480015850626,8362.0
132.99999999999997,127.40465493224995,linear,0.000736672998755239,11231.0
173.0,123.24384014709973,linear,0.000533931000973098,9216.0
195.0,123.20518066719958,linear,0.0006822759969509207,7691.0
193.0,122.27450042454396,linear,0.0004982730024494231,0.0
149.0,126.46607649944563,linear,0.0007602289988426492,8911.0
157.0,121.0198919295291,linear,0.0008663039989187382,8118.0
147.0,123.21612513968418,linear,0.0006654040043940768,7447.0
153.0,120.68478356202726,linear,0.0007370339953922667,7446.0
189.0,116.66677469294198,linear,0.0007959809954627417,7142.0
173.0,116.46861525877578,linear,0.000681832003465388,17456.0
147.0,118.77389123915736,linear,0.0005718889951822348,7507.0
203.0,117.70292039205076,linear,0.0005483200002345257,0.0
122.99999999999999,123.20378903757774,linear,0.0005586420011240989,8728.0
147.0,120.12415637024255,linear,0.0006348099996102974,0.0
122.99999999999999,116.04368824926517,linear,0.0005484220018843189,0.0
132.99999999999997,111.24709229293329,linear,0.0006677300043520518,7569.0
141.0,109.83566327008667,linear,0.0005849049994139932,5310.0
102.99999999999999,104.03101823510602,linear,0.0007339570001931861,9217.0
112.99999999999999,101.97315673948559,linear,0.0007185049980762415,9827.0
96.99999999999999,98.70185789347032,linear,0.0004940009966958314,5798.0
153.0,96.16580251734999,linear,0.00048757900367490947,0.0
104.99999999999999,98.2379012460699,linear,0.0006726689971401356,10804.0
131.0,94.77358759370952,linear,0.0003825349995167926,0.0
114.99999999999999,97.43938247872617,linear,0.0007728440032224171,7996.0
120.99999999999999,97.64323329183621,linear,0.00020502899860730395,0.0
106.99999999999997,99.87195409022792,linear,0.0005579790013143793,10315.0
93.0,95.48027239202736,linear,0.00021533600374823436,0.0
101.0,94.22684677701089,linear,0.0001872629945864901,10498.0
65.0,91.3713414506066,linear,0.0006490410014521331,7019.0
106.99999999999997,86.46697870059613,linear,0.0005533279982046224,8912.0
86.99999999999999,85.21711892097953,linear,0.0005819470025016926,6897.0
78.99999999999999,83.33053296001214,linear,0.0006175349990371615,0.0
84.99999999999999,81.91340767214741,linear,0.0007088819984346628,8606.0
84.99999999999999,80.424050765989,linear,0.0007168999945861287,9034.0
78.99999999999999,82.30734622956818,linear,0.0005886770013603382,7325.0
81.0,79.62613309562526,linear,0.0006138860044302419,4028.0
93.0,79.05500246027641,linear,0.0006970009999349713,0.0
43.0,80.43554808605042,linear,0.00045664600474992767,4639.0
81.0,76.26194564696436,linear,0.00019737699767574668,0.0
53.0,75.91898586588516,linear,0.00059124000108568,14404.0
67.0,73.40508241525404,linear,0.0006122409977251664,6897.0
65.0,72.04541186143322,linear,0.00034408200008329004,26062.0
39.0,69.43759966932532,linear,0.0005035200010752305,6897.0
53.0,68.91936972807343,linear,0.0006173380024847575,2869.0
43.0,66.26489204589096,linear,0.0004550419980660081,4395.0
65.0,65.285757572788,linear,0.0007556829950772226,0.0
50.999999999999986,65.1539223607662,linear,0.0004895059973932803,0.0
55.00000000000001,63.83526366210378,linear,0.0005172149976715446,5616.0
33.00000000000001,65.33860818248911,linear,0.0007393080013571307,0.0
45.000000000000014,63.364525016576096,linear,0.0006978119999985211,0.0
50.999999999999986,63.531373051404756,linear,0.0004925410030409694,7080.0
19.000000000000007,62.25079893964215,linear,0.000596427998971194,0.0
43.0,59.081954850522514,linear,0.0006494349945569411,0.0
39.0,57.976377512625696,linear,0.0006830080019426532,7386.0
50.999999999999986,58.57245485738334,linear,0.0006890599979669787,7630.0
33.00000000000001,59.174984800721035,linear,0.0007380690003628843,0.0
29.000000000000004,57.445390586714566,linear,0.0007197650047601201,3418.0
48.99999999999999,58.327642434773985,linear,0.0005312339999363758,0.0
43.0,58.96884186515355,linear,0.0005563760059885681,7385.0
43.0,59.358315003424664,linear,0.0008933499993872829,7996.0
50.999999999999986,58.598998922155936,linear,0.0007387430014205165,5493.0
35.0,60.35476385563946,linear,0.0005420770030468702,0.0
21.0,60.868030833238116,linear,0.0007066819962346926,6531.0
30.999999999999996,58.1119318157767,linear,0.0005482690030476078,0.0
37.00000000000001,56.970242848368464,linear,0.0004954010000801645,0.0
33.00000000000001,56.42874528545103,linear,0.0007402679984807037,7752.0
37.00000000000001,54.719900940034016,linear,0.0008202580065699294,8911.0
47.00000000000001,54.93200671459618,linear,0.0005309940024744719,6958.0
30.999999999999996,57.45426164697699,linear,0.0006338989987852983,0.0
30.999999999999996,57.411617614741,linear,0.00023148200125433505,0.0
37.00000000000001,56.809194584473225,linear,0.0007253860021592118,5371.0
33.00000000000001,57.20920953692783,linear,0.0004859320033574477,0.0
48.99999999999999,56.813778369617445,linear,0.0005754439989686944,0.0
30.999999999999996,57.07031934523602,linear,0.0007918900009826757,3967.0
33.00000000000001,57.03889500678421,linear,0.0006366369998431765,3723.0
29.000000000000004,57.19506938109642,linear,0.0006594180013053119,8545.0
27.00000000000001,56.423196514700045,linear,0.0007925190002424642,5920.0
35.0,55.817040103618794,linear,0.0007455119994119741,4089.0
25.0,54.51956258535541,linear,0.0008386639965465292,7568.0
39.0,53.923788728175005,linear,0.0005732489953516051,5921.0
40.99999999999999,54.531738119599424,linear,0.000580526000703685,0.0
33.00000000000001,55.71789200979151,linear,0.000561222004762385,5433.0
30.999999999999996,56.25979997335605,linear,0.0006723719998262823,6103.0
35.0,55.86409539626893,linear,0.00031659600062994286,43029.0
40.99999999999999,56.81710077781987,linear,0.0006605879971175455,5554.0
55.00000000000001,57.03571837852607,linear,0.00045576299453387037,6714.0
40.99999999999999,58.44587490451917,linear,0.0006650850045843981,5554.0
33.00000000000001,59.192561967521925,linear,0.0006143650025478564,7630.0
53.0,59.32354344219838,linear,0.0007458569962182082,7873.0
45.000000000000014,61.095239344260754,linear,0.0006634460005443543,4090.0
48.99999999999999,61.4755808021761,linear,0.0005116760003147647,14770.0
50.999999999999986,60.91370283404626,linear,0.0007766889975755475,7691.0
65.0,61.89453047066462,linear,0.0004809789970749989,12513.0
73.00000000000001,64.9909552010181,linear,0.0005987989934510551,4578.0
68.99999999999999,66.97044457206148,linear,0.0004755990012199618,7752.0
55.00000000000001,69.26603197934989,linear,0.0007240880004246719,7934.0
71.0,69.78095587445824,linear,0.0006009409989928827,6408.0
104.99999999999999,71.70965907421568,linear,0.0007041999997454695,0.0
65.0,75.6831970431639,linear,0.0006099040037952363,5615.0
71.0,74.84842748784264,linear,0.0006010979996062815,6653.0
86.99999999999999,74.99531535390786,linear,0.0007879929980845191,0.0
53.0,78.11103039770322,linear,0.0004954399992129765,7630.0
73.00000000000001,76.26445044513608,linear,0.0006378100006259046,8117.0
91.0,73.24456551737818,linear,0.0005740769993280992,8728.0
109.0,75.83135602477282,linear,0.0007091209990903735,8057.0
94.99999999999999,79.55259949613256,linear,0.0006772749984520487,8789.0
114.99999999999999,80.3405235531762,linear,0.0007169759992393665,8850.0
109.0,86.29827910198536,linear,0.0006476910057244822,4334.0
101.0,89.74529604091488,linear,0.0006541330003528856,6225.0
141.0,90.64373045119059,linear,0.000638378995063249,8056.0
131.0,93.84717550702018,linear,0.0005127710028318688,6653.0
122.99999999999999,97.3181260390395,linear,0.0005574320020969026,0.0
117.0,98.04194273724626,linear,0.0007110939986887388,4638.0
117.0,98.7789664950009,linear,0.0009054159963852726,11047.0
151.00000000000003,100.25728630528906,linear,0.0006147230014903471,7141.0
132.99999999999997,101.34511745403054,linear,0.0007144139963202178,6165.0
181.0,101.54960235122047,linear,0.0008487339946441352,7996.0
181.0,107.24217316864805,linear,0.0006428890046663582,7080.0
195.0,113.46604485031179,linear,0.0006504799966933206,6958.0
173.0,120.94802791853856,linear,0.0007183260022429749,6774.0
221.0,123.02349015795194,linear,0.0005030940010328777,0.0
177.0,131.52426867933417,linear,0.00044304600305622444,10437.0
191.0,131.08233582364747,linear,0.0003706360002979636,0.0
173.0,131.98628949883772,linear,0.0006432539958041161,4699.0
193.0,129.86740212360536,linear,0.0006630530042457394,7934.0
193.0,131.76687715096807,linear,0.0005456940052681603,4272.0
219.0,129.17192487549207,linear,0.00021789500169688836,0.0
228.99999999999997,133.27033134349526,linear,0.0007131320016924292,9704.0
261.0,137.01471299318644,linear,0.0007447850002790801,5859.0
253.0,145.55228835730486,linear,0.00039516100514447317,0.0
225.0,151.33280945695702,linear,0.0005886799990548752,4395.0
223.0,154.25464895999852,linear,0.0005446460054372437,8911.0
268.99999999999994,154.56399512658678,linear,0.0007008880056673661,0.0
295.0,158.51886743259533,linear,0.0004741200027638115,9216.0
242.99999999999997,161.96651364367045,linear,0.00061874099628767,9827.0
253.0,160.9067289081931,linear,0.0006955670032766648,7446.0
264.99999999999994,163.5205112514288,linear,0.0006509250015369616,9277.0
237.0,167.556426332768,linear,0.0005475849975482561,0.0
271.0,164.39090396119587,linear,0.0002416099960100837,0.0
230.99999999999997,162.2108823013475,linear,0.0005647750003845431,7629.0
227.0,160.97865758131584,linear,0.0006147629974293523,0.0
289.0,158.38246093706073,linear,0.0006237420020624995,6104.0
271.0,160.9202246478878,linear,0.0005830329973832704,0.0
353.0,164.2010612397145,linear,0.00041779500315897167,8545.0
339.00000000000006,172.3467376682765,linear,0.0006255660046008416,7691.0
325.0,182.80624820863963,linear,0.0006255959960981272,0.0
291.0,192.04704042229002,linear,0.0005528760011657141,0.0
293.0,192.10911773619148,linear,0.000619001999439206,6103.0
266.99999999999994,194.0691627031177,linear,0.000511936996190343,7690.0
317.0,185.76211346975987,linear,0.0006235260007088073,5493.0
241.0,183.79462751497346,linear,0.0005915049987379462,4273.0
279.0,175.6196517256275,linear,0.0006907089991727844,9705.0
289.0,174.45022476924547,linear,0.0006244100004551001,11047.0
293.0,174.20589373888393,linear,0.0005857220021425746,6470.0
317.0,176.67743297264312,linear,0.0005146549956407398,7508.0
321.00000000000006,176.84907192115892,linear,0.0006455300026573241,6897.0
385.0,184.53130231631047,linear,0.0006221919975359924,9582.0
391.0,194.9035439584042,linear,0.0005720970002585091,3967.0
395.0,204.81474321776057,linear,0.00021667499822797254,0.0
339.00000000000006,214.58165363178867,linear,0.000424813995778095,33936.0
291.0,216.49418324511572,linear,0.0002589549985714257,24353.0
282.99999999999994,213.27363806200816,linear,0.00022669899772154167,0.0
333.0,203.37716533556613,linear,0.0001980379965971224,0.0
329.0,197.98043923423992,linear,0.00019742499716812745,0.0
343.0,191.8058023806847,linear,0.00019155700283590704,0.0
357.00000000000006,192.27994179117619,linear,0.00024613300047349185,23560.0
307.0,198.68477491871423,linear,0.0005681219990947284,4334.0
355.0,200.7822694569822,linear,0.0008074689976638183,8850.0
313.0,202.96183630373784,linear,0.0005949490005150437,7751.0
309.0,201.36354934288835,linear,0.0005855919953319244,5310.0
275.0,197.99530614208788,linear,0.000606187000812497,8362.0
311.0,190.06833250638383,linear,0.0005705150033463724,4944.0
323.0,190.46031635215886,linear,0.0005075730005046353,0.0
347.0,187.5548036171371,linear,0.000545260998478625,7935.0
377.0,190.92296163187368,linear,0.0006958489975659177,5127.0
309.0,197.6228021662687,linear,0.0002401629972155206,0.0
373.0,200.66081715493422,linear,0.0004455109956325032,11780.0
329.0,206.6738116758354,linear,0.0006328140007099137,5188.0
284.99999999999994,207.1965485904319,linear,0.0006118500023148954,4395.0
359.0,200.98567441170414,linear,0.000553866004338488,8362.0
329.0,199.50587040105742,linear,0.0005253689960227348,12146.0
379.0,201.39693315839017,linear,0.0006256760025280528,0.0
381.0,202.13327608718132,linear,0.0006094609998399392,0.0
279.0,207.26500645864826,linear,0.0006991500049480237,14038.0
255.0,206.25762920795572,linear,0.0005680309986928478,8240.0
315.0,196.04213455655463,linear,0.0006402510043699294,0.0
303.0,194.81357370031898,linear,0.0007816730067133904,12207.0
345.0,187.61314124026873,linear,0.0005875220012967475,4761.0
419.0,184.39641398656258,linear,0.0006058770013623871,0.0
307.0,198.17080181474944,linear,0.0006716339994454756,5005.0
377.0,202.84022957285367,linear,0.0006960050013731234,5371.0
369.0,208.81097043605834,linear,0.0006997089949436486,3051.0
415.0,215.19873993921837,linear,0.0006527799996547401,0.0
410.99999999999994,221.97013018863686,linear,0.0006947840010980144,6348.0
313.0,221.39867519712053,linear,0.0006974770003580488,5799.0
343.0,221.54644473618453,linear,0.0006542179980897345,4211.0
413.0,218.20873631420014,linear,0.00026941900432575494,0.0
355.0,222.68105948372232,linear,0.00021643199579557404,0.0
369.0,216.87636864927705,linear,0.0005003609985578805,8056.0
313.0,212.88987071557509,linear,0.0005717329986509867,5493.0
343.0,212.6892115049745,linear,0.0002452609987813048,0.0
318.99999999999994,212.61003394510422,linear,0.000539230000867974,4700.0
403.0,203.64600249573115,linear,0.0007471760036423802,10192.0
357.00000000000006,208.47542296787094,linear,0.0006333719938993454,6836.0
268.99999999999994,207.39087883167534,linear,0.0005349740022211336,14282.0
383.0,202.74401875838433,linear,0.0006489169973065145,4578.0
385.0,206.82449853437421,linear,0.000631700997473672,6226.0
405.0,213.2922341087516,linear,0.0006447109990403987,2991.0
351.0,213.60595910204577,linear,0.0004938729980494827,0.0
307.0,212.97238804590464,linear,0.0005000230012228712,4334.0
377.0,216.2285399567746,linear,0.0006945459972484969,4761.0
355.0,215.81086224235472,linear,0.0006002130030537955,6409.0
383.0,212.9806913033211,linear,0.0006309149976004846,5066.0
465.0,210.98502649388246,linear,0.0007660689952899702,5676.0
381.0,222.29102756959114,linear,0.0004894110024906695,8484.0
377.0,229.17131687714763,linear,0.000581248001253698,7934.0
363.0,229.0113713795633,linear,0.000733888999093324,5005.0
392.99999999999994,229.69089153085804,linear,0.00058255999465473,7202.0
387.0,230.64098795593532,linear,0.0006035300029907376,4456.0
299.0,223.29932150368697,linear,0.000734155997633934,7080.0
339.00000000000006,215.12987893633675,linear,0.0007512999945902266,6225.0
331.0,211.4707991660378,linear,0.0004870429984293878,5249.0
315.0,208.42802488446853,linear,0.000769687001593411,5554.0
401.0,200.8937563459457,linear,0.0006819079935667105,4821.0
327.0,202.59698740437068,linear,0.000606759000220336,7751.0
349.0,205.1476426780617,linear,0.0004920979990856722,6531.0
337.0,206.04242842689044,linear,0.0005969590056338347,6470.0
373.0,206.63537146196992,linear,0.0006498540024040267,3113.0
381.0,212.20212089574312,linear,0.0005000599994673394,4639.0
363.0,210.4645975048529,linear,0.000456868001492694,7141.0
289.0,213.84096372555138,linear,0.0006919920051586814,3418.0
337.0,207.81152500065156,linear,0.0007401679977192543,0.0
375.00000000000006,207.79509915910785,linear,0.0005624580007861368,7996.0
323.0,208.20882659814197,linear,0.0007067990009090863,7080.0
343.0,202.5670965178575,linear,0.0005783949964097701,3174.0
329.0,200.69527413173168,linear,0.0006842729999334551,6165.0
271.0,204.46591862194273,linear,0.0006144979997770861,3418.0
303.0,197.87460488279467,linear,0.000551061995793134,6226.0
357.00000000000006,191.03170577458732,linear,0.0005836780037498102,8056.0
291.0,194.52108702404087,linear,0.0008247290024883114,4943.0
264.99999999999994,189.4323683055064,linear,0.0002470199979143217,0.0
363.0,183.1407727963061,linear,0.0005851120004081167,4333.0
339.00000000000006,192.20969213721457,linear,0.0006797940004616976,7264.0
329.0,195.71234067633551,linear,0.000649610003165435,4883.0
359.0,193.01649765653352,linear,0.0005255300056887791,0.0
309.0,199.63984145021684,linear,0.0005042440025135875,5493.0
357.00000000000006,203.63448859969873,linear,0.0005405209958553314,3662.0
335.0,203.15401024995418,linear,0.0005846120038768277,4944.0
351.0,202.80014940468033,linear,0.0006254520048969425,7141.0
239.0,204.88761196669688,linear,0.0006588359974557534,9949.0
331.0,193.08720307826388,linear,0.0006299610031419434,10620.0
437.0,195.24367183163014,linear,0.0006423189988709055,8972.0
331.0,203.48484208273777,linear,0.0003399829947738908,0.0
317.0,202.92370955795224,linear,0.0005659859962179326,3662.0
349.0,199.5224815124325,linear,0.0005854739938513376,4700.0
219.0,210.04362750853974,linear,0.0006433169983210973,5127.0
281.0,198.81575686602451,linear,0.0005235099961282685,0.0
255.0,183.94790052885696,linear,0.000697208997735288,4882.0
248.99999999999997,176.71879607050585,linear,0.000613550997513812,0.0
289.0,170.10165123286046,linear,0.000566037000680808,5310.0
282.99999999999994,164.62125261511017,linear,0.0005650160019285977,4760.0
307.0,170.7435062499585,linear,0.0007512869997299276,0.0
257.0,173.33243750362493,linear,0.0006455299953813665,5371.0
221.0,173.40182791511208,linear,0.00044726700434694067,8300.0
282.99999999999994,170.45206222483253,linear,0.0004013249999843538,0.0
253.0,170.03050123035428,linear,0.0007258850018843077,7568.0
235.0,167.1518744632626,linear,0.0007638570023118518,0.0
207.0,160.18650836452633,linear,0.0006745749997207895,6836.0
291.0,155.30183134983466,linear,0.0007078819980961271,7629.0
237.0,162.17978048407056,linear,0.000651131005724892,5616.0
219.0,157.78476086991552,linear,0.0005792459996882826,4516.0
248.99999999999997,154.37619950473353,linear,0.0005862399993930012,3418.0
209.0,155.81550148967744,linear,0.000702698998793494,3601.0
225.0,155.83880466669373,linear,0.0005864499980816618,7202.0
191.0,149.55203158137073,linear,0.000580375999561511,5249.0
209.0,145.07870072005224,linear,0.0005852210015291348,0.0
181.0,144.08541599644303,linear,0.0005847110005561262,6836.0
221.0,137.55377618152653,linear,0.0006479100047727115,0.0
177.0,138.7710592583942,linear,0.0005891330001759343,7080.0
195.0,134.13570612111786,linear,0.0006173099973239005,5249.0
195.0,134.47518026426025,linear,0.0006398039986379445,5188.0
207.0,133.2000281242531,linear,0.0005898239978705533,8179.0
175.0,135.69014344864786,linear,0.0002041609986918047,0.0
209.0,131.2427933752684,linear,0.00019908299873350188,23987.0
195.0,134.3436512793753,linear,0.000211161001061555,0.0
199.0,134.36250137324265,linear,0.0005630130035569891,5432.0
183.0,134.7189979795354,linear,0.0003834489980363287,0.0
161.0,132.4059650589481,linear,0.0005416220010374673,8789.0
171.0,130.92049795910506,linear,0.0007092009982443415,9583.0
195.0,127.2879832077233,linear,0.0007059320050757378,7874.0
149.0,127.38864115302731,linear,0.0005662960029440001,0.0
163.0,122.50390231139407,linear,0.0006296700012171641,6469.0
131.0,120.56896946285232,linear,0.000717723996785935,6287.0
167.0,117.60150199388424,linear,0.0005300609991536476,23621.0
142.99999999999997,117.25645603239046,linear,0.00034839499858208,0.0
161.0,112.31316662497164,linear,0.0004494929962675087,0.0
141.0,113.46287520158366,linear,0.0005981969952699728,6774.0
161.0,111.35531478927832,linear,0.0008698560050106607,10009.0
161.0,114.22065592416983,linear,0.0007800949970260262,10620.0
131.0,113.7112775113489,linear,0.0005876200011698529,0.0
153.0,112.43775897469008,linear,0.0003193680022377521,30640.0
145.0,111.71003611206676,linear,0.00041754199628485367,0.0
139.0,112.08818697867521,linear,0.0005827220011269674,7080.0
132.99999999999997,109.94459165343702,linear,0.000910620998183731,8056.0
145.0,107.2617358916687,linear,0.0007441499983542599,6714.0
109.0,108.6096152132107,linear,0.0006041859960532747,10925.0
132.99999999999997,104.30226118991868,linear,0.0006235389955691062,6714.0
109.0,103.17203798783058,linear,0.0007050760032143444,4028.0
131.0,100.26947819961312,linear,0.00046893000398995355,9460.0
137.0,100.09500076687809,linear,0.000549030999536626,4089.0
151.00000000000003,99.43179361483398,linear,0.0005054680004832335,0.0
114.99999999999999,103.48949769063036,linear,0.0005399700021371245,0.0
101.0,101.6920617347967,linear,0.00019365099433343858,9766.0
101.0,100.7815999771778,linear,0.0006281999958446249,6836.0
93.0,97.87503954508426,linear,0.0005689110039384104,7874.0
104.99999999999999,93.61960872865104,linear,0.0007768080031382851,7752.0
93.0,89.27913167931155,linear,0.000771669001551345,9460.0
122.99999999999999,87.16906301712889,linear,0.0005516059973160736,4028.0
94.99999999999999,89.35720045649343,linear,0.0006074330012779683,0.0
93.0,88.75243238459156,linear,0.0005879170057596639,8545.0
58.99999999999999,88.6766884285362,linear,0.0005516029996215366,0.0
81.0,84.16099161453194,linear,0.0004977830030838959,0.0
58.99999999999999,82.99036193680811,linear,0.0005053220011177473,0.0
67.0,76.85844022973826,linear,0.0006645999965257943,7446.0
43.0,74.16378901919067,linear,0.0005180829975870438,5066.0
65.0,69.34332341815518,linear,0.0005937480018474162,11047.0
65.0,69.92442239897912,linear,0.0005762719956692308,0.0
78.99999999999999,68.45956019514828,linear,0.0005431419995147735,3418.0
45.000000000000014,70.41549881961734,linear,0.0006597979954676703,6713.0
63.000000000000014,68.2421592923773,linear,0.0009001179932965897,9400.0
45.000000000000014,70.12945935745996,linear,0.0007932829976198263,5615.0
58.99999999999999,68.18723186329943,linear,0.0006131089976406656,7873.0
43.0,67.61151639607841,linear,0.0007673369982512668,10071.0
39.0,64.17172209894464,linear,0.000513421997311525,8606.0
40.99999999999999,63.53233382051104,linear,0.0003994709986727685,0.0
53.0,61.44373656185725,linear,0.0006173000001581386,4883.0
65.0,62.241518718291424,linear,0.0006194320012582466,7874.0
40.99999999999999,62.89902410272824,linear,0.0005200209998292848,0.0
40.99999999999999,62.65104262286691,linear,0.000562533998163417,0.0
47.00000000000001,62.792273758383296,linear,0.0006374709992087446,6775.0
33.00000000000001,63.37547711271573,linear,0.00057583799934946,8240.0
33.00000000000001,61.410789654406344,linear,0.0007006259984336793,39917.0
30.999999999999996,58.3438430499021,linear,0.0005685029973392375,18615.0
50.999999999999986,57.3793737145537,linear,0.0008699600002728403,8789.0
37.00000000000001,58.39715412117636,linear,0.0005074500004411675,10742.0
27.00000000000001,57.444984067985956,linear,0.00046282500261440873,0.0
33.00000000000001,56.80711138100028,linear,0.0005417770007625222,4944.0
25.0,56.810314969935156,linear,0.0006625120004173368,5860.0
47.00000000000001,56.19890822834269,linear,0.0005008549997000955,7690.0
37.00000000000001,55.892069480794866,linear,0.0005054159992141649,0.0
33.00000000000001,55.91131213828846,linear,0.0006525150020024739,6409.0
35.0,56.44532510255802,linear,0.0005662080002366565,0.0
22.999999999999993,56.64415998787726,linear,0.0003900459996657446,9826.0
19.000000000000007,56.39149326586108,linear,0.00047243399603758007,11597.0
25.0,53.68288028089549,linear,0.0006521780014736578,6408.0
37.00000000000001,52.55128833552274,linear,0.0005165490001672879,0.0
48.99999999999999,52.98658635078843,linear,0.0005620170049951412,2380.0
16.999999999999996,54.40587467582828,linear,0.0005528699985006824,5921.0
33.00000000000001,53.74668381757321,linear,0.000640808000753168,6531.0
27.00000000000001,55.07309640535975,linear,0.0005850529996678233,5738.0
22.999999999999993,55.263089142798115,linear,0.0006215640023583546,4882.0
37.00000000000001,53.88405577545737,linear,0.00025071400159504265,19714.0
33.00000000000001,52.809766615979,linear,0.0006491200037999079,6958.0
29.000000000000004,54.33901632859267,linear,0.0004850819968851283,7019.0
22.999999999999993,53.94011261645309,linear,0.0003624119999585673,6470.0
25.0,53.53209322796484,linear,0.000243088994466234,23316.0
22.999999999999993,53.70406650863198,linear,0.00033056399843189865,13977.0
21.0,52.364784384302666,linear,0.0005657610017806292,0.0
35.0,51.20895092587155,linear,0.0006277699940255843,6409.0
21.0,51.835042809835194,linear,0.0007727990014245734,7507.0
25.0,51.62016054164729,linear,0.0005198779981583357,0.0
27.00000000000001,51.608245034041644,linear,0.0003663600000436418,16784.0
30.999999999999996,52.00839480977087,linear,0.0006403289953595959,5432.0
37.00000000000001,52.9694137725024,linear,0.0006137439995654859,8911.0
27.00000000000001,53.20463850706529,linear,0.0005238369994913228,0.0
25.0,53.751678337946515,linear,0.0005182089953450486,10620.0
43.0,53.72246697890484,linear,0.000634864998573903,8057.0
30.999999999999996,55.30973082047746,linear,0.0006308450028882362,8118.0
29.000000000000004,55.29726782415437,linear,0.0005362410011002794,0.0
35.0,54.51054743798047,linear,0.0009629580017644912,11902.0
35.0,55.29574377821449,linear,0.0009250600051018409,6530.0
39.0,56.24652439284868,linear,0.0005384680043789558,5371.0
61.0,55.890125673169976,linear,0.0006642400039709173,9034.0
25.0,58.850163770444595,linear,0.0005677270019077696,8667.0
30.999999999999996,58.37803351876497,linear,0.0004019350017188117,0.0
48.99999999999999,57.943971828487044,linear,0.0005912549968343228,7874.0
55.00000000000001,59.35583487964293,linear,0.0006222910014912486,4028.0
47.00000000000001,60.922170017939756,linear,0.0006261360031203367,14709.0
53.0,59.602931801054666,linear,0.0004723110032500699,6958.0
40.99999999999999,62.28261186260176,linear,0.0009214650053763762,0.0
63.000000000000014,63.19104059834352,linear,0.0005833589966641739,5981.0
71.0,64.57877590837113,linear,0.0005308090039761737,6043.0
63.000000000000014,66.19136566133142,linear,0.0006610530035686679,3845.0
73.00000000000001,67.70480744113425,linear,0.0006229099963093176,3540.0
75.0,69.65135252559539,linear,0.0006224530006875284,4151.0
68.99999999999999,72.91089548036067,linear,0.0006596590028493665,4394.0
102.99999999999999,73.45986780612412,linear,0.0003289889937150292,0.0
71.0,76.63990860746964,linear,0.00031993299489840865,0.0
67.0,77.35074899624577,linear,0.0002824769981089048,0.0
73.00000000000001,76.69584036577143,linear,0.00038111000321805477,0.0
81.0,76.52377329629977,linear,0.0003027810016646981,29419.0
61.0,77.67766875923829,linear,0.0008598469939897768,7751.0
81.0,73.63515470591976,linear,0.0006596309976885095,10437.0
99.0,74.62718543886024,linear,0.00028938299510627985,0.0
81.0,77.7884152720858,linear,0.0005426849966170266,10376.0
73.00000000000001,78.51861173421266,linear,0.0007736650004517287,5432.0
129.0,77.70905334732993,linear,0.0006911759992362931,13062.0
120.99999999999999,84.38042254074739,linear,0.0005253739946056157,0.0
109.0,88.27558874119158,linear,0.0002323910011909902,0.0
137.0,89.19322510907274,linear,0.0008260660033556633,9460.0
127.0,94.63787834397633,linear,0.00021812799968756735,0.0
111.0,99.77074120191247,linear,0.00019566799892345443,12268.0
111.0,97.97910249334359,linear,0.0002710030021262355,0.0
83.0,97.00203795926612,linear,0.00023258000146597624,0.0
139.0,94.38484227925294,linear,0.0004870609991485253,10559.0
104.99999999999999,94.72819272292365,linear,0.0003700099987327121,8850.0
151.00000000000003,92.63086598894226,linear,0.000692784997227136,11048.0
168.99999999999997,96.55464729256133,linear,0.0006270579979172908,5249.0
124.99999999999997,102.29267687811215,linear,0.0006170359993120655,10376.0
175.0,106.1364781031725,linear,0.00046728099550819024,7202.0
157.0,109.70668383451005,linear,0.0006209009952726774,8667.0
186.99999999999997,114.67439146506001,linear,0.0005021140023018233,0.0
203.0,118.17215211651347,linear,0.000538474996574223,4272.0
197.00000000000003,121.58978481361943,linear,0.0005475250000017695,4822.0
157.0,128.44223272150785,linear,0.0006457720010075718,8056.0
165.0,126.58429987057384,linear,0.0006611459975829348,8972.0
175.0,127.2670663891541,linear,0.00020842200319748372,0.0
163.0,126.1529432947114,linear,0.0005538269979297183,0.0
199.0,122.30717085005531,linear,0.0005926829981035553,16236.0
215.00000000000003,122.64316811119824,linear,0.0006648309936281294,7873.0
195.0,128.31666817124943,linear,0.0003074100022786297,7568.0
207.0,131.1400326501089,linear,0.000545599999895785,7935.0
266.99999999999994,134.21845714202192,linear,0.000609886999882292,4699.0
273.0,144.37420496807948,linear,0.0006532580009661615,3845.0
223.0,151.5841174643213,linear,0.0002855400016414933,0.0
255.0,152.20630015625667,linear,0.0007165279967011884,6409.0
221.0,157.9510032136996,linear,0.0008298239990836009,6348.0
244.99999999999997,159.17336420895163,linear,0.0006427110056392848,8667.0
237.0,157.07724746389405,linear,0.0008025360002648085,8545.0
315.0,153.7023905692383,linear,0.0008064419962465763,16235.0
257.0,162.73673197604376,linear,0.0006834480009274557,13306.0
261.0,162.91532453673096,linear,0.0004980459998478182,9643.0
291.0,166.61774375601112,linear,0.0005519409969565459,9949.0
293.0,171.14419758358193,linear,0.00045278199831955135,0.0
255.0,176.4920585520319,linear,0.0005794799944851547,0.0
392.99999999999994,170.6775660417273,linear,0.0005445249989861622,3723.0
371.0,184.105264449758,linear,0.0007133130056899972,5798.0
299.0,194.80512611288137,linear,0.0005869509986951016,9400.0
289.0,195.27052976510674,linear,0.0006122409977251664,0.0
248.99999999999997,194.74724716879666,linear,0.00046094699791865423,0.0
347.0,193.86833413755966,linear,0.0006448869971791282,4944.0
297.0,189.75268583921385,linear,0.0005046950027463026,7141.0
266.99999999999994,182.76270925831832,linear,0.0006293879996519536,7935.0
313.0,179.50297970700848,linear,0.0002503319992683828,0.0
373.0,181.94455786923237,linear,0.0007803219996276312,5798.0
367.0,194.01902990442457,linear,0.000683938997099176,5859.0
303.0,196.0849701165216,linear,0.0006801060008001514,2502.0
248.99999999999997,196.45254959094905,linear,0.0006701240054098889,4577.0
331.0,194.362380702007,linear,0.0005940509945503436,4761.0
339.00000000000006,196.20460879306376,linear,0.0011494169957586564,3967.0
284.99999999999994,193.14845182960505,linear,0.000749697006540373,5920.0
347.0,185.18935568769862,linear,0.0007139389999792911,6042.0
297.0,189.56856841379192,linear,0.0006168629988678731,4883.0
321.00000000000006,194.02706617911136,linear,0.0006395739983418025,5554.0
321.00000000000006,193.04564014052153,linear,0.0002452769986120984,19165.0
315.0,191.42655961078293,linear,0.00026791800337377936,0.0
309.0,194.2132590932391,linear,0.0005667689983965829,7385.0
311.0,190.59373326963154,linear,0.00029167799948481843,0.0
349.0,191.9042371797426,linear,0.0005085570010123774,11230.0
317.0,194.72318523018063,linear,0.0008200939992093481,6897.0
309.0,194.3097448194649,linear,0.00032359800388803706,13367.0
335.0,193.64901789038132,linear,0.0009580760015523992,9094.0
317.0,196.21200710429213,linear,0.0006160039993119426,9033.0
365.0,196.73565811273244,linear,0.0006400269994628616,13245.0
263.0,198.43404478938976,linear,0.0007506279944209382,8484.0
363.0,193.00855156655683,linear,0.0008423990002484061,13367.0
239.0,198.29989400056715,linear,0.0012177730022813194,11658.0
365.0,188.8903890092615,linear,0.000642373001028318,7446.0
333.0,193.63200269481308,linear,0.0006266590062296018,7080.0
335.0,190.81418559531812,linear,0.0007465659946319647,6592.0
371.0,197.54652375054016,linear,0.0005619790026685223,0.0
323.0,198.57233135845397,linear,0.0006970489994273521,8850.0
297.0,206.38669724085972,linear,0.0007910209969850257,10803.0
321.00000000000006,199.72128091045306,linear,0.0006549739991896786,10193.0
349.0,198.602888691004,linear,0.000619602004007902,11597.0
343.0,200.05293869104722,linear,0.0007261499995365739,11779.0
286.99999999999994,197.45696655908299,linear,0.0006981420010561123,8545.0
381.0,193.82748153712615,linear,0.0006930080053280108,6225.0
392.99999999999994,202.06437338185603,linear,0.0005593829991994426,0.0
431.0,209.15983113161198,linear,0.0004949190042680129,0.0
359.0,217.17506047341948,linear,0.0005523199943127111,2747.0
329.0,218.58717552081572,linear,0.000752807995013427,7447.0
379.0,222.2603373903588,linear,0.000866884998686146,8728.0
309.0,222.17276580579147,linear,0.0006442719968617894,4516.0
351.0,213.9442212789595,linear,0.0005388479985413142,6530.0
291.0,206.36729025425498,linear,0.0006522550029330887,4151.0
309.0,199.76051643537923,linear,0.00029873500170651823,0.0
315.0,197.73683436441885,linear,0.0007116659980965778,10925.0
341.0,191.73935786431085,linear,0.0005739080006605946,0.0
339.00000000000006,194.86331153096927,linear,0.0005748039984609932,4700.0
385.0,193.8218055647767,linear,0.0005948070029262453,0.0
371.0,202.96124935271223,linear,0.0007244930020533502,13306.0
403.0,208.93395606739634,linear,0.00021949800429865718,0.0
317.0,217.41711538533067,linear,0.0006422560036298819,5371.0
327.0,214.88203397060295,linear,0.0006441630030167289,5555.0
405.0,213.54804009611013,linear,0.0007217149977805093,4638.0
339.00000000000006,215.77292479167016,linear,0.0006722139951307327,5738.0
347.0,212.5994874591685,linear,0.0006803069991292432,8239.0
341.0,207.22289186419673,linear,0.0006615910024265759,2136.0
335.0,209.50528154341748,linear,0.0007650910047232173,7080.0
367.0,210.15701045197983,linear,0.0005869489978067577,4639.0
329.0,206.68823919654594,linear,0.000615540993749164,6409.0
341.0,205.65259704078503,linear,0.0005868430016562343,0.0
313.0,205.05043391846468,linear,0.0006130420006229542,7446.0
351.0,202.30116005052628,linear,0.0007421519985655323,6836.0
282.99999999999994,203.87774871009054,linear,0.0003899139992427081,0.0
325.0,195.71108539543792,linear,0.0006526580036734231,6531.0
255.0,195.32740445709408,linear,0.0005431050012703054,5493.0
343.0,186.95988695098657,linear,0.0006632420045207255,6775.0
379.0,189.96281579813703,linear,0.0005237739969743416,0.0
299.0,193.01796389882273,linear,0.0005798749989480712,5066.0
369.0,194.29599255748636,linear,0.0006248889985727146,3967.0
299.0,198.66784669764144,linear,0.0005312399953254499,4639.0
355.0,202.68263127643243,linear,0.00026216599508188665,11719.0
271.0,203.8512819553514,linear,0.0005732580029871315,3967.0
284.99999999999994,193.41009559079774,linear,0.0007991780003067106,5982.0
264.99999999999994,191.87780483997417,linear,0.0005048579987487756,6286.0
284.99999999999994,181.95084901235512,linear,0.0006456780029111542,5981.0
299.0,180.58275766797024,linear,0.00048236099974019453,3296.0
289.0,175.3979639329903,linear,0.0005484940047608688,5310.0
295.0,177.09956841453672,linear,0.000711346001480706,5859.0
225.0,178.07885371492145,linear,0.0006164900041767396,6409.0
293.0,173.99334662585827,linear,0.0006700200028717518,8179.0
299.0,174.84430008015457,linear,0.0006025690017850138,0.0
271.0,175.01240586690074,linear,0.0005620340016321279,5737.0
239.0,173.19593664732184,linear,0.0006713609982398339,0.0
279.0,167.7378751992921,linear,0.0006640880019403994,4944.0
225.0,172.9143828248217,linear,0.0006985399959376082,6531.0
323.0,166.28735494645608,linear,0.0006407190012396313,7080.0
237.0,168.85176218281052,linear,0.0005711240009986795,4211.0
261.0,165.52289832550898,linear,0.0005490539988386445,7019.0
232.99999999999994,167.49972378992558,linear,0.0004420299956109375,0.0
279.0,163.10105581934786,linear,0.0006664669999736361,6287.0
211.0,168.27556371964323,linear,0.0006102350016590208,4272.0
219.0,157.49399858283874,linear,0.0006918490034877323,5676.0
273.0,155.63743752627093,linear,0.0005900249961996451,3479.0
219.0,157.0221653236371,linear,0.0005318890034686774,5432.0
246.99999999999997,155.551755968157,linear,0.0006620280037168413,5981.0
237.0,152.54900075120125,linear,0.0006031699958839454,4700.0
217.0,155.05095520120506,linear,0.0005727799943997525,8484.0
271.0,154.71270743053648,linear,0.0006427500047720969,0.0
221.0,154.72777608660812,linear,0.0005995969986543059,7996.0
213.0,154.82208736769502,linear,0.000648287998046726,0.0
250.99999999999994,151.44858069062695,linear,0.0005985720054013655,5616.0
242.99999999999997,152.92787965553632,linear,0.0006129120010882616,10315.0
193.0,155.40915090183645,linear,0.0008140690042637289,6043.0
183.0,147.80055041865091,linear,0.0005419279987108894,4150.0
193.0,144.03500814365012,linear,0.0005621910022455268,0.0
185.0,142.09599209946148,linear,0.0008095989978755824,5188.0
217.0,135.77712984464247,linear,0.0006072399992262945,5676.0
171.0,133.43662560271022,linear,0.0006467730054282583,5860.0
175.0,131.24252408479217,linear,0.000588109003729187,7874.0
197.00000000000003,130.38797038979197,linear,0.0004222330026095733,0.0
193.0,130.86498403227452,linear,0.0006469880026997998,4517.0
157.0,131.62772705132892,linear,0.0005818400022690184,5310.0
173.0,125.79580374762267,linear,0.000638111996522639,4150.0
161.0,125.96737313042985,linear,0.000646225998934824,9216.0
151.00000000000003,124.59392787547843,linear,0.0005488769966177642,4456.0
157.0,120.13452413820404,linear,0.000594181998167187,0.0
165.0,116.7262933379882,linear,0.0005861440004082397,6348.0
147.0,117.51591360962884,linear,0.0005571219953708351,0.0
168.99999999999997,114.99157559246605,linear,0.0005597650015261024,7324.0
157.0,115.80942404444771,linear,0.0005708940007025376,5921.0
151.00000000000003,116.37946196715738,linear,0.0006357489983201958,2991.0
168.99999999999997,115.75141436937122,linear,0.0005911599946557544,0.0
135.0,116.20458363499513,linear,0.0006434820024878718,0.0
127.0,114.94894515925945,linear,0.0005670769969583489,3479.0
149.0,110.84372485447588,linear,0.0006500599993159994,3357.0
119.0,110.14565575955548,linear,0.0006481399977928959,7752.0
109.0,107.00146827540581,linear,0.000767245001043193,6958.0
101.0,101.19668601415168,linear,0.0007311380031751469,4333.0
96.99999999999999,97.9014718868315,linear,0.0005417490028776228,0.0
151.00000000000003,94.97619139568081,linear,0.0005005389975849539,0.0
102.99999999999999,95.38141962131618,linear,0.0006083260013838299,3601.0
159.0,93.79885921499229,linear,0.0006171849963720888,5676.0
106.99999999999997,98.6955776098172,linear,0.0005766679969383404,0.0
84.99999999999999,99.20306839149562,linear,0.0006416300020646304,5310.0
99.0,97.81601663499778,linear,0.000420544994994998,7996.0
88.99999999999997,92.89256672257,linear,0.0005920240000705235,0.0
68.99999999999999,91.48685172762235,linear,0.0006978750025155023,2990.0
83.0,82.83332767843633,linear,0.0005464339992613532,6531.0
71.0,80.56764091973284,linear,0.0005681650000042282,6226.0
84.99999999999999,79.19846957825224,linear,0.0005050719992141239,0.0
88.99999999999997,77.89377675181727,linear,0.0005415089981397614,0.0
63.000000000000014,77.95677022797942,linear,0.0005724530055886135,0.0
78.99999999999999,77.28401368477817,linear,0.0005172640012460761,0.0
83.0,76.91779854628288,linear,0.0005787429981864989,3906.0
81.0,78.09843245941448,linear,0.0004453489964362234,0.0
71.0,77.7122585318966,linear,0.0006071550014894456,8178.0
86.99999999999999,75.97656939518046,linear,0.0005262880004011095,4211.0
84.99999999999999,78.29419136414035,linear,0.0005296080053085461,2991.0
68.99999999999999,78.88955460478266,linear,0.0008397510027862154,7141.0
68.99999999999999,77.4907250417166,linear,0.0008369600036530755,9582.0
47.00000000000001,76.3200897892425,linear,0.0005920500043430366,0.0
57.0,73.92801736787425,linear,0.0005682409973815084,6531.0
71.0,71.04896598616007,linear,0.0006746900035068393,8117.0
47.00000000000001,69.79469384675252,linear,0.0008958530015661381,7874.0
-58.2,67.63172427656076,linear,0.0008919230022002012,8301.0
-29.200000000000003,55.05658764862564,linear,0.0004608749950421043,0.0
-42.8,47.64189906707942,linear,0.0006374079966917634,3113.0
-42.8,38.08256844390773,linear,0.0006471769956988283,0.0
-42.8,27.184657280204537,linear,0.0007269069974427111,4700.0
-56.4,18.6962133601569,linear,0.0006266130003496073,5005.0
-41.10000000000001,18.790434671750653,linear,0.0005933290012762882,4577.0
-53.0,17.691932792409034,linear,0.0006425199971999973,7385.0
-51.3,16.704072948458787,linear,0.0007621129989274777,11291.0
-51.3,15.872363348046196,linear,0.0006719029988744296,6531.0
-46.2,15.076096786680223,linear,0.0006469849977293052,7080.0
-51.3,16.054786423332157,linear,0.0006617190010729246,0.0
-47.900000000000006,15.082799661818752,linear,0.0004736300033982843,7935.0
-46.2,15.571082704606301,linear,0.0004946100016240962,6652.0
-34.300000000000004,16.07219959024717,linear,0.0006225859979167581,0.0
-47.900000000000006,17.739941506980415,linear,0.0006303950067376718,5005.0
-49.6,17.55834684638445,linear,0.000603480999416206,0.0
-54.7,17.684271961371394,linear,0.0005393370011006482,8057.0
-54.7,17.01005907491875,linear,0.0005541860009543598,5249.0
-54.7,16.17365953823585,linear,0.0006071179959690198,6836.0
-59.8,14.234637197283371,linear,0.000628875000984408,4699.0
-49.6,13.07906332336796,linear,0.0006929020019015297,5921.0
-59.8,13.110128425783643,linear,0.0008269309983006679,4517.0
-56.4,12.60631191056008,linear,0.0006721460013068281,7690.0
-53.0,12.43506993720957,linear,0.0006490360028692521,5310.0
-51.3,12.621963768579624,linear,0.0006045889967936091,5188.0
-61.5,13.438005661560881,linear,0.0007849590037949383,10315.0
-59.8,12.2766620084871,linear,0.000603276006586384,6287.0
-56.4,12.258661286511261,linear,0.0006846800024504773,3052.0
-56.4,12.270556203353294,linear,0.000740976000088267,6469.0
-46.2,11.950087783358926,linear,0.0007305550025193952,11780.0
-53.0,12.48496581697278,linear,0.0005340619973139837,6409.0
-49.6,13.29347886790595,linear,0.0006114069983595982,4150.0
-59.8,14.264866515183552,linear,0.0007668239995837212,5676.0
-53.0,13.910167878626261,linear,0.0006085940040065907,7568.0
-49.6,14.228632388526957,linear,0.000667382002575323,0.0
-56.4,13.935827387408679,linear,0.0008430539965047501,5127.0
-46.2,13.589584858848477,linear,0.0005619500007014722,6836.0
-47.900000000000006,13.94805414087666,linear,0.0006029429932823405,3785.0
-54.7,15.094807134213156,linear,0.0006752359986421652,3784.0
-46.2,14.901088256320962,linear,0.0005292920031934045,7386.0
-54.7,15.250032559582266,linear,0.0008274689971585758,5921.0
-53.0,15.389266617818334,linear,0.000783410003350582,8545.0
-51.3,14.728915332108716,linear,0.0008660370003781281,5554.0
-54.7,14.419872760366427,linear,0.0005668579979101196,7751.0
-41.10000000000001,14.40245580765132,linear,0.0002404629994998686,12634.0
-47.900000000000006,14.940749229098135,linear,0.0005737749961554073,6347.0
-49.6,15.59332702733043,linear,0.0006734089984092861,8667.0
-34.300000000000004,15.897423944367514,linear,0.0006370800037984736,6165.0
-47.900000000000006,17.57918092850155,linear,0.000546634997590445,12268.0
-22.399999999999995,18.198810144039083,linear,0.0007962909949128516,9338.0
-36.0,20.058957908634824,linear,0.0006614380035898648,0.0
-15.599999999999998,21.20324231441187,linear,0.0004661229977500625,0.0
-13.900000000000002,24.487292126980726,linear,0.0005676850050804205,3296.0
-5.400000000000008,26.50151579122167,linear,0.0005692720005754381,0.0
-29.200000000000003,30.57749185826762,linear,0.0009168059987132438,5799.0
-17.3,29.873607005194863,linear,0.0011945950027438812,7934.0
-5.400000000000008,31.6370464605839,linear,0.0006063890032237396,4089.0
-17.3,32.67776969681393,linear,0.0006824390002293512,12573.0
4.799999999999997,32.32528190341756,linear,0.0006234879983821884,4211.0
30.300000000000004,33.38068173518191,linear,0.0006296560022747144,6103.0
21.8,39.19938554697607,linear,0.0007456899984390475,5371.0
21.8,42.951709150879964,linear,0.0006066659989301115,6103.0
21.8,45.55117444248289,linear,0.0006435050017898902,3113.0
30.300000000000004,49.271773139139256,linear,0.0005669750025845133,5920.0
43.9,51.71673748973589,linear,0.0007016620002104901,8545.0
71.1,53.09272578602717,linear,0.0006368239992298186,0.0
42.20000000000002,57.93612998464671,linear,0.0006077720026951283,5432.0
33.70000000000001,59.8418342317849,linear,0.0007440580011461861,4517.0
54.099999999999994,60.88431323295592,linear,0.0004940029975841753,0.0
57.5,63.20385097170598,linear,0.0005789939968963154,4455.0
43.9,64.53066040188403,linear,0.0004929299975628965,4272.0
111.9,61.91526111584602,linear,0.0006353279968607239,4761.0
122.10000000000001,68.8100783108197,linear,0.0005742380017181858,0.0
106.79999999999998,77.42502479988975,linear,0.0005342259973986074,3785.0
110.19999999999999,82.4335119471647,linear,0.0006755629947292618,3296.0
132.29999999999998,87.47455010871256,linear,0.0006417020049411803,5737.0
132.29999999999998,95.95244358551815,linear,0.0006054449986550026,2564.0
149.29999999999998,97.93934868385833,linear,0.00024029199994402006,9155.0
186.7,100.61941407174575,linear,0.000670626999635715,4151.0
147.59999999999997,108.43184831279689,linear,0.0005713589998777024,3662.0
188.4,111.92669187338961,linear,0.0006475259942817502,0.0
186.7,117.36335931541585,linear,0.0007225250010378659,4272.0
246.2,122.63002669237838,linear,0.0008044040005188435,0.0
161.19999999999996,132.07522090455657,linear,0.0005864889972144738,0.0
210.5,129.49374756574744,linear,0.0005143409944139421,7080.0
300.6,135.4769701177449,linear,0.0006846069954917766,3723.0
215.6,146.63812692828972,linear,0.0006678770005237311,7019.0
246.2,149.22402947541653,linear,0.0008263970012194477,7324.0
244.49999999999997,149.2496108482345,linear,0.0007645989971933886,4211.0
249.59999999999997,157.22928603964405,linear,0.0008567370023229159,3174.0
293.79999999999995,160.89383114857867,linear,0.0007441530033247545,5432.0
280.2,160.49728956533704,linear,0.0006717899959767237,5676.0
169.7,166.69117798141633,linear,0.0006907749993843026,6836.0
227.49999999999997,158.95124079978464,linear,0.0005771979995188303,6714.0
168.0,157.30061171860604,linear,0.0009513510012766346,5188.0
210.5,149.34822143889872,linear,0.0008394350006710738,7629.0
224.1,141.4175349448162,linear,0.0005951850034762174,20630.0
219.0,136.29446684566935,linear,0.0007243340005516075,4395.0
212.2,140.96380678548473,linear,0.0006526939978357404,0.0
164.59999999999997,139.5264668401101,linear,0.0007864840008551255,12757.0
174.79999999999998,138.97515373681094,linear,0.0005771889991592616,10803.0
208.8,135.48351241735278,linear,0.0006866090043331496,7568.0
133.99999999999997,134.16448675714432,linear,0.0009039269934874028,16540.0
156.10000000000002,125.83761380827592,linear,0.0008584309980506077,10804.0
185.0,120.44373761995982,linear,0.0008290839978144504,10193.0
176.5,122.53274607219855,linear,0.0005657139990944415,7080.0
183.3,122.68817640467124,linear,0.0009793770004762337,8301.0
188.4,120.3313132181395,linear,0.000640272002783604,5676.0
164.59999999999997,125.54842187755924,linear,0.0009018819982884452,9460.0
195.2,126.2584442362714,linear,0.000494854997668881,6836.0
133.99999999999997,127.30408978881462,linear,0.0007634879948454909,10498.0
152.70000000000002,123.07337770809482,linear,0.001012201995763462,5555.0
212.2,120.08151692412322,linear,0.00026931599859381095,6531.0
144.19999999999996,122.63252596988795,linear,0.0007330420048674569,9399.0
178.2,120.52695980699633,linear,0.000611956995271612,7203.0
149.29999999999998,118.9463604748374,linear,0.0006626169997616671,10132.0
147.59999999999997,120.35810244835301,linear,0.0004519580033957027,0.0
113.6,119.74400371208841,linear,0.0006098679950810038,4395.0
132.29999999999998,110.25099255525636,linear,0.0006182569995871745,0.0
142.49999999999997,109.07413521059732,linear,0.000694034002663102,7263.0
169.7,105.75970230912641,linear,0.000573690005694516,8301.0
96.6,107.83107679870629,linear,0.0006409030029317364,11902.0
149.29999999999998,102.78004503290137,linear,0.0007821359977242537,7446.0
183.3,106.21793478926392,linear,0.000733394997951109,8057.0
156.10000000000002,111.31607478046973,linear,0.0007179840031312779,3479.0
154.39999999999998,112.5620922852679,linear,0.0006275470004766248,6348.0
191.8,111.11250060735159,linear,0.0005268489985610358,16968.0
84.69999999999999,120.3011145901894,linear,0.0006381050043273717,10925.0
96.6,113.7778511163944,linear,0.0006445950057241134,3785.0
111.9,105.33224356780386,linear,0.0007342340031755157,7569.0
176.5,101.18019866732432,linear,0.0005571479996433482,12329.0
132.29999999999998,103.51600128823878,linear,0.0006174750014906749,6042.0
178.2,97.9041159136961,linear,0.00042990499787265435,0.0
113.6,106.91693651900192,linear,0.0006229599966900423,7751.0
142.49999999999997,108.39280758619218,linear,0.0007671220009797253,5920.0
202.0,111.22778061621172,linear,0.0007995410051080398,9094.0
147.59999999999997,113.98320543001374,linear,0.0006762529956176877,10010.0
176.5,115.32775844477516,linear,0.00047506299597444013,7019.0
123.79999999999998,115.22484054403789,linear,0.0006970030008233152,4517.0
115.29999999999998,116.04344367495086,linear,0.00047380299656651914,7568.0
139.09999999999997,113.24167459062713,linear,0.0005264770006760955,8789.0
202.0,107.34296141472124,linear,0.0007048120023682714,6469.0
162.9,112.79115403941218,linear,0.00042494499939493835,5310.0
139.09999999999997,111.53195328106125,linear,0.0006655410033999942,4882.0
154.39999999999998,112.84308909417254,linear,0.0005449449963634834,6042.0
213.9,116.56820273938177,linear,0.0006055730045773089,6714.0
156.10000000000002,123.90520144692364,linear,0.0005483679997269064,4761.0
193.5,119.46657369213403,linear,0.000611423994996585,0.0
195.2,122.4369613674701,linear,0.00030567100475309417,0.0
151.00000000000003,127.87335589677332,linear,0.0004908910050289705,0.0
169.7,127.33340392432692,linear,0.000631550996331498,4455.0
183.3,123.13889822079811,linear,0.0007239560000016354,4456.0
171.4,125.78985057103475,linear,0.0007224660002975725,7691.0
183.3,123.65744080353397,linear,0.0005761590000474826,3174.0
169.7,122.58210322565998,linear,0.0006160659977467731,4212.0
162.9,124.32896231994815,linear,0.0007419369940180331,0.0
137.39999999999998,123.61248329127046,linear,0.0006396210010279901,7263.0
159.49999999999997,119.12661179556093,linear,0.000662096994346939,5127.0
203.7,118.00176485296734,linear,0.0007985670017660595,6225.0
205.4,120.16943425218777,linear,0.000593636003031861,5127.0
140.79999999999995,123.68918065052519,linear,0.000601498999458272,4578.0
203.7,121.37507496293951,linear,0.0008511880005244166,7141.0
246.2,127.79224900126947,linear,0.0005697849992429838,4028.0
191.8,136.32356233023424,linear,0.0007157299987738952,4456.0
236.0,135.07565280154006,linear,0.0007671999992453493,4151.0
174.79999999999998,138.11924625050256,linear,0.0008816210029181093,8423.0
288.7,141.1819226259968,linear,0.0005799879945698194,3845.0
276.79999999999995,149.55510177254496,linear,0.0007128409997676499,5616.0
195.2,152.7279453048874,linear,0.0006818260008003563,5554.0
166.29999999999995,152.69552931780518,linear,0.0007991000020410866,6531.0
261.5,145.82005575902204,linear,0.0006224859971553087,3479.0
219.0,154.2808227221418,linear,0.0005268270033411682,5554.0
224.1,147.66098381832538,linear,0.00026917999639408663,0.0
281.9,142.63267445951638,linear,0.0005435450002551079,6653.0
273.4,151.177870180282,linear,0.0005733279976993799,7569.0
358.3999999999999,161.4190426978102,linear,0.0006386949971783906,4700.0
268.3,171.02353809512954,linear,0.0006092230032663792,4700.0
229.2,175.5908973696111,linear,0.0005464009955176152,4516.0
292.1,175.70024364838812,linear,0.0005504419968929142,6897.0
278.5,176.82930921233444,linear,0.0005492780037457123,5310.0
161.19999999999996,177.30761395495588,linear,0.0008084139990387484,0.0
283.59999999999997,158.0793054046019,linear,0.0005757770049967803,5066.0
195.2,159.7814354848348,linear,0.0006725100029143505,6104.0
210.5,156.39461058048923,linear,0.00029948700102977455,0.0
273.4,148.4726022093345,linear,0.0007491819997085258,7568.0
242.8,148.35893560762764,linear,0.0006954099953873083,6836.0
305.7,156.06264554308817,linear,0.0006399919948307797,0.0
210.5,158.4308853294287,linear,0.0006444559985538945,6409.0
210.5,159.6700797454748,linear,0.000614357995800674,5554.0
208.8,159.41365335701195,linear,0.0005307300016283989,3906.0
161.19999999999996,153.25456220037015,linear,0.0008341750071849674,7202.0
174.79999999999998,145.20523034855117,linear,0.00058003199956147,3174.0
188.4,132.7238532117203,linear,0.0006492410029750317,9339.0
222.4,130.6832965461571,linear,0.0006280640009208582,3846.0
229.2,131.9716916372898,linear,0.0005838079960085452,4089.0
312.5,134.06647936400333,linear,0.0004674239971791394,7324.0
244.49999999999997,148.8458557601098,linear,0.0005815969998366199,3662.0
200.3,155.4321197702343,linear,0.0006457749987021089,6042.0
191.8,156.24357564236908,linear,0.0004970090012648143,0.0
234.29999999999998,153.18816545994787,linear,0.0005789209972135723,0.0
227.49999999999997,153.7229808400209,linear,0.0005803130043204874,3540.0
246.2,145.71675990245808,linear,0.0005251929978840053,6348.0
337.99999999999994,145.9777261261989,linear,0.0007282059959834442,7446.0
178.2,159.53188065456672,linear,0.0008312669961014763,5432.0
251.29999999999998,157.80578500365144,linear,0.0007244789958349429,4272.0
181.6,159.3777081925827,linear,0.000695529997756239,3357.0
229.2,154.8645578807088,linear,0.0005117070031701587,4272.0
208.8,153.16968852648174,linear,0.0005030449974583462,11047.0
213.9,140.98925452177485,linear,0.0002106929969158955,0.0
261.5,144.30837782608435,linear,0.0006399150006473064,3846.0
144.19999999999996,145.5355977522541,linear,0.0006596610037377104,5737.0
203.7,141.58686873499187,linear,0.0006790050028939731,5066.0
198.6,139.14118729634205,linear,0.0005078119938843884,4150.0
198.6,138.26085595251553,linear,0.0005737789979320951,3784.0
195.2,136.73627221167007,linear,0.0005868469961569645,5737.0
176.5,130.498329577394,linear,0.0005805309992865659,4333.0
164.59999999999997,133.45620708267123,linear,0.0006941749961697496,5981.0
171.4,129.6384386807057,linear,0.0005826159977004863,5554.0
130.59999999999997,127.0343846327172,linear,0.000651938004011754,6042.0
113.6,120.397061185348,linear,0.0005768870032625273,5371.0
169.7,112.46198919746077,linear,0.0006718810036545619,7203.0
145.89999999999998,111.98725249921559,linear,0.0006254489999264479,4394.0
130.59999999999997,110.21839754996745,linear,0.0005310259948601015,5616.0
151.00000000000003,106.25262720902806,linear,0.0006716700008837506,0.0
133.99999999999997,108.2647579112549,linear,0.0005823840037919581,0.0
147.59999999999997,110.14060973970533,linear,0.0006046119960956275,0.0
144.19999999999996,108.06327641711628,linear,0.0004930279974360019,6042.0
133.99999999999997,107.93170962527306,linear,0.0006190310014062561,4944.0
118.69999999999999,108.19321070857757,linear,0.0006768919993191957,5615.0
125.49999999999997,105.04390300488711,linear,0.0007385380013147369,6653.0
123.79999999999998,104.20928186364375,linear,0.000577359001908917,3479.0
89.79999999999998,101.94180211994605,linear,0.0006403769948519766,6897.0
123.79999999999998,96.62056129322374,linear,0.0006522190014948137,4944.0
94.9,95.71165850309129,linear,0.0005655219938489608,5188.0
89.79999999999998,93.39218266694556,linear,0.0006080950042814948,5982.0
115.29999999999998,89.89989988323921,linear,0.0005688770033884794,0.0
62.599999999999994,89.20119859060162,linear,0.0006193640001583844,5188.0
59.19999999999999,86.42685562306603,linear,0.0003633149972301908,6470.0
64.29999999999998,80.15410101101097,linear,0.000553416000911966,0.0
94.9,77.240913313396,linear,0.0007500300052925013,9522.0
96.6,77.82097891069051,linear,0.0008289129982586019,7385.0
52.399999999999984,76.15271176849218,linear,0.0005858860022271983,5676.0
47.30000000000001,75.02702296650777,linear,0.0006486139973276295,3540.0
66.0,73.77568552116074,linear,0.0006382189967553131,5432.0
66.0,73.96250272990298,linear,0.0005582310041063465,0.0
67.69999999999999,71.23131134976788,linear,0.0004918000049656257,0.0
66.0,68.51622079446214,linear,0.0005840450030518696,3174.0
45.60000000000001,69.82102530437086,linear,0.0004675640011555515,0.0
43.9,69.56342462947045,linear,0.0005269660032354295,0.0
38.800000000000004,67.40057606233451,linear,0.0005692190025001764,6104.0
30.300000000000004,64.77322282780746,linear,0.000806452997494489,9583.0
37.1,61.153979296962284,linear,0.0006469099971582182,5737.0
72.79999999999998,58.41515048853414,linear,0.00064591000409564,0.0
33.70000000000001,61.16078634727223,linear,0.0007824429994798265,5249.0
47.30000000000001,60.12312425011071,linear,0.000550516000657808,4394.0
26.9,60.915259848900725,linear,0.0007261270002345555,6836.0
9.899999999999991,60.538002845748856,linear,0.0006755459980922751,9277.0
20.099999999999998,57.795777497550226,linear,0.0007435340012307279,5737.0
21.8,52.792651934947116,linear,0.000680536002619192,4028.0
15.000000000000004,51.66568544711886,linear,0.0006159059994388372,0.0
38.800000000000004,48.57377750443341,linear,0.000563335997867398,4212.0
-5.400000000000008,49.80112699176163,linear,0.000644844003545586,5005.0
-2.000000000000001,48.217424788938594,linear,0.0007713930026511662,7386.0
1.39999999999999,46.02302211292309,linear,0.0006171909990371205,2869.0
16.700000000000006,44.09580934007232,linear,0.0005772120057372376,5616.0
3.099999999999994,44.294688478224494,linear,0.0006662699961452745,2136.0
15.000000000000004,40.905263066857195,linear,0.0005350310020730831,0.0
-7.100000000000004,42.86957664260484,linear,0.0005820880032842979,6835.0
4.799999999999997,42.323645710244996,linear,0.0007457300016540103,0.0
11.599999999999996,42.63092677131714,linear,0.0006498270013253205,3724.0
-27.5,42.20466945384548,linear,0.0005581660007010214,0.0
-0.29999999999999727,39.13820623256238,linear,0.00046169700362952426,0.0
-32.6,37.71382857975673,linear,0.0006646640031249262,4700.0
-12.200000000000006,35.200653198268604,linear,0.0005324670055415481,0.0
-0.29999999999999727,33.573128110549824,linear,0.0005721049965359271,6287.0
3.099999999999994,32.55736846015644,linear,0.0006445029939641245,4212.0
-17.3,35.494710277867924,linear,0.0006931770039955154,5493.0
-12.200000000000006,33.835421472163056,linear,0.0005785989997093566,7019.0
-8.800000000000008,35.74444902037664,linear,0.0006158400065032765,5616.0
11.599999999999996,36.079878519213935,linear,0.0006289469965850003,7690.0
-0.29999999999999727,37.29451216399034,linear,0.0006427319967770018,4639.0
-20.700000000000003,36.98909699221647,linear,0.0005995579995214939,5921.0
-24.1,36.56236293534936,linear,0.0005560550052905455,4028.0
-34.300000000000004,35.36656928020233,linear,0.0006410889982362278,6592.0
-30.9,32.86114939166138,linear,0.0006356129961204715,3845.0
-24.1,28.795981678819516,linear,0.0007000510013313033,4700.0
-39.40000000000001,26.569326945015064,linear,0.0005767610055045225,3723.0
-10.500000000000004,24.74210628544582,linear,0.0006230279977899045,6592.0
-30.9,26.1260967643446,linear,0.0006944210035726428,6225.0
-46.2,26.434096334109505,linear,0.00057065599685302,7751.0
-49.6,24.867195615917282,linear,0.0005777240003226325,4639.0
-53.0,22.398962667844895,linear,0.0005866249994141981,4883.0
-42.8,21.048051669137006,linear,0.0005807319976156577,6226.0
-39.40000000000001,18.005932678918832,linear,0.0005605209953500889,5676.0
-30.9,17.240481047170164,linear,0.0005331760039553046,0.0
-30.9,18.7456877757851,linear,0.0005901309996261261,5677.0
-47.900000000000006,20.556657664873683,linear,0.00035112100158585235,4456.0
-37.7,20.974336803851987,linear,0.0005927859965595417,5188.0
-47.900000000000006,21.46098275335872,linear,0.000850030999572482,0.0
-54.7,20.62283018559195,linear,0.0006326279981294647,3845.0
-49.6,18.299672820248336,linear,0.000648743000056129,5005.0
-44.49999999999999,16.531304695810835,linear,0.0006518899972434156,2930.0
-61.5,16.87448446288822,linear,0.0006279189983615652,0.0
-46.2,14.55662238163127,linear,0.0006958989979466423,0.0
-32.6,14.746330240592744,linear,0.0006440679935622029,0.0
-44.49999999999999,16.93567614525766,linear,0.00048548600170761347,4821.0
-49.6,17.403937772093656,linear,0.00042237999878125265,0.0
-53.0,16.891401455288577,linear,0.0006481410018750466,0.0
-53.0,17.66710538322937,linear,0.0006234110041987151,5005.0
-51.3,16.995118684912676,linear,0.0007979130023159087,5676.0
-47.900000000000006,15.223092571444013,linear,0.0008187079947674647,0.0
-47.900000000000006,14.918276110356532,linear,0.0006465420010499656,0.0
-54.7,15.091389702149113,linear,0.00047529600124107674,0.0
-58.1,14.904620187281095,linear,0.0007427820019074716,4455.0
-56.4,14.38892011261577,linear,0.0005900570031371899,7080.0
-54.7,13.896288485127755,linear,0.0005258910023258068,4516.0
-44.49999999999999,13.254655421213279,linear,0.0006722719990648329,4089.0
-44.49999999999999,13.626654669133197,linear,0.0007819680031388998,6714.0
-49.6,14.627226386327859,linear,0.0006019989959895611,4516.0
-53.0,15.421258986183018,linear,0.0006442790036089718,3418.0
-49.6,15.722782230821114,linear,0.0005918890019529499,5676.0
-56.4,16.205663566662835,linear,0.000609041002462618,8117.0
-54.7,15.04915096851081,linear,0.0006162580029922538,5249.0
-53.0,14.070222415573424,linear,0.0006599170010304078,3479.0
-53.0,13.757647912871004,linear,0.000657511998724658,4212.0
-51.3,13.757527583943753,linear,0.0006182060024002567,15137.0
-51.3,13.607824093560374,linear,0.0006482250028057024,5066.0
-42.8,14.097757732147384,linear,0.0005843590042786673,0.0
-46.2,15.2653313050823,linear,0.0006474990004790016,6592.0
-46.2,15.921437046699927,linear,0.0006462740057031624,0.0
-53.0,16.563888505923785,linear,0.000527939002495259,4212.0
-47.900000000000006,16.377126764430628,linear,0.0006461579978349619,3723.0
-41.10000000000001,16.69818253771112,linear,0.0008452830006717704,7202.0
-29.200000000000003,16.89872073298167,linear,0.0006346129957819358,4699.0
-27.5,18.58199049389447,linear,0.0002818749999278225,0.0
-41.10000000000001,20.409310509159432,linear,0.0006936739955563098,8666.0
-41.10000000000001,21.49874336108745,linear,0.0007166009963839315,8667.0
-44.49999999999999,22.11543800006423,linear,0.000639398000203073,9826.0
-29.200000000000003,21.76557226088509,linear,0.00048135600081877783,9705.0
-24.1,21.810991453645688,linear,0.0007470269993063994,6653.0
-10.500000000000004,22.19934685954785,linear,0.0006235330001800321,5432.0
3.099999999999994,25.187292927179932,linear,0.0007834860007278621,6591.0
-7.100000000000004,29.497937400288027,linear,0.0006897240018588491,10131.0
-20.700000000000003,33.054096354428154,linear,0.000583201996050775,6409.0
-32.6,33.79412136187402,linear,0.0006809210026403889,4700.0
13.3,32.8969027896657,linear,0.0006517760048154742,7568.0
50.7,35.299612151980845,linear,0.0006800539995310828,7629.0
3.099999999999994,40.091692655834734,linear,0.0006699120058328845,7812.0
25.20000000000001,40.98936644838278,linear,0.0006476589987869374,2380.0
38.800000000000004,45.3787477431795,linear,0.0006910790034453385,6286.0
42.20000000000002,52.25952314493504,linear,0.0006848439952591434,5066.0
47.30000000000001,55.026922315032344,linear,0.000649149005766958,7874.0
42.20000000000002,54.775627575614784,linear,0.000725338002666831,0.0
89.79999999999998,58.48844501141892,linear,0.0005431430035969242,0.0
71.1,64.8170764691649,linear,0.0006414719973690808,5554.0
86.4,67.9355526611307,linear,0.0007812120020389557,0.0
74.5,72.17850396416156,linear,0.0006476029957411811,3723.0
69.4,74.77671648765741,linear,0.0006546239965246059,2930.0
94.9,77.28959298842483,linear,0.0007981629969435744,5066.0
113.6,77.87708606570907,linear,0.0006428220003726892,0.0
108.5,82.0474486013102,linear,0.0007280650024767965,15076.0
128.89999999999998,84.19521003153216,linear,0.0007455119994119741,5554.0
152.70000000000002,89.47065367478807,linear,0.0009173390062642284,9827.0
118.69999999999999,97.54449014788469,linear,0.0005715570005122572,4700.0
156.10000000000002,99.73147070905534,linear,0.0005978529952699319,6226.0
232.59999999999997,103.86958309535845,linear,0.0006125759973656386,5676.0
183.3,116.0751853065806,linear,0.0008562550065107644,5005.0
183.3,121.2383259074483,linear,0.0005991939979139715,10253.0
190.1,124.10432405636524,linear,0.00041620599949965253,0.0
133.99999999999997,130.9255722593515,linear,0.0006863899980089627,3235.0
271.7,128.54585638221693,linear,0.000588463997701183,0.0
183.3,132.71405097735044,linear,0.000602497995714657,6530.0
213.9,132.67841217091276,linear,0.0005345099998521619,5616.0
343.1,135.53152844257173,linear,0.0007176529979915358,5982.0
266.59999999999997,150.75595644938056,linear,0.0004919970015180297,0.0
276.79999999999995,163.2976645614759,linear,0.0006031490047462285,5066.0
297.19999999999993,163.7600664113521,linear,0.0005913560016779229,5920.0
241.1,174.72594045107357,linear,0.0008197459974326193,10437.0
273.4,177.03889888225453,linear,0.0006159370022942312,4578.0
232.59999999999997,170.4464769372463,linear,0.0006288279982982203,3113.0
202.0,167.1015049659236,linear,0.000658701996144373,6897.0
215.6,159.72885177465534,linear,0.0005939090042375028,5921.0
198.6,151.96114845763918,linear,0.0006501009993371554,6103.0
213.9,147.82587457356442,linear,0.0005739490006817505,0.0
239.39999999999998,142.19142822762365,linear,0.00032045799889601767,0.0
236.0,142.99498365944524,linear,0.0006317399966064841,7935.0
249.59999999999997,146.27526547609838,linear,0.0006368200047290884,2563.0
208.8,149.58931649849396,linear,0.0006600130000151694,5004.0
224.1,150.4332826095364,linear,0.0006209769999259152,2808.0
215.6,151.35549515823348,linear,0.0005281529956846498,5859.0
207.1,149.0810992901295,linear,0.000687671999912709,7873.0
210.5,146.25293989477805,linear,0.0006743209960404783,5249.0
154.39999999999998,142.54671919564788,linear,0.0006753459965693764,7263.0
219.0,137.13124508263354,linear,0.0006247629935387522,4883.0
174.79999999999998,136.7672274724411,linear,0.0006017179985065013,3784.0
154.39999999999998,132.84343985545388,linear,0.0005753469959017821,9278.0
213.9,127.63349186666431,linear,0.0005912130000069737,0.0
139.09999999999997,128.1864013931421,linear,0.0005786660040030256,4578.0
191.8,126.5098637966277,linear,0.0008878340013325214,5981.0
195.2,123.98740309052835,linear,0.0009304400009568781,11291.0
171.4,126.07957795018248,linear,0.0005377870038500987,6775.0
161.19999999999996,127.5681780653042,linear,0.0006266979980864562,8789.0
191.8,122.51643390355032,linear,0.0006075509954825975,4455.0
105.1,127.59492411845712,linear,0.0006668759961030446,0.0
118.69999999999999,119.04589323107294,linear,0.0004968950015609153,7813.0
164.59999999999997,111.62027757454177,linear,0.0005877870062249713,8789.0
140.79999999999995,111.16923226227105,linear,0.0005623059987556189,4273.0
147.59999999999997,109.19240046386963,linear,0.000855635000334587,6347.0
162.9,105.02678260426703,linear,0.0008054189966060221,5615.0
139.09999999999997,110.61426333681919,linear,0.0006334360004984774,10254.0
217.3,112.46644177382535,linear,0.0005858849981450476,6531.0
169.7,117.76504219001818,linear,0.000598039994656574,4394.0
142.49999999999997,120.5138799607447,linear,0.0006984060019021854,5981.0
127.2,119.81808059647071,linear,0.0006013059974065982,6165.0
186.7,116.31624268771262,linear,0.0005584480022662319,0.0
115.29999999999998,120.97175400581038,linear,0.0005013920017518103,3296.0
152.70000000000002,111.12282229681023,linear,0.0006077020007069223,19043.0
142.49999999999997,109.51210152678469,linear,0.0005281560006551445,3845.0
154.39999999999998,109.56711840912847,linear,0.0005261699989205226,6714.0
152.70000000000002,112.13103450361925,linear,0.0006255949992919341,2991.0
161.19999999999996,108.96780942759264,linear,0.0006861020010546781,6226.0
188.4,113.35014173754216,linear,0.0006951770046725869,5799.0
176.5,116.89181400534174,linear,0.0005138189953868277,6042.0
191.8,120.14727608530269,linear,0.0005676069995388389,3479.0
144.19999999999996,123.75990771800612,linear,0.0004936679979437031,0.0
144.19999999999996,122.7999660603112,linear,0.0006822489958722144,8362.0
186.7,121.04856037782453,linear,0.0003269730004831217,0.0
122.10000000000001,121.0482279341925,linear,0.0006689689980703406,6042.0
176.5,115.68120684530784,linear,0.0006456240007537417,5493.0
176.5,114.32810239781978,linear,0.0006439249991672114,5798.0
208.8,117.52983203556154,linear,0.0005401599992183037,6775.0
132.29999999999998,123.78462965706426,linear,0.0007228559989016503,14831.0
135.69999999999996,118.43808791669662,linear,0.00046176799514796585,7264.0
200.3,119.54214948981951,linear,0.0006082179970690049,0.0
178.2,122.05576415761166,linear,0.0006215120010892861,5554.0
217.3,122.23661793391115,linear,0.0007760220032650977,0.0
179.9,123.22344858623936,linear,0.000665030995151028,5555.0
220.7,127.723738259567,linear,0.0005274779978208244,4028.0
203.7,135.8637054342904,linear,0.0005766309986938722,0.0
179.9,136.23408803124016,linear,0.0005253630006336607,10132.0
219.0,136.2380813599847,linear,0.0006458940042648464,2685.0
173.1,136.52994945937343,linear,0.0006961199978832155,3540.0
203.7,135.75301211582476,linear,0.0005592550005530939,4517.0
208.8,134.1588954488414,linear,0.0006169140033307485,3234.0
140.79999999999995,134.75135616293585,linear,0.0007983299947227351,5981.0
234.29999999999998,130.7373943845496,linear,0.0005866130013600923,9339.0
186.7,132.44348556210056,linear,0.0006776369991712272,7752.0
193.5,133.7335072736579,linear,0.0010506460021133535,6530.0
181.6,132.68000977540976,linear,0.0005737390019930899,5432.0
161.19999999999996,130.1181071059566,linear,0.0006573159989784472,5554.0
213.9,131.87828172617003,linear,0.000707457002135925,4150.0
268.3,130.1196532669921,linear,0.000554102000023704,0.0
244.49999999999997,138.2229950385124,linear,0.0007406439981423318,8056.0
224.1,143.14331982364754,linear,0.000675322997267358,7080.0
217.3,147.1137238660598,linear,0.0007739310021861456,4883.0
270.0,152.36525108968186,linear,0.0006118050005170517,4089.0
258.1,157.8523309904281,linear,0.0006598500040126964,4638.0
198.6,156.96422853114143,linear,0.0006428479973692447,3234.0
178.2,152.35685498433676,linear,0.0004912229996989481,0.0
200.3,147.7779293643842,linear,0.0006516499997815117,0.0
185.0,146.1327305897853,linear,0.000679165001201909,8911.0
315.9,137.997335129655,linear,0.0006988669993006624,4578.0
237.69999999999996,144.02436313960234,linear,0.0005400189984356984,0.0
322.7,147.77575003701654,linear,0.0006790570041630417,0.0
382.2,161.7305620392108,linear,0.0006330889955279417,3174.0
210.5,179.54271596988622,linear,0.0002594109973870218,0.0
266.59999999999997,181.36147256308743,linear,0.0006438109994633123,5920.0
288.7,176.57594159473743,linear,0.0006503590047941543,5433.0
310.80000000000007,181.56135202811222,linear,0.0006905759946675971,16357.0
195.2,180.48253821209232,linear,0.0005258770033833571,4150.0
178.2,162.3932145293783,linear,0.0006087689980631694,6958.0
188.4,158.95046279455858,linear,0.0007328039937419817,3662.0
319.3,151.44247113029664,linear,0.0006538669986184686,7080.0
249.59999999999997,154.83180066958326,linear,0.0005825379994348623,0.0
275.1,149.10902391221703,linear,0.0005387220007833093,5127.0
208.8,156.72649098955168,linear,0.0006611960052396171,4211.0
258.1,159.4628448903789,linear,0.0003684190014610067,5371.0
290.3999999999999,166.04113863359407,linear,0.0005801489969599061,0.0
224.1,163.55957139282023,linear,0.0006924089975655079,9033.0
259.8,160.9223933894594,linear,0.0005613670000457205,0.0
154.39999999999998,159.51929489889315,linear,0.0006485300036729313,3968.0
266.59999999999997,153.95938360775895,linear,0.0006153719950816594,3601.0
266.59999999999997,154.92415450440345,linear,0.0006253460014704615,3052.0
278.5,152.93960267604706,linear,0.0005288799948175438,5493.0
176.5,158.15281028419219,linear,0.000532911995833274,0.0
337.99999999999994,149.95071701438263,linear,0.0006103400010033511,5371.0
195.2,167.77792880295922,linear,0.0002451899999869056,12390.0
222.4,160.76206019237807,linear,0.0006491969979833812,5432.0
264.9,156.32713825640397,linear,0.0007439049950335175,4333.0
275.1,155.33570854020243,linear,0.0003288329971837811,0.0
295.5,164.72951393317362,linear,0.00019641599647002295,21302.0
329.5,160.90114570949402,linear,0.0006309300006250851,7019.0
196.9,173.8920749294019,linear,0.0005642850010190159,4822.0
242.8,171.00665960075185,linear,0.0005278919998090714,0.0
246.2,168.77603751946336,linear,0.0006737980002071708,8179.0
118.69999999999999,166.09216423310633,linear,0.0006482009994215332,9155.0
280.2,148.686289782879,linear,0.0008619999935035594,4944.0
174.79999999999998,144.41805531284984,linear,0.0006547380035044625,7934.0
207.1,142.20668704576767,linear,0.0008586190015194006,4699.0
200.3,138.68745950437358,linear,0.0007583980041090399,8301.0
110.19999999999999,134.46618840793698,linear,0.00046742099948460236,0.0
161.19999999999996,133.15297542459882,linear,0.0007140939997043461,11352.0
203.7,121.86825850000054,linear,0.0002565260001574643,0.0
191.8,124.85415504410871,linear,0.00035379500332055613,28747.0
205.4,123.43957993049386,linear,0.0002861739994841628,20569.0
200.3,124.04548840432085,linear,0.00027483200392453,0.0
174.79999999999998,132.62824674926662,linear,0.00026399799389764667,0.0
174.79999999999998,133.7859579811216,linear,0.0008985219974420033,7385.0
193.5,130.98018489859706,linear,0.0005615409972961061,8972.0
144.19999999999996,131.19486547473912,linear,0.0006942140025785193,13916.0
159.49999999999997,125.20421989991068,linear,0.0005618479990516789,0.0
190.1,121.27944811903514,linear,0.00020456899801502004,0.0
137.39999999999998,122.8830847666551,linear,0.0006309249947662465,4517.0
127.2,119.15826416864276,linear,0.0005674220010405406,14527.0
127.2,112.71991802407437,linear,0.0006170799970277585,5188.0
147.59999999999997,111.05600027671741,linear,0.0005635630004690029,8605.0
135.69999999999996,109.95691549823269,linear,0.0009104540004045703,17517.0
142.49999999999997,104.802168791879,linear,0.0007276950054802,10681.0
96.6,105.30114453546221,linear,0.0007752820019959472,4150.0
100.0,102.22306019292209,linear,0.0004842409980483353,8362.0
66.0,99.51756338605831,linear,0.0006209229977685027,8362.0
76.19999999999999,91.60418510763239,linear,0.0006747769948560745,5127.0
71.1,85.86821211125037,linear,0.00020957199740223587,0.0
81.29999999999998,79.08235453452627,linear,0.0005582140001934022,9460.0
91.5,77.63972191675168,linear,0.000613322998106014,8118.0
110.19999999999999,76.91769044496347,linear,0.0005423889961093664,10803.0
59.19999999999999,81.22538839705385,linear,0.0005673920022672974,6409.0
66.0,79.46055127078824,linear,0.0005341449941624887,0.0
69.4,78.88330812453559,linear,0.00046596199535997584,0.0
72.79999999999998,77.75908810831395,linear,0.0006777660018997267,6409.0
88.1,75.96810447148268,linear,0.0006444460013881326,0.0
72.79999999999998,73.96597052883841,linear,0.0005773189986939542,4761.0
69.4,75.23770244221238,linear,0.0009032079979078844,0.0
60.900000000000006,75.51697359075149,linear,0.0006111789989518002,6104.0
66.0,74.66282206598412,linear,0.00025864400231512263,0.0
91.5,73.99683608796173,linear,0.0006818340043537319,6042.0
52.399999999999984,74.43850255968536,linear,0.0005789939968963154,4212.0
86.4,72.40203373913738,linear,0.0006435839968617074,4517.0
106.79999999999998,74.0800025694397,linear,0.0007068720005918294,0.0
88.1,78.60957745301867,linear,0.00045288300316315144,6409.0
86.4,80.67390433532145,linear,0.0006491079984698445,20020.0
88.1,80.18266039887983,linear,0.0007276340038515627,21301.0
13.3,83.5679803311816,linear,0.000639019999653101,6531.0
42.20000000000002,76.28739705034184,linear,0.0005328980041667819,7386.0
23.500000000000007,70.07374445827283,linear,0.0005794409953523427,6286.0
28.599999999999984,63.882614109509845,linear,0.000666042004013434,8423.0
28.599999999999984,58.3273712426019,linear,0.0006753569978172891,3784.0
20.099999999999998,52.71860513214879,linear,0.000563185996725224,0.0
9.899999999999991,53.30963967528646,linear,0.0005955839951639064,6531.0
4.799999999999997,50.18350714429453,linear,0.0006498189977719449,6043.0
9.899999999999991,48.34936402585113,linear,0.0006125820000306703,6226.0
37.1,46.56675756536447,linear,0.0006760460018995218,0.0
6.500000000000001,47.4956480267118,linear,0.0005969920021016151,5615.0
52.399999999999984,46.150704263154054,linear,0.0005178659994271584,2930.0
13.3,50.32564007274361,linear,0.0005881029937881976,0.0
3.099999999999994,51.08828615648714,linear,0.0004904660017928109,7141.0
-8.800000000000008,50.294472637612905,linear,0.0005830490044900216,3418.0
-12.200000000000006,45.86922858933655,linear,0.0006723080005031079,5981.0
-2.000000000000001,43.995316781988684,linear,0.0005956750028417446,0.0
-12.200000000000006,38.85671197547598,linear,0.0005250750036793761,5860.0
-19.000000000000007,36.410335358308664,linear,0.0005845830019097775,4578.0
-22.399999999999995,34.2622952930766,linear,0.0006858490014565177,5310.0
-22.399999999999995,32.93809014262767,linear,0.0005104759984533302,9827.0
-7.100000000000004,31.94411068836289,linear,0.000634668002021499,4822.0
-8.800000000000008,31.520424898171846,linear,0.000639677993603982,5371.0
18.399999999999995,31.877713157427245,linear,0.0005822599996463396,4089.0
-5.400000000000008,35.55459874781358,linear,0.0004643200009013526,0.0
-2.000000000000001,37.15279826168188,linear,0.0005020869939471595,5737.0
-30.9,39.05426955926063,linear,0.0006821220013080165,4639.0
-5.400000000000008,36.682198195501606,linear,0.0006531500039272942,3113.0
-25.800000000000004,37.01149417795632,linear,0.0006232830055523664,4333.0
-30.9,32.7835803746215,linear,0.0005873370027984492,4883.0
-24.1,30.27964439709821,linear,0.0004848609969485551,4090.0
-34.300000000000004,28.207530625686758,linear,0.0005390320002334192,0.0
-27.5,27.833178342728445,linear,0.000553579993720632,0.0
-20.700000000000003,25.741973702677814,linear,0.0006811470011598431,3296.0
-27.5,26.273217067385097,linear,0.0006389929985743947,3968.0
-37.7,26.581317129090692,linear,0.0006943510015844367,4272.0
-37.7,25.24014923571092,linear,0.0005608630017377436,3235.0
-46.2,24.887102734747415,linear,0.0005174230027478188,5127.0
-47.900000000000006,23.059664535673626,linear,0.0006412889997591265,5188.0
-41.10000000000001,20.439468184294686,linear,0.0005561900034081191,6164.0
-44.49999999999999,19.16856079892325,linear,0.0004882020002696663,0.0
-32.6,18.51915813421886,linear,0.0004988230066373944,5005.0
-36.0,19.0514449044529,linear,0.0006167780011310242,6470.0
-39.40000000000001,20.041667417540157,linear,0.0005898979943594895,4943.0
-51.3,20.829580709742828,linear,0.000648981993435882,0.0
-47.900000000000006,19.80771157098491,linear,0.0006086300054448657,0.0
-37.7,19.45795624223971,linear,0.0006094060008763336,6287.0
-39.40000000000001,19.016040934055336,linear,0.0005473440032801591,0.0
-54.7,18.70851113909181,linear,0.0006120339967310429,8117.0
-32.6,17.198574351932496,linear,0.0005774669989477843,5676.0
-32.6,19.032738342720062,linear,0.0006510010061901994,6530.0
-36.0,20.531377787478785,linear,0.0004905280002276413,7629.0
-58.1,20.683878218909534,linear,0.0005226180001045577,4150.0
-41.10000000000001,18.824543505761362,linear,0.000530008997884579,0.0
-56.4,20.11935860596364,linear,0.0005058130045654252,9460.0
-61.5,17.820819690768776,linear,0.000602766995143611,0.0
-59.8,15.008663524387345,linear,0.000677648997225333,3967.0
-61.5,12.748719140712943,linear,0.000690303000737913,3418.0
-44.49999999999999,12.402961126605094,linear,0.0005326310056261718,8118.0
-47.900000000000006,12.149916050410333,linear,0.0006685919943265617,7142.0
-47.900000000000006,12.991139070414848,linear,0.0006615739985136315,5310.0
-47.900000000000006,14.284630186736534,linear,0.0007554300027550198,6226.0
-46.2,15.425735471410906,linear,0.0006706869971822016,16174.0
-44.49999999999999,16.878947445597447,linear,0.0006459899959736504,7142.0
-54.7,16.89188985642837,linear,0.0006462870005634613,0.0
-53.0,16.208245214211377,linear,0.0005865030034328811,3662.0
-51.3,15.70548744948963,linear,0.0006614369995077141,7995.0
-46.2,15.387621852050033,linear,0.0008208299987018108,8972.0
-56.4,15.40726898047586,linear,0.0005890880056540482,0.0
-53.0,14.252750474811565,linear,0.000577090002479963,0.0
-51.3,14.405274024592229,linear,0.0005730400007450953,4456.0
-59.8,14.579107059547832,linear,0.0006449099964811467,4090.0
-54.7,13.733403970290036,linear,0.0008272880004369654,5005.0
-49.6,12.931124725905441,linear,0.0006135820003692061,5859.0
-41.10000000000001,13.606891098467575,linear,0.0008075000005192123,6165.0
-53.0,14.78469559081373,linear,0.0005867599975317717,6592.0
-41.10000000000001,14.605804648262586,linear,0.0004590740063576959,6592.0
-46.2,16.40901026215568,linear,0.0006410200003301725,0.0
-46.2,17.22341935209297,linear,0.0006611880016862415,0.0
-36.0,17.529870660455483,linear,0.0006481309974333271,0.0
-37.7,18.066523404596108,linear,0.0005836769996676594,4456.0
-34.300000000000004,19.53349833004133,linear,0.000584691995754838,7385.0
-44.49999999999999,20.19842106555043,linear,0.0005795699980808422,3540.0
-30.9,20.332003629324298,linear,0.0005799759965157136,4150.0
-41.10000000000001,21.813807828130223,linear,0.00043639299838105217,0.0
-34.300000000000004,21.318585340811804,linear,0.00035239299904787913,0.0
-10.500000000000004,21.64409816588302,linear,0.0005345149984350428,3418.0
-12.200000000000006,24.031030501826283,linear,0.0003534619972924702,3418.0
-20.700000000000003,27.151148910892616,linear,0.0007483529989258386,13672.0
-17.3,28.104870019713438,linear,0.0002441809992888011,0.0
-13.900000000000002,30.371428428380625,linear,0.0004995190029148944,6103.0
3.099999999999994,32.318701199662634,linear,0.0007133129984140396,7386.0
30.300000000000004,33.68939247029823,linear,0.0005276130032143556,6592.0
3.099999999999994,37.8974012982393,linear,0.0006484179975814186,5371.0
40.49999999999999,40.1310971791635,linear,0.0006788219980080612,2563.0
18.399999999999995,45.73888820895665,linear,0.0006899929940118454,4090.0
59.19999999999999,48.81079845936457,linear,0.0006364600048982538,0.0
45.60000000000001,54.25334202078836,linear,0.0004221599956508726,8240.0
60.900000000000006,55.78034015561128,linear,0.0006763820056221448,3906.0
66.0,61.30209790339263,linear,0.0005810959992231801,7324.0
72.79999999999998,63.8152004033015,linear,0.0006268889992497861,6775.0
62.599999999999994,69.01545614316767,linear,0.0005715799998142757,3051.0
38.800000000000004,69.33273643155218,linear,0.0005241929975454696,3540.0
76.19999999999999,68.56131323134701,linear,0.000694153000949882,0.0
74.5,70.1051466386069,linear,0.0007048469997243956,6470.0
117.0,70.98098001099858,linear,0.0007795199999236502,9156.0
120.39999999999998,75.36995707760043,linear,0.0006409820052795112,5310.0
96.6,81.02588030488407,linear,0.0005414600018411875,5066.0
156.10000000000002,86.4437332424733,linear,0.0006599759944947436,3113.0
174.79999999999998,94.25759080483337,linear,0.0006162559948279522,4150.0
185.0,104.0018865343815,linear,0.00024350499734282494,0.0
213.9,110.5823148173507,linear,0.0005436740029836074,4333.0
159.49999999999997,119.68141581614543,linear,0.0005806770059280097,5371.0
159.49999999999997,125.50780703734505,linear,0.0005695270010619424,0.0
162.9,125.7047124904674,linear,0.0006309699965640903,0.0
212.2,124.5668499528016,linear,0.0006433620001189411,5127.0
212.2,127.32188957166062,linear,0.000565121001272928,4028.0
219.0,127.31453960233542,linear,0.0006431229994632304,4211.0
256.4,133.03516855098783,linear,0.0006643580054515041,8301.0
203.7,142.45475661438266,linear,0.0007080930008669384,4944.0
268.3,146.19889005156168,linear,0.000546888004464563,3418.0
283.59999999999997,151.69227617386747,linear,0.0006437529955292121,0.0
108.5,158.70494313524674,linear,0.0005800619983347133,7080.0
117.0,147.499106936477,linear,0.0006032429955666885,6347.0
123.79999999999998,133.8859011877218,linear,0.0007862280035624281,5005.0
178.2,126.21026273996088,linear,0.0005811489972984418,2747.0
254.69999999999996,117.77363656184423,linear,0.0005886769940843806,4700.0
312.5,115.56767153022011,linear,0.0005309440020937473,3723.0
285.3,135.44781560032794,linear,0.00046707200090168044,0.0
278.5,151.57412150679662,linear,0.0005505260050995275,4089.0
348.19999999999993,166.25035996831858,linear,0.0005762440050602891,4700.0
157.8,182.6795879461744,linear,0.000698272000590805,3174.0
179.9,172.80991606419306,linear,0.0007891989953350276,5371.0
237.69999999999996,159.8385247462892,linear,0.000494037005410064,6409.0
268.3,155.53683550590614,linear,0.0006165730010252446,3662.0
190.1,154.71188068596416,linear,0.0005838540018885396,4089.0
196.9,139.55796703980226,linear,0.0007710009958827868,2624.0
110.19999999999999,143.14559063076672,linear,0.0006352860000333749,4761.0
147.59999999999997,136.12001868134925,linear,0.0002692240013857372,0.0
139.09999999999997,127.41986317867742,linear,0.00024087700148811564,11109.0
205.4,115.17626504068788,linear,0.0006284420014708303,5432.0
152.70000000000002,116.850997418899,linear,0.000787074000982102,0.0
191.8,112.65622791268167,linear,0.0005909249957767315,6225.0
161.19999999999996,120.46217396845103,linear,0.0003157869941787794,0.0
179.9,121.74360999426742,linear,0.0005926289959461428,4211.0
152.70000000000002,125.58562697814627,linear,0.0005765989990322851,6653.0
176.5,120.5362586027661,linear,0.0005879119999008253,7081.0
145.89999999999998,122.80374104077045,linear,0.0005252170012681745,3357.0
162.9,118.38070639674802,linear,0.000648016000923235,5249.0
118.69999999999999,118.52262597672406,linear,0.000602443004027009,6775.0
149.29999999999998,112.56955116310115,linear,0.0006497779977507889,3357.0
111.9,112.23861025785496,linear,0.0005262129998300225,2625.0
156.10000000000002,106.01485239267961,linear,0.0006205880054039881,4151.0
127.2,107.0547076411339,linear,0.0004916699981549755,0.0
145.89999999999998,103.66931871394029,linear,0.0005000079981982708,3296.0
108.5,106.24970759216038,linear,0.0006141650010249577,6226.0
166.29999999999995,102.28778380625164,linear,0.0006942730033188127,3784.0
162.9,107.5792402564404,linear,0.0005933599968557246,4700.0
166.29999999999995,108.36433010531307,linear,0.0005918249953538179,3967.0
198.6,112.09356143747831,linear,0.0006257639979594387,7935.0
147.59999999999997,117.29886664154016,linear,0.0005255470023257658,8301.0
142.49999999999997,120.86718266799441,linear,0.0006523999982164241,4150.0
108.5,118.47165239919121,linear,0.0007131110032787547,4211.0
120.39999999999998,113.12953449162383,linear,0.0006534130006912164,0.0
140.79999999999995,108.67519587365177,linear,0.000787384997238405,5310.0
89.79999999999998,103.29015594574234,linear,0.0005955110027571209,5615.0
161.19999999999996,97.6224322352674,linear,0.0006521889954456128,4089.0
152.70000000000002,99.59778099794343,linear,0.0006149570035631768,5066.0
156.10000000000002,103.93058845087751,linear,0.0006259869987843558,6409.0
147.59999999999997,107.32227974947796,linear,0.0006258499997784384,7019.0
100.0,108.0031077524168,linear,0.0007728760028840043,9155.0
166.29999999999995,108.72046718325954,linear,0.000766533994465135,5738.0
162.9,109.35609606854382,linear,0.0006777859962312505,5127.0
142.49999999999997,110.45024539219557,linear,0.0008348400006070733,5310.0
162.9,109.07806276495351,linear,0.0005061039992142469,6409.0
123.79999999999998,110.62341819914246,linear,0.00047781699686311185,8545.0
171.4,112.7361999063219,linear,0.0006382310020853765,4639.0
198.6,113.31754975050502,linear,0.0006052600001567043,5371.0
156.10000000000002,116.948321581472,linear,0.0005486580048454925,5859.0
181.6,118.133751092768,linear,0.0007128080032998696,5432.0
185.0,119.96942290175451,linear,0.0005861190002178773,4211.0
162.9,125.84267169592208,linear,0.0005298649994074367,5981.0
151.00000000000003,124.9294034562692,linear,0.0002472950000083074,0.0
219.0,120.32982222337303,linear,0.0006601210043299943,0.0
161.19999999999996,126.54173092055485,linear,0.0006705510022584349,7995.0
130.59999999999997,124.51750257603557,linear,0.0005795700053567998,4516.0
120.39999999999998,119.10796552087476,linear,0.0006483559991465881,5615.0
161.19999999999996,114.95391420118422,linear,0.0006525000062538311,7386.0
195.2,115.98347358592915,linear,0.0005107269971631467,3357.0
183.3,113.96671709953468,linear,0.000481530005345121,0.0
161.19999999999996,116.14057710512299,linear,0.0005096680033602752,3235.0
169.7,118.97895849368045,linear,0.000746075005736202,5737.0
185.0,123.64237348533918,linear,0.0008932929995353334,5737.0
217.3,125.95683708179996,linear,0.0005885499995201826,6775.0
173.1,128.22981280738898,linear,0.0005503560023498721,0.0
230.9,127.18496526398029,linear,0.0006606540046050213,5921.0
203.7,133.96468572034698,linear,0.0006871349978609942,7203.0
213.9,137.2240795023042,linear,0.0006578649990842678,4029.0
171.4,139.93885767954524,linear,0.0006181470016599633,4333.0
202.0,135.46064442145396,linear,0.000586399000894744,6531.0
210.5,138.19030754107948,linear,0.0005310240012477152,5432.0
244.49999999999997,136.35686084665448,linear,0.0005786239998997189,3845.0
246.2,140.38960658031377,linear,0.0005677950030076317,3967.0
266.59999999999997,143.6004390962677,linear,0.0008618310021120124,4456.0
242.8,152.75874303048795,linear,0.0007196290025603957,6470.0
261.5,156.61314008885373,linear,0.0005338109986041673,0.0
300.6,161.4789338007256,linear,0.000531072000740096,6653.0
253.0,167.02389985725398,linear,0.0006233359963516705,3296.0
149.29999999999998,167.56419178226213,linear,0.0005785200046375394,4456.0
234.29999999999998,155.89668035133835,linear,0.0006451149965869263,4822.0
298.9,155.15544145087657,linear,0.0005743280053138733,5127.0
195.2,159.09434799979095,linear,0.0006827289980719797,0.0
276.79999999999995,148.8159961502511,linear,0.0005863449987373315,4028.0
241.1,151.28219142655948,linear,0.0005955990054644644,6226.0
259.8,160.02096647940232,linear,0.0006442319936468266,2259.0
213.9,162.38960397631084,linear,0.0006431639994843863,4639.0
203.7,154.23469768658214,linear,0.0006336180013022386,7934.0
247.9,154.83565014230015,linear,0.0004942580053466372,0.0
234.29999999999998,152.2413593823579,linear,0.0005765879977843724,4028.0
281.9,151.61160182011562,linear,0.0006076740028220229,6470.0
271.7,153.91584676772618,linear,0.0006765729995095171,5127.0
266.59999999999997,159.51989188459592,linear,0.00055354099458782,7202.0
168.0,165.4576822640182,linear,0.0006881260051159188,5554.0
239.39999999999998,157.46370129757048,linear,0.0005660960014211014,3540.0
239.39999999999998,157.95673590305475,linear,0.0005318589974194765,4150.0
200.3,154.0416672788683,linear,0.0005737549945479259,4516.0
266.59999999999997,147.07284332760705,linear,0.0006149539985926822,4395.0
253.0,147.3307781478097,linear,0.0008422410028288141,6531.0
198.6,155.4798561873056,linear,0.00057842000387609,6165.0
278.5,151.35416505992706,linear,0.0005532400027732365,5127.0
259.8,155.31117669419373,linear,0.0005697169981431216,3173.0
122.10000000000001,161.03342240611434,linear,0.0005260749967419542,0.0
276.79999999999995,146.68905768775318,linear,0.000584301000344567,0.0
227.49999999999997,149.29396663761764,linear,0.0006334379941108637,5371.0
185.0,152.1145611489188,linear,0.0004142600009799935,0.0
230.9,142.93291335806057,linear,0.0006133149945526384,3662.0
276.79999999999995,140.38570649585478,linear,0.0008042800036491826,3968.0
219.0,155.29064932401644,linear,0.0005811080045532435,0.0
298.9,149.69594733144734,linear,0.0006186960017657839,2991.0
210.5,156.74208225786253,linear,0.0005837490025442094,4822.0
222.4,158.9842312446404,linear,0.0006259560032049194,0.0
161.19999999999996,157.98727579995474,linear,0.0005771989963250235,3052.0
225.8,146.7873989401197,linear,0.0005943590003880672,6470.0
207.1,147.46069353326206,linear,0.0005282109996187501,3968.0
207.1,138.82700846939275,linear,0.000639824997051619,5310.0
174.79999999999998,138.45152735640409,linear,0.0006407569962902926,5127.0
236.0,133.84372729111456,linear,0.0008373960008611903,4700.0
169.7,141.08940976229698,linear,0.0005609290019492619,4150.0
202.0,135.6264899308331,linear,0.000578624996705912,2014.0
154.39999999999998,135.11909606326506,linear,0.0007171269971877337,8789.0
120.39999999999998,130.00387153448816,linear,0.0007828540037735365,3296.0
205.4,124.51635856277741,linear,0.0007245979941217229,6592.0
147.59999999999997,121.88733457117092,linear,0.0005247980006970465,3296.0
140.79999999999995,119.70448027225527,linear,0.000553726997168269,7202.0
154.39999999999998,113.75436081350661,linear,0.0005280400000629015,7812.0
149.29999999999998,113.82408692467854,linear,0.0006449180000345223,4089.0
178.2,116.51209519908122,linear,0.000648127002932597,3662.0
174.79999999999998,114.05967110053363,linear,0.00026207700284430757,0.0
133.99999999999997,116.71692999325916,linear,0.00031736600067233667,19653.0
147.59999999999997,115.90088471970924,linear,0.0003115290019195527,0.0
149.29999999999998,115.22126233466848,linear,0.00024377299996558577,0.0
174.79999999999998,115.22459771762297,linear,0.0007095019973348826,7141.0
183.3,114.9960113913386,linear,0.00044366200017975643,0.0
130.59999999999997,115.93335915306379,linear,0.0006689250003546476,12085.0
130.59999999999997,115.42471791906834,linear,0.000518841996381525,6409.0
120.39999999999998,113.68956011098096,linear,0.0004949280046275817,0.0
100.0,110.86018068170358,linear,0.0005974579980829731,6226.0
93.19999999999999,103.59733313430513,linear,0.0005137449988978915,6409.0
76.19999999999999,94.96071289023301,linear,0.0006917990031070076,6653.0
101.69999999999999,89.67868659987847,linear,0.0005944150034338236,5920.0
74.5,86.97822079477821,linear,0.0006171319982968271,8362.0
91.5,82.55999777224037,linear,0.0006819420013925992,0.0
93.19999999999999,81.75863945933689,linear,0.0006718590011587366,6836.0
71.1,81.81643733242893,linear,0.0005816440025228076,3601.0
54.099999999999994,81.22705688817817,linear,0.0006058729995856993,3174.0
69.4,76.593590190807,linear,0.0005502489948412403,6774.0
74.5,76.10756985613666,linear,0.0005764870002167299,4151.0
72.79999999999998,74.52690774306544,linear,0.00061129400273785,3845.0
40.49999999999999,72.60092103594643,linear,0.0005785329994978383,6653.0
31.999999999999993,69.57141575733972,linear,0.0002495520020602271,0.0
66.0,67.34479774697321,linear,0.000583770997764077,4028.0
64.29999999999998,67.116973415639,linear,0.0005868279986316338,5799.0
54.099999999999994,66.2044052849173,linear,0.0005319010015227832,4578.0
66.0,64.40809899328107,linear,0.0005950880004093051,4883.0
60.900000000000006,66.87989719355141,linear,0.0006470429943874478,0.0
57.5,69.61744756685478,linear,0.0006282829999690875,5188.0
23.500000000000007,68.78315079152453,linear,0.0005284260041662492,3723.0
45.60000000000001,64.76061071380816,linear,0.0006757890005246736,4760.0
47.30000000000001,63.94422656127093,linear,0.0007171269971877337,6225.0
57.5,62.20952627918391,linear,0.0005723409994971007,2563.0
37.1,61.926922845546386,linear,0.000580908999836538,3662.0
30.300000000000004,59.95753241493539,linear,0.0005647019934258424,5249.0
28.599999999999984,60.5206827000617,linear,0.0006427980042644776,3784.0
4.799999999999997,58.87167036252385,linear,0.0005768900009570643,0.0
-0.29999999999999727,54.70460648812126,linear,0.0006862570007797331,4822.0
-7.100000000000004,49.12610378771852,linear,0.0004654629956348799,4150.0
-8.800000000000008,44.86713194913149,linear,0.0002750269995885901,6103.0
11.599999999999996,41.105721644213226,linear,0.0008714799987501465,5738.0
-7.100000000000004,39.57141414850847,linear,0.0005784090026281774,6531.0
13.3,38.41230486049489,linear,0.0005645479977829382,2808.0
13.3,39.75592249505364,linear,0.0006438209966290742,0.0
1.39999999999999,41.75179621148668,linear,0.000626254994131159,2746.0
1.39999999999999,42.66516127811688,linear,0.0006574250000994653,0.0
-7.100000000000004,41.684120935052285,linear,0.0006214570021256804,5798.0
-13.900000000000002,41.63295050685173,linear,0.0006380809936672449,5127.0
-15.599999999999998,38.98769171669511,linear,0.0006791199994040653,4273.0
-15.599999999999998,36.21344932203815,linear,0.0005102459981571883,8545.0
-13.900000000000002,34.58242205883907,linear,0.0007359669980360195,6897.0
-20.700000000000003,33.13238870131848,linear,0.0006801679992349818,4883.0
-13.900000000000002,31.816758246224865,linear,0.0006921669992152601,5188.0
-22.399999999999995,31.828878173284277,linear,0.000684473998262547,7690.0
-22.399999999999995,31.161478875066173,linear,0.0005400900045060553,0.0
-15.599999999999998,30.49159872390222,linear,0.0005700309993699193,7629.0
-3.7000000000000046,30.359909357126018,linear,0.0005986850010231137,4150.0
-10.500000000000004,32.03612497283716,linear,0.0006370219998643734,0.0
-25.800000000000004,32.37034478491526,linear,0.0006639000057475641,3235.0
-24.1,31.97715269583489,linear,0.0005941589988651685,7995.0
-36.0,31.78263455340845,linear,0.0005726780000259168,9949.0
-3.7000000000000046,29.77855481915673,linear,0.00046706199645996094,3723.0
-25.800000000000004,29.875747239266424,linear,0.000579268998990301,3357.0
-30.9,28.413594459123146,linear,0.0007508659982704557,2930.0
-13.900000000000002,27.86115222144958,linear,0.0006802620046073571,4212.0
-13.900000000000002,28.89987990801751,linear,0.0006693899995298125,6592.0
-32.6,31.016377340925043,linear,0.0006612249999307096,6043.0
-46.2,28.2063339552769,linear,0.0005691619953722693,0.0
-49.6,26.172946623437486,linear,0.0005659710004692897,4639.0
-41.10000000000001,24.325637825514818,linear,0.0005554900053539313,2807.0
-42.8,21.744636778841183,linear,0.0006104700005380437,3235.0
-44.49999999999999,19.008152947681893,linear,0.0005279059987515211,5249.0
-41.10000000000001,17.8735143540357,linear,0.0005827400018461049,5676.0
-51.3,18.37392335568849,linear,0.0006228479978744872,4577.0
-42.8,18.17315626351314,linear,0.0007479210034944117,4395.0
-44.49999999999999,18.02168952089057,linear,0.0006526189972646534,6470.0
-34.300000000000004,17.871761020289796,linear,0.0006595730010303669,6897.0
-49.6,18.87738870173628,linear,0.0006477520000771619,5066.0
-41.10000000000001,18.040631112221433,linear,0.0008370420036953874,8606.0
-47.900000000000006,19.00766823145485,linear,0.0005583249949268065,6287.0
-29.200000000000003,18.514218410432157,linear,0.0006508950027637184,0.0
-27.5,20.020842446817575,linear,0.0006418480043066666,0.0
-46.2,20.731312981826107,linear,0.0007096850022207946,4456.0
-53.0,20.985393891947453,linear,0.0006509090017061681,8789.0
-51.3,19.791584612569547,linear,0.00047207500028889626,3235.0
-59.8,19.439020783602054,linear,0.0006502289979835041,4944.0
-49.6,16.48094887711958,linear,0.0006173660003696568,5432.0
-56.4,14.40339831768803,linear,0.0005301300043356605,6409.0
-59.8,13.43036027638564,linear,0.0006819620030000806,2868.0
-53.0,12.751886198203918,linear,0.000609607006481383,0.0
-53.0,12.61513667782642,linear,0.0005736489983974025,4516.0
-49.6,13.269246383612598,linear,0.000682060002873186,5432.0
-58.1,13.288300227833782,linear,0.0008809920036583208,7202.0
-49.6,13.105886970153763,linear,0.0005285950028337538,6165.0
-49.6,14.088343264701809,linear,0.0004900740023003891,4761.0
-54.7,14.430935678493055,linear,0.0006439139979192987,5249.0
-53.0,14.246631167159077,linear,0.0003540879988577217,0.0
-51.3,13.925697464374851,linear,0.0005025720020057634,3784.0
-46.2,14.577340122395906,linear,0.0006029229989508167,5493.0
-56.4,14.924276931538161,linear,0.0006102040060795844,6897.0
-41.10000000000001,14.252750474811565,linear,0.0006447249979828484,5432.0
-53.0,15.586616177042314,linear,0.0006816120003350079,6836.0
-49.6,15.573561513321073,linear,0.0005906549995415844,6165.0
-54.7,15.719131813390126,linear,0.0006421100042643957,4089.0
-46.2,14.904744402895767,linear,0.0006245229960768484,4212.0
-56.4,15.885198932468564,linear,0.0004976080017513596,6043.0
-42.8,14.41375171114491,linear,0.0006512039981316775,5066.0
-44.49999999999999,15.41432302479018,linear,0.0006831530045019463,9034.0
-49.6,15.929208691720905,linear,0.0005856869975104928,7324.0
-53.0,16.387241140714714,linear,0.0005741340064560063,4089.0
-51.3,15.724547224629335,linear,0.000526865005667787,0.0
-25.800000000000004,16.197897751673,linear,0.0005670009995810688,8422.0
-30.9,17.920713986466914,linear,0.0008564540039515123,14160.0
-53.0,19.26127733912912,linear,0.000653736999083776,0.0
-24.1,18.85100800822181,linear,0.0006727619984303601,4089.0
-24.1,21.67387181682458,linear,0.0006541809998452663,7813.0
-27.5,24.309616902994637,linear,0.0005322040015016682,5554.0
-13.900000000000002,24.140114861758693,linear,0.0008074239958659746,5371.0
-10.500000000000004,25.831866581193616,linear,0.0006065529960324056,5493.0
-2.000000000000001,29.910218618120567,linear,0.0005887000006623566,0.0
-10.500000000000004,32.0629408462481,linear,0.0006888459975016303,5066.0
9.899999999999991,33.35561959906625,linear,0.001080834997992497,5371.0
-5.400000000000008,36.97721333188736,linear,0.0006507779980893247,0.0
8.200000000000005,37.77443661202015,linear,0.0005439630040200427,4638.0
11.599999999999996,39.57327625200666,linear,0.0007249849950312637,5188.0
31.999999999999993,40.92351191740033,linear,0.000732699001673609,5005.0
35.4,45.05020808955002,linear,0.0005274629947962239,6653.0
38.800000000000004,47.56046516570593,linear,0.0005879929958609864,5188.0
38.800000000000004,51.79696767135146,linear,0.0005578780037467368,0.0
74.5,54.7299791832873,linear,0.0006486540005425923,5127.0
57.5,60.85701932351738,linear,0.0005186640046304092,7325.0
45.60000000000001,63.30655991858701,linear,0.0006394250012817793,3479.0
67.69999999999999,64.20344141287693,linear,0.0005813270036014728,3846.0
45.60000000000001,67.02455014616476,linear,0.000589726994803641,4760.0
83.0,67.60488840448137,linear,0.0005730679986299947,5738.0
91.5,68.52399203593374,linear,0.0006434269962483086,0.0
115.29999999999998,71.89667847577329,linear,0.0006505550045403652,0.0
132.29999999999998,78.64801639103032,linear,0.0005847049978910945,5249.0
132.29999999999998,84.96369128535109,linear,0.0005895700014661998,7751.0
98.29999999999998,93.25982975124683,linear,0.0006274939951254055,9033.0
113.6,94.59583001622313,linear,0.0007495749960071407,5616.0
133.99999999999997,96.6728059177885,linear,0.0006767730010324158,5676.0
120.39999999999998,98.5482948970514,linear,0.0007732699959888123,5066.0
196.9,97.4018736577209,linear,0.0005663030024152249,7629.0
162.9,103.86486340192627,linear,0.0006100679966039024,0.0
94.9,110.06746872350574,linear,0.0006084970009396784,4944.0
244.49999999999997,107.94755068142217,linear,0.0007730910001555458,6592.0
261.5,118.9328700059462,linear,0.000561545995878987,0.0
215.6,132.72302671572695,linear,0.0006100669997977093,7446.0
237.69999999999996,134.42063520406413,linear,0.0007167470030253753,6714.0
292.1,141.63865605540892,linear,0.0006125720028649084,5982.0
283.59999999999997,160.600198015483,linear,0.0008757440009503625,5249.0
264.9,164.40522387252136,linear,0.0005649340018862858,8545.0
270.0,164.6952741620899,linear,0.0005416250060079619,4089.0
275.1,169.8612087910163,linear,0.000454159002401866,8300.0
258.1,173.4137591915685,linear,0.0005520580016309395,6897.0
181.6,170.1175580557787,linear,0.0005666310025844723,0.0
246.2,160.06707357688956,linear,0.0005507199966814369,0.0
247.9,158.3459213643286,linear,0.0003935959975933656,0.0
208.8,156.36044506689927,linear,0.0005328390034264885,7142.0
232.59999999999997,149.89568247806554,linear,0.0002746440004557371,8972.0
183.3,147.5392147540657,linear,0.0006474210022133775,7141.0
247.9,147.50869064390693,linear,0.0006053329998394474,7813.0
154.39999999999998,147.79875553268863,linear,0.000532177000422962,0.0
202.0,138.68707356952996,linear,0.0006985080035519786,5493.0
253.0,137.9916253166139,linear,0.0006554929932462983,6042.0
178.2,140.27161463477512,linear,0.0006774529974791221,5677.0
241.1,139.5545153550722,linear,0.0006532409970532171,4760.0
162.9,139.07240223466843,linear,0.0007272190050571226,6104.0
168.0,139.68707113329506,linear,0.0005822529928991571,3479.0
217.3,136.23987131628127,linear,0.0005254740026430227,5737.0
144.19999999999996,133.08386984548272,linear,0.0006444419996114448,0.0
196.9,129.60421352360993,linear,0.0007742939997115172,6226.0
225.8,125.49285252122888,linear,0.0006479610019596294,5005.0
100.0,131.7176214344931,linear,0.000594249002460856,0.0
140.79999999999995,124.76981909935482,linear,0.0007332480017794296,3113.0
203.7,117.41293649875482,linear,0.0006895530023030005,4211.0
140.79999999999995,123.35895635153861,linear,0.0004947989946231246,7202.0
140.79999999999995,117.86194637406126,linear,0.0006419940036721528,2991.0
152.70000000000002,109.72813756422873,linear,0.0005302050049067475,5798.0
173.1,114.773488011898,linear,0.0006018950007273816,6774.0
84.69999999999999,117.89655883503207,linear,0.000492177001433447,4760.0
139.09999999999997,106.29738248369257,linear,0.000523713999427855,6287.0
159.49999999999997,106.14921979221558,linear,0.000590065996220801,0.0
168.0,108.1085327866585,linear,0.0004880679989582859,3174.0
157.8,109.62309509535076,linear,0.00034290100302314386,0.0
139.09999999999997,108.23104344524062,linear,0.0005805250038974918,0.0
190.1,113.29647027199569,linear,0.0006570840050699189,5066.0
168.0,118.30066932306958,linear,0.0004873890065937303,3845.0
196.9,119.13001483370554,linear,0.0006779270042898133,0.0
156.10000000000002,121.96516946862307,linear,0.0004893829973298125,4456.0
157.8,121.73582484672772,linear,0.0005774549936177209,4394.0
152.70000000000002,123.39735014602584,linear,0.00041681999573484063,6165.0
137.39999999999998,119.82497928827941,linear,0.0007210399999166839,10071.0
149.29999999999998,116.80100807128905,linear,0.0004931549992761575,5554.0
125.49999999999997,112.2973294659775,linear,0.0004895329984719865,0.0
164.59999999999997,109.30572949777634,linear,0.0005869250016985461,0.0
161.19999999999996,110.05231670832823,linear,0.0006372759962687269,5616.0
122.10000000000001,110.94850578107783,linear,0.0007418599998345599,5432.0
169.7,109.32640294518487,linear,0.0005230719980318099,9643.0
195.2,111.39382101296542,linear,0.0005779100029030815,3967.0
-53.0,118.21206410854575,linear,0.0006129850007710047,0.0
-70.0,96.55701385838913,linear,0.0005341049982234836,6287.0
-42.8,73.9037987474457,linear,0.0006930630042916164,4761.0
-70.0,58.1286124525275,linear,0.0005274259965517558,4090.0
-70.0,35.1112390454329,linear,0.000562344997888431,0.0
-70.0,9.92338583656461,linear,0.0005562110018217936,0.0
-70.0,8.313443433605075,linear,0.000571333002881147,3296.0
-70.0,8.285203532673803,linear,0.0006470079970313236,6958.0
-70.0,5.7092459383393805,linear,0.0008674839991726913,8240.0
57.5,5.7092459383393805,linear,0.0006825889940955676,3540.0
185.0,18.366483286018948,linear,0.0005992580045131035,5188.0
193.5,43.486766545223105,linear,0.0005571380024775863,4456.0
219.0,69.00065828820549,linear,0.0006190820058691315,3906.0
205.4,96.77718125251343,linear,0.000829286000225693,7874.0
179.9,123.01546410078504,linear,0.000689961998432409,5615.0
74.5,134.48464400972205,linear,0.0004905400055577047,5432.0
140.79999999999995,123.47305731916006,linear,0.000620562001131475,4578.0
195.2,118.42349161515959,linear,0.0006960829996387474,0.0
208.8,116.48413800167279,linear,0.0005898480012547225,7935.0
236.0,116.9932396398045,linear,0.0005286529994918965,0.0
181.6,122.59707035806878,linear,0.0005863869955646805,0.0
230.9,132.6448070451221,linear,0.0005297659954521805,4699.0
203.7,141.27955290204224,linear,0.0006616409955313429,9094.0
157.8,142.0822301758939,linear,0.0004662299979827367,0.0
202.0,136.95445580994163,linear,0.0005273529968690127,4028.0
229.2,133.81962793205574,linear,0.0005841050005983561,3113.0
196.9,138.51055599037414,linear,0.000669936001941096,8362.0
190.1,135.2240685253621,linear,0.0006874719983898103,4333.0
195.2,133.88076979369993,linear,0.0007012740024947561,0.0
202.0,137.42004448962084,linear,0.0008922400011215359,6530.0
271.7,137.4260504528896,linear,0.0007980459995451383,7385.0
220.7,141.78831816814505,linear,0.0006517299989354797,6897.0
254.69999999999996,144.0338942262603,linear,0.0006253729952732101,6408.0
100.0,150.23115698164506,linear,0.0005980249989079311,7263.0
261.5,140.631621386424,linear,0.0007614260030095465,3967.0
343.1,146.5155220215681,linear,0.0005882600016775541,5799.0
251.29999999999998,154.0168087150073,linear,0.0006641590007347986,4883.0
220.7,156.75075895713502,linear,0.000653196002531331,3968.0
205.4,153.36379195305594,linear,0.0005314750014804304,6226.0
229.2,163.17207154876522,linear,0.0006494730041595176,5859.0
198.6,160.04820937877693,linear,0.00029792499844916165,0.0
275.1,146.24848498810576,linear,0.0004038210026919842,0.0
280.2,148.76752859477983,linear,0.0005772590011474676,6348.0
249.59999999999997,154.65165509515919,linear,0.0006327419978333637,7446.0
213.9,158.76089868601326,linear,0.0006017940031597391,6042.0
297.19999999999993,157.1403755720368,linear,0.0006374500007950701,5188.0
185.0,166.7235983464014,linear,0.0006476009948528372,13550.0
251.29999999999998,157.86305427375177,linear,0.0006121430051280186,7568.0
210.5,155.1366353916501,linear,0.0005824740001116879,5005.0
188.4,151.41932739378706,linear,0.0006939640006748959,4577.0
286.99999999999994,148.731442630818,linear,0.0005648099977406673,0.0
179.9,148.1751016037906,linear,0.0005937790047028102,4456.0
220.7,147.437826261842,linear,0.00048294100270140916,0.0
200.3,144.4794399974164,linear,0.0007084640019456856,3296.0
270.0,143.53580188146245,linear,0.0005667529985657893,3479.0
280.2,151.45107253018622,linear,0.0005423540060291998,0.0
203.7,151.08712169684955,linear,0.0006391490023816004,5493.0
202.0,153.07378763574206,linear,0.0006319110034382902,3663.0
315.9,151.1450472107214,linear,0.0005784669992863201,5737.0
331.20000000000005,162.53925268706726,linear,0.0005503059946931899,12878.0
290.3999999999999,168.67069375874772,linear,0.0006222419979167171,4883.0
268.3,169.61324704674954,linear,0.0006250049991649576,3601.0
224.1,175.64007447756993,linear,0.0005950769991613925,5737.0
205.4,177.4374048204231,linear,0.0005871309986105189,0.0
178.2,166.68728212924773,linear,0.0006692839961033314,8545.0
215.6,151.94754083544402,linear,0.000676768999255728,7263.0
205.4,144.88639645322039,linear,0.000606948000495322,4883.0
256.4,138.94916099556508,linear,0.0006174719965201803,5493.0
241.1,142.2205727227729,linear,0.0007429859979311004,7507.0
179.9,145.71517416665478,linear,0.0007856859956518747,2991.0
168.0,145.5923143651825,linear,0.0006692129973089322,3906.0
236.0,140.88075277995483,linear,0.000601377003476955,7629.0
210.5,143.97374674129105,linear,0.0007757990024401806,6652.0
120.39999999999998,139.64151377930128,linear,0.000709526997525245,7325.0
198.6,127.77963188428717,linear,0.0006523870033561252,2991.0
195.2,129.67762463570705,linear,0.0006488849976449274,5493.0
288.7,132.3562574270112,linear,0.0005078379981569014,6531.0
202.0,137.75149754832398,linear,0.0005307259998517111,3906.0
133.99999999999997,136.9128306211219,linear,0.0006249770012800582,6592.0
151.00000000000003,137.71960821873066,linear,0.0006619179985136725,0.0
227.49999999999997,133.0894358306624,linear,0.00028463600028771907,0.0
113.6,136.3890764040897,linear,0.0005794480020995252,4334.0
168.0,119.4660173514094,linear,0.0006994309951551259,0.0
96.6,116.24473172579653,linear,0.0007027449973975308,7629.0
152.70000000000002,112.50357721117754,linear,0.0006319870008155704,4639.0
130.59999999999997,112.64159245987565,linear,0.0007730950019322336,6409.0
191.8,103.51704728030178,linear,0.0008535099987057038,6470.0
130.59999999999997,111.1192498830962,linear,0.0005800440048915334,0.0
208.8,107.51942144116444,linear,0.0004779290029546246,4883.0
115.29999999999998,118.35664145426144,linear,0.0006345529982354492,0.0
86.4,114.62577330667528,linear,0.00045885000145062804,0.0
101.69999999999999,110.04067113406572,linear,0.0007015719966148026,7141.0
71.1,101.47392374807343,linear,0.0007013060021563433,10315.0
111.9,95.61877468587227,linear,0.0007075600005919114,5371.0
151.00000000000003,86.520989150113,linear,0.0007151020035962574,7019.0
100.0,90.18893557354222,linear,0.0007980669979588129,5249.0
81.29999999999998,91.3735449479598,linear,0.0006185169986565597,7263.0
117.0,89.28376492416821,linear,0.000652595997962635,7873.0
81.29999999999998,93.72453626879597,linear,0.0007160500026657246,10376.0
74.5,90.69986700369084,linear,0.000707125996996183,3967.0
79.6,83.332823624867,linear,0.0006461890006903559,5372.0
52.399999999999984,81.40348730093939,linear,0.0005658510053763166,5005.0
38.800000000000004,78.51369203281484,linear,0.0006414860035874881,5249.0
185.0,70.96109107188795,linear,0.0005464759960887022,3906.0
83.0,81.38546289667701,linear,0.000614192002103664,5371.0
45.60000000000001,82.12734368320382,linear,0.0006008170021232218,6164.0
54.099999999999994,78.56345539952429,linear,0.0007271020003827289,8789.0
83.0,78.69540315525165,linear,0.0007308390049729496,6775.0
48.99999999999999,82.89454934136656,linear,0.0006053079996490851,3723.0
74.5,69.91743258773847,linear,0.0005314439986250363,0.0
79.6,69.16419797447182,linear,0.0006215760004124604,5432.0
66.0,72.47983523542545,linear,0.0005958699985058047,0.0
30.300000000000004,73.55136583135464,linear,0.000581442000111565,0.0
57.5,68.38771716933314,linear,0.000632609000604134,14892.0
57.5,69.19943902244562,linear,0.0005940010014455765,0.0
52.399999999999984,67.62114704922423,linear,0.000676575000397861,4272.0
26.9,65.01303594737985,linear,0.0007118520006770268,6287.0
64.29999999999998,61.20631979408472,linear,0.0007027620013104752,3479.0
57.5,64.51417662776906,linear,0.000561462999030482,7507.0
45.60000000000001,64.56525773792188,linear,0.0006379479964380153,5249.0
77.9,63.375521405203045,linear,0.0005587959967670031,3601.0
72.79999999999998,65.93357362573319,linear,0.00050555300549604,7507.0
18.399999999999995,70.33615861369958,linear,0.0005813210009364411,3723.0
42.20000000000002,65.74633730823035,linear,0.0006010669967508875,3967.0
35.4,64.26867723532226,linear,0.0007134589977795258,3967.0
-2.000000000000001,63.28238962297464,linear,0.0005212940013734624,0.0
6.500000000000001,55.49216278111698,linear,0.0005380660004448146,0.0
15.000000000000004,49.155867822828846,linear,0.0007602279947604984,3784.0
9.899999999999991,48.85273809224009,linear,0.0007070959982229397,3906.0
11.599999999999996,45.766359371745885,linear,0.0005421800015028566,0.0
13.3,43.52227272553329,linear,0.0006663469976047054,4699.0
20.099999999999998,44.98772710082487,linear,0.0006759759999113157,7202.0
4.799999999999997,46.30841382283236,linear,0.0006512199979624711,6592.0
-15.599999999999998,45.29677181768558,linear,0.0006064240005798638,4883.0
-7.100000000000004,42.750849626215455,linear,0.0006888110001455061,3174.0
-5.400000000000008,40.947781226018996,linear,0.0007099710055626929,6592.0
-19.000000000000007,39.17341762426168,linear,0.000522419999470003,4821.0
4.799999999999997,35.40116398495242,linear,0.0005816600023536012,4699.0
-19.000000000000007,35.47906064758674,linear,0.0006064039989723824,6409.0
-7.100000000000004,35.10847747030498,linear,0.0008131479989970103,3601.0
-22.399999999999995,35.100928589495645,linear,0.0005882479963474907,5616.0
1.39999999999999,33.45732613582791,linear,0.0005842500031576492,6043.0
-5.400000000000008,35.43905781880298,linear,0.0006778180031687953,5920.0
4.799999999999997,34.51097030522064,linear,0.0005621910022455268,6226.0
-12.200000000000006,36.79961946906681,linear,0.0006119339959695935,4089.0
-32.6,36.287686556734315,linear,0.0005610250009340234,7385.0
-25.800000000000004,35.18026504812417,linear,0.0006725839994032867,4639.0
-7.100000000000004,32.56621102186028,linear,0.000574081001104787,6897.0
-36.0,32.47253747681095,linear,0.0005055919973528944,0.0
-20.700000000000003,28.5193970608938,linear,0.0006841310023446567,6103.0
-30.9,27.722754048616324,linear,0.0006676219927612692,0.0
-30.9,27.873188944887076,linear,0.0005796370023745112,5615.0
-29.200000000000003,27.344999880343714,linear,0.0006405699969036505,7019.0
-53.0,25.265106791423744,linear,0.0006852899969089776,5371.0
-44.49999999999999,23.540998518099034,linear,0.000586125002882909,5127.0
-39.40000000000001,21.255155406694733,linear,0.0005349090060917661,0.0
-42.8,20.476431369945555,linear,0.0006524639975395985,4578.0
-51.3,19.33355341897544,linear,0.000697315001161769,4333.0
-22.399999999999995,17.205519727381887,linear,0.0006078540027374402,5066.0
-46.2,20.211376777125327,linear,0.0005210960007389076,3418.0
-49.6,20.017314906981603,linear,0.000645729000098072,5554.0
-53.0,18.98447372620649,linear,0.0006974409989197738,6531.0
-47.900000000000006,17.99792699490591,linear,0.0007099180002114736,3662.0
-34.300000000000004,18.304629933241156,linear,0.0005435729981400073,15808.0
-42.8,17.24824870461636,linear,0.0006365420049405657,5310.0
-36.0,17.574586259464837,linear,0.0005799600039608777,2869.0
-27.5,18.887144722526386,linear,0.000652968003123533,8362.0
-20.700000000000003,21.366945123671627,linear,0.0006229840000742115,5310.0
-17.3,23.99807618998772,linear,0.00021075100084999576,0.0
-47.900000000000006,25.66016292734603,linear,0.000803620001534,4577.0
-49.6,25.063616571172606,linear,0.0006552370032295585,0.0
-59.8,23.68527931003769,linear,0.0005591399967670441,0.0
-37.7,20.546353260241155,linear,0.0007425059957313351,6103.0
-30.9,18.972742844591135,linear,0.0005738830004702322,0.0
-53.0,17.770779756722327,linear,0.000572331999137532,6287.0
-53.0,17.21986818947036,linear,0.0006420019999495707,5493.0
-56.4,16.860574865608967,linear,0.0006600249980692752,5249.0
-59.8,17.151178254115585,linear,0.0003298660012660548,5859.0
-49.6,15.00938296755038,linear,0.0006883159949211404,6470.0
-44.49999999999999,13.271127718773252,linear,0.0006822190043749288,7141.0
-42.8,14.123415398473425,linear,0.00067295299959369,7264.0
-54.7,15.11974341403244,linear,0.0005258099990896881,5371.0
-54.7,15.247435768833359,linear,0.0004947699999320321,8301.0
-47.900000000000006,15.701249678772502,linear,0.0006843869996373542,3540.0
-47.900000000000006,15.882733928934506,linear,0.000865019996126648,8606.0
-58.1,15.569090656349637,linear,0.0005937980022281408,0.0
-41.10000000000001,14.080571821455518,linear,0.0006018290005158633,6591.0
-54.7,15.422209168707248,linear,0.0005174939942662604,5676.0
-51.3,15.401270304412657,linear,0.0006086790017434396,0.0
-53.0,15.060435010167392,linear,0.0006634020028286614,5127.0
-42.8,14.583575872288202,linear,0.0006284049959504046,6897.0
-46.2,16.063376463662518,linear,0.0008432510003331117,6592.0
-30.9,15.597679296943646,linear,0.0006722020043525845,0.0
-36.0,17.919994644191224,linear,0.0006528340018121526,6530.0
-37.7,19.39932657052495,linear,0.0007478740008082241,3052.0
-61.5,20.837344581388926,linear,0.0007399160022032447,4577.0
-61.5,18.963071522465746,linear,0.0005756170066888444,9644.0
-47.900000000000006,17.434565001988208,linear,0.0006208819977473468,4516.0
-36.0,15.860270325136781,linear,0.0008824879987514578,8362.0
-53.0,15.931333883479446,linear,0.0005284790022415109,3906.0
-46.2,14.455040161371638,linear,0.0006824500014772639,3479.0
-30.9,15.90977491345017,linear,0.0007044160010991618,5798.0
-32.6,18.89305037736175,linear,0.0005331509964889847,0.0
4.799999999999997,20.370252335530783,linear,0.000528019001649227,5065.0
-10.500000000000004,24.422787490380696,linear,0.0006829699996160343,3662.0
-2.000000000000001,28.505835898933213,linear,0.0008150389985530637,4272.0
-12.200000000000006,32.721028818516444,linear,0.0004972900060238317,0.0
-42.8,34.494250163487976,linear,0.0005815519980387762,6470.0
-3.7000000000000046,33.35035212879774,linear,0.0005949960032012314,4211.0
-10.500000000000004,32.62904706644865,linear,0.0010207919985987246,12573.0
-2.000000000000001,32.6747206396245,linear,0.0004806889992323704,4090.0
-8.800000000000008,32.70162360334478,linear,0.0005752260040026158,4394.0
23.500000000000007,33.05198067761351,linear,0.0006575380029971711,4578.0
37.1,39.45947669233558,linear,0.0006522640032926574,9277.0
59.19999999999999,43.48566769191968,linear,0.0004577470026561059,7202.0
50.7,50.255365372590546,linear,0.0006388900001184084,5921.0
43.9,55.32238916867037,linear,0.0006930599993211217,5920.0
43.9,60.29340037503252,linear,0.0005258410019450821,3968.0
40.49999999999999,62.21879185460316,linear,0.0004933819946018048,0.0
62.599999999999994,62.50937775301635,linear,0.0005762970031355508,5493.0
83.0,62.91491488026087,linear,0.0006812110004830174,7019.0
52.399999999999984,66.13082394841616,linear,0.0005818589997943491,4273.0
117.0,66.87753484534383,linear,0.0005251340044196695,15991.0
96.6,74.04644464967183,linear,0.0006291899990173988,4333.0
88.1,79.45232306740787,linear,0.000575576996197924,0.0
98.29999999999998,81.80156111615698,linear,0.0005556429969146848,4761.0
154.39999999999998,83.31716233284148,linear,0.0005324599987943657,5005.0
127.2,93.23433960328552,linear,0.0006476029957411811,2625.0
122.10000000000001,94.24865165782566,linear,0.0010956760015687905,8973.0
145.89999999999998,96.62625955226456,linear,0.0006075019991840236,7629.0
154.39999999999998,102.22339705079844,linear,0.0006010169963701628,3846.0
166.29999999999995,107.61408195351288,linear,0.0008019510059966706,3540.0
171.4,108.84069481024666,linear,0.0007720139983575791,7934.0
84.69999999999999,113.11968468253447,linear,0.00047722899762447923,6104.0
159.49999999999997,109.21838253565925,linear,0.0006293340047704987,5188.0
259.8,110.60169491253394,linear,0.0005847889988217503,3295.0
239.39999999999998,121.18486329972345,linear,0.0004614549980033189,0.0
251.29999999999998,128.30753824546278,linear,0.000641462997009512,0.0
195.2,136.0483349386216,linear,0.0006524100026581436,3357.0
261.5,146.37610497093877,linear,0.0006979500030865893,5310.0
207.1,156.1591464990929,linear,0.0007399519963655621,6653.0
293.79999999999995,151.07578410952752,linear,0.000698220006597694,0.0
220.7,156.46861896820678,linear,0.0005042730044806376,10070.0
196.9,153.5131601615702,linear,0.0006780859985155985,4395.0
205.4,153.3762782520178,linear,0.0004980550002073869,6653.0
198.6,148.0439259611224,linear,0.0006468440042226575,4456.0
161.19999999999996,147.1331814918834,linear,0.0005709960023523308,5005.0
236.0,134.36793924537014,linear,0.000593079996178858,7202.0
212.2,136.0464989104146,linear,0.0006681900049443357,4517.0
207.1,137.56867677892672,linear,0.0007352980028372258,0.0
212.2,137.67264869848478,linear,0.000912326002435293,8728.0
237.69999999999996,139.02137217415637,linear,0.0007777760038152337,8118.0
139.09999999999997,146.36827085588428,linear,0.0008446650026598945,7751.0
195.2,136.81864776424322,linear,0.0006848769990028813,10010.0
210.5,135.19644434205702,linear,0.0007223980064736679,5432.0
152.70000000000002,135.6833770191961,linear,0.0003790850023506209,0.0
171.4,129.7868324589575,linear,0.000719762007065583,0.0
173.1,123.49146777890945,linear,0.0006419090059353039,0.0
181.6,126.7320643695506,linear,0.0007554440016974695,5798.0
203.7,125.44747500880402,linear,0.0008208799990825355,5737.0
183.3,124.95150216664834,linear,0.0006906900016474538,7141.0
166.29999999999995,127.8341406724615,linear,0.0006811850034864619,4578.0
179.9,127.24311594861177,linear,0.0005854210030520335,5249.0
202.0,127.89925422263585,linear,0.0007095699984347448,5005.0
179.9,129.93478034963985,linear,0.0005661019968101755,6470.0
195.2,127.64361207129753,linear,0.0007629999963683076,7142.0
178.2,128.81022971429707,linear,0.0005968050027149729,6653.0
147.59999999999997,129.90616763795828,linear,0.0005377890047384426,0.0
195.2,126.64858990113204,linear,0.000544565002201125,5493.0
173.1,126.12711903675286,linear,0.0007340080046560615,3296.0
142.49999999999997,125.47773388040933,linear,0.0005851960013387725,9338.0
173.1,120.29733115009326,linear,0.0006549399986397475,4577.0
149.29999999999998,119.88744521642415,linear,0.0007957569978316315,5982.0
174.79999999999998,119.97822005348473,linear,0.0006466339982580394,0.0
173.1,118.09023176061908,linear,0.00025667099544079974,0.0
154.39999999999998,118.16720206529055,linear,0.0005821820013807155,6042.0
190.1,119.20531879573511,linear,0.0006558039967785589,6836.0
176.5,120.94614370938704,linear,0.0004941790029988624,3723.0
174.79999999999998,123.54752474754822,linear,0.00044200500269653276,3540.0
120.39999999999998,123.51595529369362,linear,0.0005957389948889613,5737.0
166.29999999999995,118.29431524541155,linear,0.0006053580000298098,8728.0
208.8,119.44943962981307,linear,0.0006711230016662739,3845.0
168.0,121.49614132970136,linear,0.0005672980041708797,6042.0
253.0,120.62531247842196,linear,0.0006841490030637942,9033.0
151.00000000000003,128.3869741058722,linear,0.0006663149979431182,5860.0
200.3,131.07961892622095,linear,0.0008517250025761314,8118.0
225.8,134.25997147520576,linear,0.0005232309995335527,5249.0
191.8,136.1190201384449,linear,0.0006793539942009374,2929.0
244.49999999999997,138.24054450628523,linear,0.0005310440028551966,0.0
176.5,137.65039668332372,linear,0.0005608819992630742,8484.0
128.89999999999998,139.90641269732643,linear,0.0005916500012972392,0.0
183.3,132.73937204707468,linear,0.0006763010023860261,6165.0
125.49999999999997,128.80219249152586,linear,0.0003289840024081059,11231.0
213.9,122.30494404726275,linear,0.0005593090027105063,0.0
196.9,119.6418076627442,linear,0.0005734930018661544,5066.0
193.5,121.7618367784036,linear,0.0006839350025984459,5005.0
237.69999999999996,127.84410731123164,linear,0.0005369139980757609,0.0
242.8,133.26172967133556,linear,0.0005860980018042028,6653.0
179.9,144.5072596947296,linear,0.0005010359964217059,5615.0
205.4,141.05781665917155,linear,0.0006455080001614988,9644.0
176.5,141.83893557653477,linear,0.0005402480019256473,7935.0
198.6,140.11465427710365,linear,0.0005046299993409775,9704.0
188.4,136.38580968688086,linear,0.000553983001736924,9155.0
186.7,131.25109840343407,linear,0.0006813209984102286,10987.0
219.0,131.84917717328014,linear,0.0005987039985484444,7141.0
275.1,133.29189647613268,linear,0.0006318029991234653,5554.0
190.1,142.97201695792631,linear,0.0007691709979553707,12817.0
183.3,141.9813000879786,linear,0.00022409299708670005,0.0
208.8,141.3001305347109,linear,0.0006900320004206151,0.0
276.79999999999995,143.45896919403702,linear,0.0005379520007409155,0.0
210.5,149.2258587269389,linear,0.0006595140002900735,4639.0
237.69999999999996,143.0315422711697,linear,0.0006662669984507374,8056.0
224.1,147.55883078899205,linear,0.00021747400023741648,0.0
168.0,151.44530697824575,linear,0.00021477900008903816,0.0
210.5,147.24305997426293,linear,0.00024653800210217014,0.0
254.69999999999996,141.00161654727773,linear,0.00033437099773436785,0.0
241.1,145.44657310804027,linear,0.00043447400094009936,9643.0
244.49999999999997,145.82686424522333,linear,0.0005076899979030713,9278.0
249.59999999999997,147.82291546150682,linear,0.0004875129961874336,0.0
94.9,155.61622431645918,linear,0.0005401689995778725,5859.0
266.59999999999997,143.9666513144503,linear,0.0006241219962248579,7385.0
191.8,145.41572899341443,linear,0.0007168290030676872,5737.0
264.9,140.77280356323766,linear,0.000623765001364518,10010.0
232.59999999999997,142.82838524690948,linear,0.0005082629941171035,0.0
210.5,141.39414504100205,linear,0.000535765997483395,5432.0
273.4,152.1408053434867,linear,0.0005786539986729622,5921.0
344.8,153.04723092568724,linear,0.0005808639980386943,5310.0
353.3,167.99823613111727,linear,0.0006583970025531016,6714.0
247.9,176.6686323606586,linear,0.0006094640048104338,8972.0
273.4,177.80136384771995,linear,0.0006102659972384572,5127.0
239.39999999999998,183.636749059585,linear,0.0006404279993148521,8789.0
312.5,180.2386505447296,linear,0.000662973994622007,6836.0
256.4,177.32711517005677,linear,0.000753984997572843,9460.0
270.0,168.10780186457643,linear,0.0005546510001295246,0.0
268.3,170.13257756094453,linear,0.0005421109963208437,0.0
261.5,169.70094653217055,linear,0.0005259539975668304,0.0
232.59999999999997,171.71353182981198,linear,0.0006066429996280931,6775.0
275.1,164.00628805826432,linear,0.0004971739981556311,3967.0
169.7,165.87458495415015,linear,0.0005504169967025518,0.0
224.1,155.98664385857103,linear,0.0005334760062396526,0.0
196.9,151.7423412721769,linear,0.000539157997991424,0.0
236.0,145.60065572911736,linear,0.0005846390049555339,3662.0
312.5,145.96542663847256,linear,0.0006381990024237894,5188.0
179.9,150.0041627040005,linear,0.0005814110045321286,5371.0
263.2,150.60967030527058,linear,0.0004910649950033985,5738.0
297.19999999999993,154.40929193451316,linear,0.0005955539963906631,5188.0
195.2,164.2590118447706,linear,0.000626241002464667,4394.0
249.59999999999997,159.98137842642117,linear,0.0006591819983441383,8484.0
212.2,154.08413252462347,linear,0.0006746519939042628,4761.0
208.8,157.06740215332925,linear,0.0005967770048300736,6592.0
239.39999999999998,151.736588212548,linear,0.0005747770046582446,4150.0
224.1,146.40980249436586,linear,0.0006691359958495013,3541.0
280.2,149.12768786386798,linear,0.0007415439977194183,3662.0
273.4,152.26352761033297,linear,0.0005624990008072928,6348.0
234.29999999999998,158.21509903474953,linear,0.0005880590033484623,8728.0
234.29999999999998,160.4730348723619,linear,0.0005398110006353818,5737.0
191.8,159.92217371289183,linear,0.00056332800158998,5554.0
196.9,156.62146855895804,linear,0.0001971829988178797,0.0
181.6,148.5858861176623,linear,0.0005473819983308204,10314.0
215.6,139.79359042778628,linear,0.0006235020046005957,7691.0
256.4,138.0925108250964,linear,0.0005086699966341257,8484.0
149.29999999999998,140.46481537431507,linear,0.0005273970018606633,7751.0
229.2,136.0942496540106,linear,0.0006244289979804307,7934.0
183.3,139.2696801511275,linear,0.0006902850000187755,7202.0
183.3,139.39558817271367,linear,0.00026044200058095157,12878.0
198.6,136.16853920364602,linear,0.0002820860026986338,0.0
234.29999999999998,130.7998739970383,linear,0.0004240280031808652,0.0
212.2,139.01175812386802,linear,0.0004979990044375882,8972.0
157.8,137.4254049993846,linear,0.0005989100027363747,0.0
195.2,134.74755193311552,linear,0.0002192149986512959,27710.0
210.5,135.89387545743196,linear,0.00019903900101780891,24292.0
188.4,137.1252718139955,linear,0.00020187699556117877,0.0
205.4,132.70628444961446,linear,0.00044785699719795957,0.0
185.0,132.1273547729558,linear,0.0007491619981010444,7629.0
168.0,134.65485383405874,linear,0.0005666690049110912,0.0
164.59999999999997,131.93380452487116,linear,0.0006242800009204075,0.0
196.9,127.51607182854946,linear,0.0006768810053472407,11352.0
191.8,128.41944543956012,linear,0.0007036780007183552,7873.0
205.4,127.1853484793932,linear,0.0006359909966704436,11718.0
152.70000000000002,129.1938813787482,linear,0.0006442629965022206,7263.0
173.1,127.57382346494161,linear,0.0005883309931959957,0.0
117.0,128.32033494426645,linear,0.0007978590001584962,5554.0
120.39999999999998,120.51877215240448,linear,0.00043862700113095343,8362.0
162.9,113.56802923201968,linear,0.0006332289995043539,7141.0
118.69999999999999,109.71059331767039,linear,0.0006228790007298812,6286.0
118.69999999999999,106.36343133630241,linear,0.0005393719984567724,11353.0
152.70000000000002,101.12453090499376,linear,0.000532516001840122,8606.0
144.19999999999996,104.65907708048263,linear,0.0005643730037263595,0.0
135.69999999999996,106.93185297838468,linear,0.0007592289985041134,6225.0
94.9,104.32644433918539,linear,0.0010336980049032718,15441.0
132.29999999999998,101.88670352902314,linear,0.0007964429969433695,9949.0
162.9,103.2036517344168,linear,0.0006608060066355392,16052.0
139.09999999999997,104.37216743042445,linear,0.0010171720059588552,7019.0
128.89999999999998,103.87005995559066,linear,0.0005509510010597296,10192.0
74.5,103.17756809743406,linear,0.0006134849973022938,6165.0
122.10000000000001,100.97312142900712,linear,0.00044235999666852877,0.0
76.19999999999999,100.0236408678301,linear,0.0006109199966886081,6347.0
96.6,91.68103613700158,linear,0.0005020570024498738,0.0
77.9,87.60240969916553,linear,0.0007795290002832189,10559.0
89.79999999999998,82.75100185908212,linear,0.0004862669957219623,0.0
88.1,84.1708979293243,linear,0.0006098659941926599,4150.0
93.19999999999999,80.98120766289321,linear,0.0006218540002009831,7874.0
71.1,82.60222842984176,linear,0.0005341910000424832,9278.0
55.8,80.11243428400172,linear,0.0003089239980909042,0.0
59.19999999999999,77.88580481534763,linear,0.00056257799587911,6653.0
37.1,74.9391701145175,linear,0.000827156996820122,4822.0
66.0,69.97983484826786,linear,0.0006333099954645149,7324.0
84.69999999999999,67.45624151948138,linear,0.0004801149989361875,9216.0
72.79999999999998,68.89825674241338,linear,0.0005234890049905516,0.0
74.5,70.51783902658524,linear,0.0006712649992550723,5676.0
28.599999999999984,71.98774326734937,linear,0.00045527399925049394,0.0
23.500000000000007,70.98532968887449,linear,0.0005962540017208084,8972.0
72.79999999999998,66.786738508855,linear,0.00022456100123235956,24476.0
64.29999999999998,65.82359853978242,linear,0.0006211509971763007,7507.0
35.4,65.07696001178049,linear,0.000619118996837642,4822.0
59.19999999999999,61.261952617937794,linear,0.0004335529956733808,6470.0
45.60000000000001,64.2229937602385,linear,0.0005620820011245087,9216.0
42.20000000000002,66.28750830055458,linear,0.0005488800015882589,6836.0
45.60000000000001,63.3272894219833,linear,0.0007718119959463365,7690.0
28.599999999999984,61.57210252377483,linear,0.000515476000146009,9155.0
26.9,60.84316211558053,linear,0.0005510830014827661,0.0
-0.29999999999999727,57.72467681222023,linear,0.0006186589962453581,0.0
13.3,53.23421821907412,linear,0.0005776799953309819,0.0
30.300000000000004,50.45715127300838,linear,0.0004140570017625578,11475.0
20.099999999999998,49.09727224158227,linear,0.000522865004313644,0.0
4.799999999999997,48.28332106460936,linear,0.0005002760008210316,8423.0
25.20000000000001,46.12115406436817,linear,0.0002185119956266135,0.0
45.60000000000001,48.58978636165988,linear,0.00052420800057007,0.0
25.20000000000001,51.77758751787342,linear,0.0004075189935974777,0.0
4.799999999999997,51.26879650045093,linear,0.0006357709935400635,8789.0
28.599999999999984,49.70684795493909,linear,0.0008150909998221323,7996.0
21.8,52.00743642987076,linear,0.0005580079960054718,0.0
8.200000000000005,51.68451428112267,linear,0.00023282499751076102,0.0
-5.400000000000008,48.06324246643421,linear,0.00027632500132313,0.0
-0.29999999999999727,45.07940859761755,linear,0.0006024519971106201,11230.0
16.700000000000006,44.557136847971854,linear,0.0007381019968306646,6897.0
-12.200000000000006,43.49511898369055,linear,0.00028683200071100146,11841.0
-12.200000000000006,40.18608829528424,linear,0.0008266700024250895,9278.0
-12.200000000000006,38.18904345630433,linear,0.0007402310002362356,7934.0
-0.29999999999999727,37.5327321379065,linear,0.0002789680002024397,18493.0
-20.700000000000003,37.557087948095784,linear,0.0003389630001038313,17823.0
-13.900000000000002,33.95819264689572,linear,0.00031686900183558464,14648.0
-20.700000000000003,33.77848076036741,linear,0.0005896899965591729,10376.0
-34.300000000000004,32.95433548662655,linear,0.0005487800008268096,7752.0
-30.9,30.764409314106338,linear,0.0008255129941971973,5615.0
-24.1,27.840583657105892,linear,0.0006249910002225079,0.0
-34.300000000000004,27.538841030506873,linear,0.000711884000338614,8240.0
-30.9,25.570390478644804,linear,0.000775405002059415,8545.0
-39.40000000000001,24.599460625176857,linear,0.000663915001496207,0.0
-30.9,24.084474365418096,linear,0.0005358790003811009,6470.0
-19.000000000000007,24.09035659924151,linear,0.0007411149999825284,0.0
-25.800000000000004,24.64830706760744,linear,0.0008332449942827225,9583.0
-32.6,25.458457010046704,linear,0.000734908004233148,9339.0
-24.1,25.266856339369554,linear,0.0007345900012296624,6531.0
-42.8,26.739257932566908,linear,0.0007372710024355911,6347.0
-41.10000000000001,25.538623322272205,linear,0.0007342610042542219,7996.0
-37.7,23.3982363147029,linear,0.0008043960042414255,12085.0
-36.0,22.28139450693402,linear,0.0005997910047881305,4150.0
-39.40000000000001,21.95986693288846,linear,0.0006200740026542917,3723.0
-44.49999999999999,20.505826846673973,linear,0.0006189109990373254,4638.0
-53.0,20.316471898457298,linear,0.00031703500280855224,0.0
-53.0,19.13337048134281,linear,0.0005886629951419309,8057.0
-46.2,17.649692216314357,linear,0.0010134540061699226,10681.0
-51.3,16.700661144651203,linear,0.0007630149993929081,3296.0
-44.49999999999999,15.562263666483778,linear,0.0006247969940886833,3784.0
-37.7,15.58484934077775,linear,0.00077296000381466,4638.0
-42.8,17.08736595475389,linear,0.0006694580006296746,8728.0
-51.3,18.052516211457522,linear,0.0005362419979064725,0.0
-42.8,17.529277477138184,linear,0.0006602189969271421,8240.0
-39.40000000000001,18.348981144950717,linear,0.0006379409969667904,4212.0
-44.49999999999999,18.859277569326476,linear,0.0005731550045311451,7263.0
-53.0,18.202334200736992,linear,0.0002729110055952333,0.0
-46.2,17.19434231035917,linear,0.000575726997340098,0.0
-42.8,17.680755476273664,linear,0.0007055569949443452,8484.0
-22.399999999999995,17.70288325587064,linear,0.0006171389977680519,6043.0
-47.900000000000006,19.414626956706687,linear,0.0005980429996270686,0.0
-41.10000000000001,19.0488502588224,linear,0.000713677000021562,4517.0
-53.0,20.153932621876862,linear,0.0003793889991356991,8117.0
-46.2,19.47102307046001,linear,0.0005030730026192032,5859.0
-56.4,19.124432754974723,linear,0.0006093279953347519,4150.0
-46.2,15.873315877463522,linear,0.000599827995756641,3723.0
-30.9,16.04454578720234,linear,0.0006460789954871871,7507.0
-34.300000000000004,17.10796346747865,linear,0.0006963519990677014,5859.0
-56.4,18.90998038611144,linear,0.0006089509988669306,4882.0
-54.7,17.859144918715728,linear,0.0006811450002714992,7019.0
-46.2,17.972971180762098,linear,0.0006412450020434335,3357.0
-53.0,17.99052720789757,linear,0.0004546550044324249,7019.0
-49.6,15.871199512704841,linear,0.0005806850022054277,6835.0
-41.10000000000001,14.427628858637663,linear,0.0007446870004059747,3724.0
-47.900000000000006,15.927560039265165,linear,0.0006584720031241886,0.0
-41.10000000000001,16.56283528279108,linear,0.0005487650050781667,5310.0
-46.2,17.068529448262563,linear,0.0004533059982350096,4516.0
-34.300000000000004,17.711700552424144,linear,0.000579343999561388,7202.0
-44.49999999999999,19.199499843267883,linear,0.0005342500007827766,5554.0
-29.200000000000003,18.868917248764138,linear,0.0006454859976656735,4699.0
-47.900000000000006,20.685767226557722,linear,0.0005869610031368211,3662.0
-53.0,20.004719879526373,linear,0.0006905960035510361,0.0
-39.40000000000001,19.285767973052426,linear,0.0006107980007072911,6836.0
-29.200000000000003,18.84586404567454,linear,0.0006434840033762157,5188.0
-29.200000000000003,20.358143765871628,linear,0.0007424270006595179,6348.0
-36.0,20.398012763209483,linear,0.0006856199979665689,0.0
-27.5,21.51862920402404,linear,0.0004973710019839928,7141.0
-29.200000000000003,23.96230210314655,linear,0.0008147799962898716,5554.0
-15.599999999999998,24.93935116337964,linear,0.0007407730008708313,8240.0
-10.500000000000004,26.286035161713986,linear,0.000797741005953867,7080.0
-17.3,28.128778138093672,linear,0.0006940230014151894,7446.0
-27.5,29.89655492167025,linear,0.0006622110013267957,3967.0
-34.300000000000004,29.848662750226026,linear,0.000603473003138788,3906.0
-27.5,29.30179064584912,linear,0.0006423869999707676,8606.0
-24.1,28.167527796902988,linear,0.0008033979975152761,7202.0
18.399999999999995,26.898144848372638,linear,0.0009427370023331605,6226.0
3.099999999999994,30.483579983989525,linear,0.0006992159978835844,4761.0
20.099999999999998,33.451640914896444,linear,0.000728939994587563,8361.0
28.599999999999984,38.682231140122305,linear,0.0006599040061701089,5432.0
8.200000000000005,44.11399610282184,linear,0.0004899199993815273,0.0
9.899999999999991,47.107384505792545,linear,0.0005804299944429658,5126.0
23.500000000000007,46.27450961286422,linear,0.0005898669987800531,4272.0
52.399999999999984,48.26144928784193,linear,0.0008044630012591369,7995.0
4.799999999999997,51.47441367743586,linear,0.0006727529980707914,6226.0
25.20000000000001,49.106879489500805,linear,0.0007534500036854297,2624.0
8.200000000000005,50.70918989064904,linear,0.0009050079970620573,9216.0
20.099999999999998,50.513293022931826,linear,0.000745865996577777,0.0
37.1,50.16562984910198,linear,0.0007721130023128353,3662.0
59.19999999999999,48.83409744412838,linear,0.0008828709978843108,4028.0
48.99999999999999,54.133425601245264,linear,0.0004904610032099299,6958.0
77.9,56.438074813585445,linear,0.0005592900051851757,0.0
60.900000000000006,63.18049502296826,linear,0.0007752329984214157,6226.0
81.29999999999998,67.06714201058995,linear,0.000540296001418028,7873.0
57.5,71.31387881789742,linear,0.0005581629957305267,4944.0
60.900000000000006,71.11865359858169,linear,0.0008076330050243996,5982.0
45.60000000000001,72.19220100179913,linear,0.0006815030064899474,5676.0
88.1,69.07020943449638,linear,0.0006330050018732436,6043.0
40.49999999999999,71.77253922862073,linear,0.0007943000018713064,8912.0
59.19999999999999,67.80823744686734,linear,0.00019950300338678062,0.0
83.0,67.93790539518903,linear,0.00030080400028964505,0.0
89.79999999999998,70.19129433689484,linear,0.00021418699907371774,0.0
81.29999999999998,74.45073475790248,linear,0.0002301319982507266,0.0
106.79999999999998,73.83272030612721,linear,0.0004693119990406558,9033.0
110.19999999999999,80.2339833031321,linear,0.00019625799905043095,12085.0
147.59999999999997,85.15532908301554,linear,0.0003939379967050627,9216.0
157.8,91.47205027894444,linear,0.0005513330033863895,7996.0
123.79999999999998,98.10242527127559,linear,0.0005988510019960813,6469.0
105.1,102.04541938550827,linear,0.000421985998400487,5188.0
113.6,101.74487432071986,linear,0.0004766100028064102,7935.0
96.6,102.02408449426822,linear,0.0006138710014056414,0.0
118.69999999999999,97.08769540292492,linear,0.0006647080008406192,24292.0
127.2,93.42334631795818,linear,0.00020407699776114896,0.0
101.69999999999999,93.84266030252951,linear,0.0006171790009830147,5310.0
147.59999999999997,93.43533107555204,linear,0.0003928299993276596,0.0
144.19999999999996,96.81906630740806,linear,0.0009257370038540103,12756.0
168.0,101.43360776729689,linear,0.0009880459983833134,10437.0
178.2,106.22202658062149,linear,0.0005202659958740696,21606.0
215.6,111.21514303360534,linear,0.0004602659973897971,7691.0
161.19999999999996,122.22502568358989,linear,0.0006726380015606992,7019.0
188.4,123.41367172568849,linear,0.0005834620023961179,6225.0
183.3,127.60758186247212,linear,0.0006359800026984885,6226.0
137.39999999999998,129.09849834669015,linear,0.0008005159979802556,17700.0
181.6,124.98108416850916,linear,0.0006274530023802072,6531.0
151.00000000000003,121.84623102715494,linear,0.0006885239999974146,10315.0
225.8,120.82215640736533,linear,0.00039140699664130807,0.0
183.3,124.61079971324293,linear,0.0006185940001159906,7142.0
164.59999999999997,124.65857948615796,linear,0.0005519480037037283,0.0
162.9,127.06550255146674,linear,0.00025805299810599536,0.0
191.8,125.26340680206877,linear,0.0002661640028236434,9888.0
200.3,129.19066705224188,linear,0.0004647960013244301,11962.0
149.29999999999998,126.88136002944633,linear,0.00060100200062152,0.0
173.1,123.48252843012706,linear,0.00019756200345000252,0.0
135.69999999999996,124.27975886004327,linear,0.00019584000256145373,12512.0
176.5,121.56135913281437,linear,0.0002346580004086718,11719.0
154.39999999999998,120.15661032950972,linear,0.0006655100005446002,8057.0
173.1,115.81888739748501,linear,0.000560961001610849,20141.0
147.59999999999997,118.09446185884873,linear,0.0006654349999735132,6653.0
200.3,115.63939713892339,linear,0.0005366969999158755,0.0
188.4,121.91683638813858,linear,0.0004991310051991604,5433.0
164.59999999999997,123.14290077672791,linear,0.0005678590023308061,6653.0
186.7,123.99210695113413,linear,0.0006151999987196177,6836.0
210.5,125.35094245619672,linear,0.00042040800326503813,7507.0
181.6,131.44682388572656,linear,0.0007422970011248253,3662.0
191.8,129.6145162692934,linear,0.0007265059975907207,7752.0
217.3,129.94273135523505,linear,0.0006803989963373169,7691.0
169.7,135.07593404957055,linear,0.0008037760053412057,5616.0
229.2,133.30674007906023,linear,0.0005622600001515821,8057.0
217.3,135.241605486075,linear,0.0006150580011308193,6775.0
256.4,138.72647947226582,linear,0.0006241910014068708,6165.0
198.6,144.99904327231576,linear,0.0005540179990930483,7691.0
208.8,143.1325298509377,linear,0.000546580005902797,6042.0
208.8,146.73425472816092,linear,0.00060794399905717,7630.0
203.7,144.81399724925282,linear,0.000765527001931332,4638.0
236.0,143.4532895204241,linear,0.0005482410051627085,0.0
219.0,141.66393198480594,linear,0.0008085029985522851,6042.0
205.4,143.61130820024582,linear,0.0008682960033183917,5920.0
208.8,143.2036240000251,linear,0.0005457309962366708,0.0
164.59999999999997,143.193647240987,linear,0.000615881996054668,4334.0
173.1,139.26739585928001,linear,0.0005967820034129545,6592.0
241.1,133.20413765592573,linear,0.0007024559963610955,0.0
239.39999999999998,135.5913094556607,linear,0.0004622850028681569,0.0
229.2,138.97347988054176,linear,0.0005705400035367347,5432.0
198.6,140.93302357813306,linear,0.0006414469971787184,4822.0
188.4,144.0509630280513,linear,0.00031418300204677507,0.0
208.8,145.34782226319066,linear,0.0005767499969806522,2808.0
178.2,142.30867795353987,linear,0.00024891099747037515,0.0
193.5,136.39275965522907,linear,0.0006491710009868257,0.0
220.7,132.99909556515854,linear,0.0007218940008897334,7446.0
162.9,135.2523485303,linear,0.0005688630044460297,7812.0
239.39999999999998,132.6402736750476,linear,0.0006992999988142401,4272.0
151.00000000000003,135.75577713632447,linear,0.0007557040007668547,3295.0
195.2,132.977240160507,linear,0.0006656379991909489,3235.0
208.8,133.09029319757448,linear,0.0005979950001346879,0.0
185.0,132.1477758590561,linear,0.0005703310016542673,4517.0
225.8,134.127492395374,linear,0.000694316993758548,3784.0
202.0,133.01341505891656,linear,0.0006513070038636215,2869.0
202.0,137.8482896825851,linear,0.0006512469990411773,4090.0
188.4,138.43741003722616,linear,0.0008359869971172884,3235.0
225.8,136.46099246645088,linear,0.0008616750055807643,6226.0
157.8,140.42965410768505,linear,0.0006060070008970797,3235.0
195.2,133.77890822704407,linear,0.000675840004987549,2930.0
195.2,133.12337008434602,linear,0.0005359189963201061,6470.0
208.8,132.56157363946753,linear,0.0005241670005489141,0.0
181.6,134.52385571302744,linear,0.0006054919940652326,6897.0
210.5,130.29391421290606,linear,0.0002347920017200522,0.0
251.29999999999998,135.3481297770144,linear,0.000811433004855644,8483.0
247.9,140.92133514741744,linear,0.000504640003782697,7630.0
229.2,146.02269161361198,linear,0.000556471997697372,7507.0
196.9,147.9312007586797,linear,0.0006689820002065971,5310.0
202.0,149.21451761690204,linear,0.0006670559960184619,3479.0
195.2,148.31154944993543,linear,0.000668376000248827,2258.0
178.2,142.93019054846917,linear,0.000540386994543951,0.0
237.69999999999996,136.20268894876213,linear,0.000703990001056809,6226.0
154.39999999999998,137.2259560427913,linear,0.000534582999534905,3357.0
185.0,132.97698774170286,linear,0.0005934199944022112,3601.0
237.69999999999996,131.29720254702215,linear,0.0005075759981991723,0.0
213.9,135.63144058852126,linear,0.0006867830015835352,7019.0
253.0,139.00938820406026,linear,0.0007052410001051612,3051.0
166.29999999999995,140.65093020681084,linear,0.0006011860023136251,5676.0
161.19999999999996,141.5309488957477,linear,0.0006401159989763983,4943.0
220.7,139.00552241520816,linear,0.0006882000016048551,6409.0
232.59999999999997,137.60250193976964,linear,0.0006543319977936335,4517.0
188.4,139.51371050962973,linear,0.0005826780034112744,3906.0
202.0,133.2865479890701,linear,0.0006318809973890893,0.0
222.4,136.66914349622277,linear,0.0005818839999847114,0.0
196.9,142.56616627466263,linear,0.0006217840054887347,4822.0
230.9,140.22604986956836,linear,0.000692895999236498,6897.0
171.4,140.17799643814206,linear,0.0007426590018440038,0.0
169.7,138.39448550259215,linear,0.0005398479988798499,7446.0
176.5,135.15537529205858,linear,0.0006467860002885573,0.0
212.2,130.8079266256445,linear,0.0007122940005501732,6104.0
190.1,132.37715343685664,linear,0.0007092899977578782,6348.0
200.3,128.52625717120003,linear,0.0005988479970255867,5310.0
191.8,131.28659529417212,linear,0.0007094719985616393,6653.0
152.70000000000002,133.38593655360026,linear,0.0008029629971133545,11658.0
156.10000000000002,130.9151103178664,linear,0.0005969750054646283,3479.0
168.0,125.500442415713,linear,0.0006463169993367046,3845.0
130.59999999999997,123.42281563720302,linear,0.0008305030060000718,5737.0
181.6,116.65024378617278,linear,0.0007008289976511151,5066.0
125.49999999999997,115.81922037035596,linear,0.0005922170021221973,4577.0
149.29999999999998,113.11585660302875,linear,0.0007655890003661625,4394.0
171.4,112.42382260170076,linear,0.0006846690012025647,6043.0
132.29999999999998,112.91401438655363,linear,0.0005654999986290932,3662.0
125.49999999999997,112.93013164819985,linear,0.000694155998644419,2808.0
120.39999999999998,107.51472371493385,linear,0.0005952399951638654,5798.0
118.69999999999999,106.97012259648575,linear,0.0005724590009776875,0.0
128.89999999999998,104.00122764089974,linear,0.0005789540009573102,5127.0
111.9,100.00536306722378,linear,0.0007872180067352019,5737.0
142.49999999999997,98.01973826473221,linear,0.0005821539962198585,7629.0
117.0,99.72654378157586,linear,0.000560585998755414,3418.0
86.4,99.37420004078074,linear,0.0003061419993173331,0.0
91.5,96.11190176035404,linear,0.0008378880011150613,4700.0
76.19999999999999,92.5054029195544,linear,0.0006015580001985654,0.0
98.29999999999998,89.01188621412147,linear,0.0005962159993941896,5798.0
79.6,84.85384061847174,linear,0.0006601219938602298,3845.0
93.19999999999999,81.28319823455224,linear,0.0006480730007751845,5615.0
59.19999999999999,81.9394063105669,linear,0.00025206799909938127,11475.0
96.6,78.7701044986243,linear,0.0005863640035386197,4333.0
91.5,80.76407817915508,linear,0.0005928690006840043,5860.0
66.0,80.18953538528194,linear,0.0006746860017301515,4639.0
54.099999999999994,78.77302680979871,linear,0.0006633800003328361,5859.0
59.19999999999999,74.97161883778483,linear,0.0005243960040388629,3479.0
35.4,74.92693937347474,linear,0.0008445119965472259,3845.0
50.7,68.99902690351351,linear,0.0006620459971600212,4089.0
67.69999999999999,65.12544469988104,linear,0.00023864599643275142,8789.0
69.4,65.39130183691684,linear,0.0006641460058744997,7202.0
57.5,66.89096729799624,linear,0.0004584880007314496,6408.0
62.599999999999994,66.71430128818137,linear,0.0005753820005338639,3723.0
38.800000000000004,69.29673314514413,linear,0.0005823359970236197,4090.0
54.099999999999994,68.06598371584533,linear,0.000649397996312473,4821.0
42.20000000000002,66.76835910654728,linear,0.0007695430031162687,3174.0
42.20000000000002,64.16524244477571,linear,0.0005643469994538464,7202.0
45.60000000000001,62.67118766794048,linear,0.0006866200055810623,6287.0
48.99999999999999,61.08028939248354,linear,0.0008086429952527396,6714.0
55.8,62.05980335536335,linear,0.0006823150033596903,5310.0
28.599999999999984,62.26574325757974,linear,0.000703384997905232,4639.0
23.500000000000007,60.88127389248507,linear,0.000651296999421902,3662.0
72.79999999999998,59.01476225742751,linear,0.0007316030023503117,4028.0
38.800000000000004,61.77924986674464,linear,0.0005312549983500503,7385.0
57.5,60.77454169613967,linear,0.0005762219952885062,4334.0
40.49999999999999,60.96326457589732,linear,0.00032778000604594126,5859.0
60.900000000000006,62.0854542389206,linear,0.0006215489993337542,2869.0
20.099999999999998,65.65291343154267,linear,0.0006486440033768304,4333.0
59.19999999999999,60.5395196101024,linear,0.000669829998514615,6409.0
43.9,62.52936991792476,linear,0.0007741669978713617,5555.0
37.1,61.26942720474503,linear,0.0006429220011341386,6409.0
35.4,60.867970192210365,linear,0.0006245530021260493,2625.0
48.99999999999999,58.44926515257599,linear,0.0006495769994216971,3296.0
40.49999999999999,61.22023287450203,linear,0.0006153499998617917,2869.0
54.099999999999994,59.44302269447944,linear,0.0005313239962561056,0.0
13.3,60.45758974297568,linear,0.0005751130011049099,5127.0
37.1,58.06396475304917,linear,0.0007610679967910983,7447.0
54.099999999999994,58.214724647041265,linear,0.0006968979942030273,5310.0
37.1,58.819653926970496,linear,0.0006756969960406423,6408.0
11.599999999999996,58.454089891297265,linear,0.0005978639965178445,4456.0
25.20000000000001,54.30324338485115,linear,0.0007639149989699945,8545.0
23.500000000000007,55.414721848111846,linear,0.0005240300015429966,0.0
8.200000000000005,54.11629430763419,linear,0.0006291719982982613,2808.0
-3.7000000000000046,49.68192643303817,linear,0.0005781820000265725,3723.0
8.200000000000005,45.729396874039054,linear,0.0005494380020536482,0.0
54.099999999999994,45.4078942607998,linear,0.0005275160001474433,0.0
1.39999999999999,48.36253608286783,linear,0.0005683810013579205,6165.0
18.399999999999995,46.16858475708999,linear,0.0006033739991835319,6408.0
-7.100000000000004,47.111709852988355,linear,0.0006502969990833662,6226.0
-10.500000000000004,46.71799415568254,linear,0.0005157790001248941,6042.0
-0.29999999999999727,44.816758438572066,linear,0.0004976479976903647,4883.0
37.1,39.69228912927475,linear,0.0008104389999061823,0.0
-5.400000000000008,43.24513996860937,linear,0.0006303019981714897,6653.0
20.099999999999998,40.917965122495666,linear,0.0005755480015068315,6531.0
-36.0,43.53037211871809,linear,0.0002576989936642349,0.0
-12.200000000000006,40.931542519150035,linear,0.0005844030019943602,3723.0
4.799999999999997,39.7247757304924,linear,0.0007810429960954934,7569.0
-13.900000000000002,36.78425082068883,linear,0.0007398860034300014,5432.0
-17.3,35.91204397681424,linear,0.0006786960002500564,6408.0
-12.200000000000006,32.339968518332476,linear,0.0007601149991387501,5249.0
-49.6,34.60513204963507,linear,0.000597721002122853,0.0
-70.0,30.884931182353114,linear,0.0007332540044444613,6226.0
-70.0,23.59573207332855,linear,0.0007548849971499294,2686.0
-70.0,18.18720825612657,linear,0.0005944540025666356,4029.0
-39.40000000000001,13.136303947749285,linear,0.0006633900047745556,5920.0
-29.200000000000003,10.678951097533279,linear,0.0007256680037244223,6348.0
-12.200000000000006,12.75069290836274,linear,0.0006414519957615994,0.0
-36.0,18.365055429628974,linear,0.0004942290033795871,0.0
-27.5,21.570395162434977,linear,0.0005830090012750588,2991.0
-25.800000000000004,25.589906104250428,linear,0.0007788269940647297,4212.0
-29.200000000000003,26.904500927192167,linear,0.0006674609976471402,7446.0
-44.49999999999999,26.878251232061167,linear,0.0005777379992650822,5310.0
-42.8,23.749644081703934,linear,0.0008063350032898597,3479.0
-39.40000000000001,23.065070028419548,linear,0.0005762069995398633,3845.0
-44.49999999999999,21.939399364922185,linear,0.00055585600057384,8056.0
-29.200000000000003,20.14136237172063,linear,0.0006110660033300519,0.0
-36.0,20.20101601384296,linear,0.0006637620026594959,2869.0
-44.49999999999999,21.019769700905954,linear,0.000674438000714872,5554.0
-53.0,20.80980936570231,linear,0.0005934410000918433,3174.0
-53.0,19.465951256796412,linear,0.0007024079968687147,5615.0
-47.900000000000006,18.619206301806184,linear,0.0006429979985114187,7507.0
-36.0,16.853892679307272,linear,0.0005930560000706464,5127.0
-56.4,16.914958202718317,linear,0.000781244998506736,4883.0
-44.49999999999999,15.736312297600223,linear,0.0006350429976009764,0.0
-49.6,16.551176935341402,linear,0.0006425130050047301,3357.0
-49.6,16.877308711634978,linear,0.0006807319950894453,7446.0
-53.0,16.691943002018746,linear,0.000682794998283498,5005.0
-46.2,15.073503680844052,linear,0.0007174790007411502,7325.0
-49.6,16.054902865571968,linear,0.0005030079992138781,5982.0
-47.900000000000006,15.573559469090007,linear,0.0006922329994267784,5798.0
-49.6,15.735491656285088,linear,0.0007433549981215037,5005.0
-44.49999999999999,15.736436311440192,linear,0.0006512939944514073,6470.0
-54.7,16.557776971646163,linear,0.0005934319997322746,0.0
-51.3,15.721727064344705,linear,0.0007274680028785951,3846.0
-54.7,15.548725927217149,linear,0.0006653910022578202,3479.0
-47.900000000000006,14.894274768973768,linear,0.0006384049993357621,6042.0
-54.7,15.068918324976543,linear,0.0007301069999812171,8362.0
-47.900000000000006,14.092581237193624,linear,0.0008032999976421706,3113.0
-49.6,14.750449726613704,linear,0.0005703299975721166,8057.0
-66.6,14.924395418009018,linear,0.0006411180002032779,0.0
-44.49999999999999,13.714571451373494,linear,0.0006596379971597344,0.0
-47.900000000000006,14.091052711890429,linear,0.0007956780027598143,6836.0
-53.0,14.767410727975518,linear,0.0005247089939075522,0.0
-54.7,14.256037760342446,linear,0.0006816800014348701,4517.0
-58.1,13.769168927469316,linear,0.0008031710021896288,3906.0
-51.3,14.544628310868202,linear,0.0006885789989610203,6531.0
-54.7,13.914290948672612,linear,0.0005930729967076331,7751.0
-58.1,13.270185208736557,linear,0.0005963799994788133,3479.0
-54.7,12.764830552378545,linear,0.0006001299989293329,0.0
-53.0,12.773542864979857,linear,0.0005674849962815642,0.0
-49.6,13.267597832044185,linear,0.0006776509981136769,5004.0
-42.8,13.449299520823407,linear,0.000588143004279118,4456.0
-49.6,14.622990458067108,linear,0.0008040169996093027,8300.0
-47.900000000000006,15.422911424438853,linear,0.0005841980018885806,4944.0
-54.7,16.064542444122264,linear,0.0006449529973906465,5310.0
-53.0,15.877666203733035,linear,0.000735715999326203,6286.0
-44.49999999999999,15.537434011298343,linear,0.0005844450060976669,0.0
-41.10000000000001,15.41515512439293,linear,0.0006798179965699092,11352.0
-41.10000000000001,16.256259557039225,linear,0.0008582059963373467,5737.0
-46.2,16.921182393435654,linear,0.0006106739965616725,7080.0
-37.7,17.715222766665676,linear,0.00046052600373513997,7996.0
-25.800000000000004,19.191028188521052,linear,0.00047951300075510517,5676.0
-44.49999999999999,21.036953567366755,linear,0.00030115299887256697,0.0
-39.40000000000001,20.669291344972343,linear,0.0006429580025724135,7630.0
-32.6,20.817809907628124,linear,0.0005783469969173893,0.0
-32.6,22.145343153825984,linear,0.0006741430042893626,5615.0
-36.0,22.634915805631277,linear,0.0007396229993901215,4700.0
-44.49999999999999,21.665747261058783,linear,0.0006139199977042153,7446.0
-51.3,21.623624969660288,linear,0.0004892299984931014,5005.0
-36.0,20.436171182045236,linear,0.0007263139996211976,5310.0
-32.6,20.151017194358637,linear,0.00047891500435071066,0.0
-24.1,20.197261016009172,linear,0.0004981520032742992,4578.0
-27.5,21.382232209109358,linear,0.0005355269968276843,3295.0
-10.500000000000004,23.021968099997,linear,0.0005290379995130934,3174.0
-19.000000000000007,26.965554689653548,linear,0.0005971910068183206,0.0
-15.599999999999998,28.593763937686422,linear,0.0007313850001082756,0.0
-22.399999999999995,30.207486601948073,linear,0.0005168560019228607,4456.0
-34.300000000000004,30.356608569076474,linear,0.0006913190009072423,5493.0
-20.700000000000003,29.632253214087665,linear,0.0007014489965513349,8545.0
-12.200000000000006,28.688637251001673,linear,0.0005361889998312108,0.0
-15.599999999999998,29.393467162778915,linear,0.0006458860007114708,4822.0
-15.599999999999998,29.40556795906319,linear,0.0006495540001196787,5860.0
8.200000000000005,30.062139368752696,linear,0.0003861919976770878,0.0
-5.400000000000008,34.20109338786985,linear,0.0006258260036702268,3418.0
-3.7000000000000046,35.65688536892324,linear,0.0007144859991967678,6347.0
-3.7000000000000046,36.452907871916636,linear,0.000757415997213684,5188.0
1.39999999999999,37.59567142487803,linear,0.0005218559963395819,0.0
4.799999999999997,39.21658546630536,linear,0.0006262329989112914,0.0
-19.000000000000007,38.92741717832469,linear,0.000700901000527665,5005.0
26.9,37.546359314375565,linear,0.0006854320017737336,0.0
-7.100000000000004,40.590337353305365,linear,0.0007101930023054592,0.0
31.999999999999993,40.23164172304015,linear,0.000679201002640184,6897.0
6.500000000000001,43.227568293836796,linear,0.0006694359981338494,7447.0
6.500000000000001,43.40353394651225,linear,0.0005670090031344444,0.0
28.599999999999984,45.74609553810347,linear,0.0006634169985773042,6409.0
13.3,46.02219758323852,linear,0.0005816919947392307,6836.0
28.599999999999984,47.92509428289202,linear,0.0006632009972236119,5981.0
59.19999999999999,47.64932221197716,linear,0.00046349200420081615,13488.0
43.9,52.8336915487131,linear,0.0008825929980957881,6225.0
43.9,56.3989021410607,linear,0.0009727860015118495,4821.0
45.60000000000001,57.84890877793859,linear,0.00039579899748787284,0.0
18.399999999999995,60.93152667056783,linear,0.00043519299651961774,0.0
28.599999999999984,59.830581184422456,linear,0.0007711130019742996,8544.0
45.60000000000001,56.89816129774219,linear,0.0006883999958517961,0.0
38.800000000000004,57.141432558709326,linear,0.0004113489994779229,0.0
45.60000000000001,56.661481610078894,linear,0.0005481389962369576,0.0
42.20000000000002,56.70005895416793,linear,0.0005395870030042715,5920.0
66.0,58.969794338819376,linear,0.0005867190047865734,0.0
72.79999999999998,62.61009647582971,linear,0.0005414409970398992,8606.0
89.79999999999998,65.29312354620257,linear,0.0006603859947063029,0.0
115.29999999999998,70.24256128772866,linear,0.0006193940062075853,6469.0
133.99999999999997,77.04346792164174,linear,0.0007597949952469207,6530.0
127.2,85.92508818490259,linear,0.0005526660024770536,4944.0
142.49999999999997,91.79096776149711,linear,0.0005883150006411597,5310.0
106.79999999999998,98.48691351075557,linear,0.0004070830036653206,15137.0
96.6,99.99275698503035,linear,0.0011659140000119805,7263.0
91.5,98.07529021527107,linear,0.00025577100313967094,0.0
118.69999999999999,93.97486033862712,linear,0.000642104001599364,6226.0
115.29999999999998,93.23095366995231,linear,0.0003433149977354333,15137.0
101.69999999999999,90.70641086485305,linear,0.00070650500128977,5371.0
157.8,90.17385293032176,linear,0.0006411450012819842,7019.0
98.29999999999998,96.20933044551202,linear,0.0007696039974689484,5188.0
125.49999999999997,96.73470959087547,linear,0.0010693789954530075,11535.0
123.79999999999998,97.36583188972045,linear,0.0006319120002444834,12512.0
84.69999999999999,98.24241638583136,linear,0.000643521998426877,3601.0
185.0,96.41508657290986,linear,0.0006111170005169697,3357.0
94.9,99.3566423977657,linear,0.0005699650064343587,0.0
123.79999999999998,98.8861635041462,linear,0.0006676139964838512,6531.0
137.39999999999998,98.64625054956542,linear,0.0007050079948385246,5188.0
105.1,100.09505095601611,linear,0.0006508919977932237,0.0
157.8,101.8573086197504,linear,0.0006030380027368665,9827.0
108.5,99.46784526757521,linear,0.0007249839982250705,4272.0
149.29999999999998,100.67171189275172,linear,0.0007854309951653704,3479.0
159.49999999999997,103.14405009984758,linear,0.0006449900029110722,6653.0
173.1,105.41143517995368,linear,0.0006039549989509396,6409.0
140.79999999999995,111.93564365146466,linear,0.00035409100382821634,0.0
162.9,110.27247059111153,linear,0.0008258820016635582,4822.0
176.5,115.45168042023244,linear,0.000600127998040989,5738.0
157.8,118.13768227206009,linear,0.0006852719961898401,3724.0
142.49999999999997,117.9220584979373,linear,0.0006985610016272403,7080.0
168.0,114.93432063837318,linear,0.0006195230016601272,4822.0
147.59999999999997,117.5749024903414,linear,0.0007057309994706884,5127.0
152.70000000000002,116.07510311519613,linear,0.0006378960024449043,3479.0
156.10000000000002,113.79287932772334,linear,0.000684047001414001,0.0
183.3,113.66826169712964,linear,0.0005659430025843903,7324.0
122.10000000000001,117.65091354584567,linear,0.0006452599991462193,4516.0
208.8,113.11606238158369,linear,0.0006883690002723597,6958.0
178.2,119.1534048780861,linear,0.0005794980024802499,3967.0
210.5,121.65735692506324,linear,0.0006473879984696396,6164.0
171.4,126.89001966999255,linear,0.0006702239988953806,7629.0
181.6,125.74105957454374,linear,0.0008200820011552423,8911.0
181.6,131.30522806802165,linear,0.0005709129982278682,7874.0
173.1,128.75331477040646,linear,0.0005999139975756407,5676.0
196.9,128.20147709171786,linear,0.0005766690010204911,0.0
173.1,127.00692668805196,linear,0.0006468710053013638,5188.0
166.29999999999995,127.12285971729317,linear,0.0005033080014982261,5860.0
212.2,125.58620570620725,linear,0.0005938310059718788,5859.0
188.4,128.6731558280064,linear,0.0008379319988307543,4150.0
208.8,130.12141653749867,linear,0.0005957149987807497,4334.0
210.5,131.30965781043093,linear,0.00024074099928839132,0.0
210.5,134.9444565940424,linear,0.0006196180038386956,2503.0
217.3,139.13201097293592,linear,0.0007786490023136139,5920.0
278.5,139.6690092579959,linear,0.000498166999022942,6103.0
232.59999999999997,148.503909506035,linear,0.000578360995859839,18188.0
190.1,150.7416050484896,linear,0.0006367489986587316,8239.0
213.9,148.54625318223793,linear,0.0007047420003800653,9278.0
178.2,148.8634918099142,linear,0.0006672160016023554,5799.0
236.0,144.9782119006137,linear,0.0007155499988584779,5554.0
200.3,141.089165217755,linear,0.000767593999626115,5249.0
179.9,138.03082357185434,linear,0.0007472879951819777,7447.0
120.39999999999998,136.88582002725838,linear,0.0006462530000135303,5921.0
185.0,127.72002885172147,linear,0.0007355499983532354,0.0
200.3,128.41971688993402,linear,0.0007624270001542754,7934.0
173.1,125.22248883228461,linear,0.0006875780018162914,6409.0
164.59999999999997,122.57408869504616,linear,0.0005752279976150021,8850.0
183.3,121.0863951587186,linear,0.0006596990060643293,4394.0
183.3,127.0905142181416,linear,0.0005284589933580719,5004.0
200.3,126.94940426949401,linear,0.000582500004384201,4822.0
156.10000000000002,127.03763100546063,linear,0.0006830960046499968,6042.0
219.0,125.2969272095673,linear,0.0006950320021132939,0.0
236.0,130.61921656563615,linear,0.0005814870019094087,0.0
191.8,135.85113722668322,linear,0.0007640769981662743,5005.0
217.3,136.52532177176087,linear,0.0005202150059631094,7813.0
227.49999999999997,138.20012627674728,linear,0.0006152820060378872,4029.0
198.6,145.05806941543585,linear,0.0005253709969110787,0.0
188.4,143.00569785785856,linear,0.0008042040062719025,3845.0
212.2,138.40022825844576,linear,0.0005709309989470057,0.0
196.9,140.39047639396057,linear,0.0005901839977013879,5738.0
156.10000000000002,138.4205050075502,linear,0.0006848980046925135,4212.0
157.8,131.43974014375027,linear,0.0006375879966071807,0.0
186.7,127.46817372618673,linear,0.0006433159942389466,5615.0
190.1,127.38617367178738,linear,0.00049998500617221,7935.0
191.8,125.3561450847365,linear,0.0006414929957827553,4456.0
179.9,124.92300889417528,linear,0.0005286970044835471,4151.0
154.39999999999998,127.16131867579867,linear,0.0005774450037279166,6653.0
181.6,126.6918936188527,linear,0.0006122580016381107,5066.0
145.89999999999998,126.24492931269263,linear,0.0008108890033327043,6470.0
151.00000000000003,121.93994092694562,linear,0.0006338859966490418,0.0
159.49999999999997,117.99232736805922,linear,0.0006485509948106483,4089.0
173.1,116.10593387595786,linear,0.0006171089989948086,6469.0
179.9,117.933138502608,linear,0.000582895998377353,7995.0
137.39999999999998,117.85872741339723,linear,0.0005769649942521937,6592.0
190.1,116.90323104654334,linear,0.0005798499987577088,3784.0
156.10000000000002,120.73866760937992,linear,0.0007225709996419027,6286.0
169.7,120.38481479498613,linear,0.0005978949993732385,6225.0
145.89999999999998,120.03194441798504,linear,0.0007249449990922585,14710.0
171.4,116.76414258070285,linear,0.0006823079966125078,3357.0
168.0,120.00690898424473,linear,0.0006871209989185445,6592.0
147.59999999999997,117.96549799044757,linear,0.000510065998241771,5066.0
164.59999999999997,117.05870411431039,linear,0.0006504449993371964,0.0
176.5,116.61419987137198,linear,0.0007103409952833317,5738.0
162.9,119.59359223514761,linear,0.000530846999026835,6469.0
147.59999999999997,118.75916571683359,linear,0.0007212140044430271,9338.0
132.29999999999998,116.74588371077903,linear,0.0007452959980582818,5066.0
145.89999999999998,115.1786764194292,linear,0.0007196209990070201,4517.0
117.0,113.39325532602705,linear,0.0004556299973046407,6287.0
128.89999999999998,107.63598960186796,linear,0.0007321070006582886,4699.0
122.10000000000001,104.38062064402219,linear,0.0006801050039939582,4578.0
130.59999999999997,101.9549814028314,linear,0.000782611001341138,5982.0
139.09999999999997,101.79444320328213,linear,0.0006632370059378445,0.0
125.49999999999997,101.22046861365264,linear,0.000682944999425672,0.0
135.69999999999996,101.9909670982586,linear,0.0006450979999499395,3174.0
113.6,102.6577788414159,linear,0.0005490789990290068,6775.0
144.19999999999996,101.77761663869036,linear,0.0006426799955079332,5127.0
111.9,103.13454271206147,linear,0.0006747599982190877,5432.0
118.69999999999999,100.49188366487095,linear,0.0008495510046486743,10620.0
123.79999999999998,99.78939219412,linear,0.0005504680011654273,0.0
118.69999999999999,98.70468650465497,linear,0.000738615999580361,5676.0
117.0,99.15342821564852,linear,0.0007435340012307279,4028.0
100.0,96.56652414542725,linear,0.0005734229998779483,0.0
111.9,95.35671378219776,linear,0.0005412899990915321,0.0
86.4,94.70826109824287,linear,0.0006814020016463473,8484.0
111.9,91.06667285362028,linear,0.0008572630031267181,0.0
96.6,90.456213157437,linear,0.0006026359988027252,7508.0
81.29999999999998,88.51791076408428,linear,0.0005764360030298121,6958.0
67.69999999999999,86.63042907034531,linear,0.00071385800401913,4944.0
86.4,82.34638955000614,linear,0.0006037959974491969,9033.0
98.29999999999998,82.35864834971125,linear,0.000578582999878563,6591.0
76.19999999999999,81.1519834637351,linear,0.0006413659939425997,3418.0
88.1,79.16056944864793,linear,0.0007215169971459545,3113.0
62.599999999999994,79.82338009136777,linear,0.0006245929980650544,5249.0
83.0,79.24957228908943,linear,0.0006890180011396296,0.0
67.69999999999999,78.93251486580387,linear,0.0006182810029713437,4760.0
74.5,76.0126985870525,linear,0.0005907650047447532,6348.0
62.599999999999994,75.8308568332468,linear,0.000798859000497032,5249.0
33.70000000000001,73.38755473851197,linear,0.0007944329991005361,4883.0
59.19999999999999,70.47351202640105,linear,0.0005265500003588386,4517.0
54.099999999999994,68.24275284888864,linear,0.0006379629994626157,5615.0
54.099999999999994,66.96679872981464,linear,0.0006850619975011796,5981.0
71.1,65.01574160876835,linear,0.0006691520029562525,3540.0
52.399999999999984,65.91957226262573,linear,0.0005327480030246079,0.0
40.49999999999999,67.6515901208289,linear,0.0006037869970896281,5433.0
42.20000000000002,65.78694652018804,linear,0.0006851389989606105,5920.0
38.800000000000004,64.6297510997416,linear,0.000711736996890977,6592.0
30.300000000000004,63.13866363364825,linear,0.0006861500005470589,0.0
20.099999999999998,59.21495306932237,linear,0.0008249149977928028,7202.0
35.4,56.08176444978505,linear,0.00024450199998682365,0.0
42.20000000000002,55.625259920770375,linear,0.00044685199827654287,9216.0
38.800000000000004,55.68350927147157,linear,0.0006202060030773282,0.0
20.099999999999998,55.69396151618745,linear,0.0005156929983058944,9460.0
37.1,54.65513740787357,linear,0.0006610839991481043,7019.0
15.000000000000004,56.28936037428265,linear,0.0005212110045249574,6775.0
18.399999999999995,54.285278999349266,linear,0.0006890389995533042,9460.0
23.500000000000007,51.9777675611067,linear,0.0004995139970560558,5737.0
3.099999999999994,50.557172332988976,linear,0.0006524630007334054,8423.0
-5.400000000000008,48.850120025597626,linear,0.0005070900006103329,6592.0
-0.29999999999999727,44.73305719841772,linear,0.0006207410042406991,6043.0
-2.000000000000001,43.265633893219395,linear,0.0006075060009607114,5676.0
-2.000000000000001,41.311434491981146,linear,0.0006447970008593984,8912.0
-10.500000000000004,38.88776183380397,linear,0.0006011250006849878,4150.0
-10.500000000000004,37.564485892647745,linear,0.0005527760004042648,0.0
-7.100000000000004,37.05384587069637,linear,0.0008239160015364178,7446.0
-19.000000000000007,36.41657284976999,linear,0.0006085720015107654,6348.0
-10.500000000000004,34.75376687102336,linear,0.0006792470012442209,2990.0
-10.500000000000004,33.9548991277843,linear,0.0008500190015183762,5188.0
-8.800000000000008,33.97197074135476,linear,0.0005226319990470074,0.0
-15.599999999999998,34.13719420165549,linear,0.0005062280033598654,4943.0
-12.200000000000006,33.315145758348805,linear,0.0005962589930277318,3235.0
-19.000000000000007,33.95572345401219,linear,0.0006460720032919198,2686.0
-22.399999999999995,33.12473942945581,linear,0.0005256529984762892,0.0
-12.200000000000006,31.95798609428663,linear,0.0006312999976216815,7813.0
-32.6,31.668710879010057,linear,0.0006452070010709576,6714.0
-25.800000000000004,29.986021101557892,linear,0.0007495440004277043,3479.0
-32.6,28.67403472942738,linear,0.0006110739996074699,3113.0
-32.6,27.365132412940632,linear,0.0006298980006249622,3662.0
-30.9,26.36431420786033,linear,0.0005764799934695475,3540.0
-36.0,24.601116950120115,linear,0.0006767490049242042,7386.0
-36.0,24.253941426467115,linear,0.0005512209972948767,0.0
-36.0,23.27419059153292,linear,0.0006447010018746369,4151.0
-46.2,22.94867173465586,linear,0.0007804159977240488,6836.0
-36.0,21.60880306612507,linear,0.0005718319953302853,3784.0
-39.40000000000001,21.14134633207976,linear,0.0006232339947018772,6347.0
-49.6,20.824301275067956,linear,0.00052890699589625,5188.0
-47.900000000000006,19.47936273621729,linear,0.0008049829993979074,5493.0
-53.0,18.336151390559507,linear,0.0004924430031678639,5066.0
-44.49999999999999,17.659932852444175,linear,0.0004113710019737482,5066.0
-49.6,16.86941847925578,linear,0.0007007829990470782,6591.0
-44.49999999999999,15.902495758031112,linear,0.0006735650022164918,0.0
-49.6,16.396775735312833,linear,0.0006311200049822219,0.0
-41.10000000000001,16.231546545868305,linear,0.0006203619996085763,9338.0
-41.10000000000001,17.381821450784297,linear,0.0007597220028401352,4944.0
-46.2,17.72970495931272,linear,0.000659835000988096,7874.0
-51.3,18.03192248453287,linear,0.00019705400336533785,0.0
-46.2,17.357930822497526,linear,0.00021091700182296336,0.0
-53.0,17.682404027842058,linear,0.0006099580059526488,6897.0
-59.8,16.52930497506665,linear,0.0006135150033514947,8911.0
-54.7,14.706558655606909,linear,0.0006184059966471978,7751.0
-56.4,13.902405748549178,linear,0.000699420997989364,9949.0
-54.7,13.413065495054157,linear,0.0006650970026385039,9765.0
-58.1,12.608897142134028,linear,0.0006150390036054887,0.0
-54.7,12.119081990017893,linear,0.0005142380032339133,0.0
-59.8,12.607250533909353,linear,0.0005405549964052625,4395.0
-54.7,12.109553124563572,linear,0.0002280789994983934,0.0
-54.7,12.278314244968248,linear,0.0005265639993012883,4090.0
-54.7,12.29208486871448,linear,0.0003332190026412718,19165.0
-56.4,12.614073737975115,linear,0.0002900180043070577,0.0
-56.4,12.450605554764008,linear,0.000285554000583943,0.0
-47.900000000000006,12.767423658214716,linear,0.0005642769974656403,10681.0
-49.6,13.448479081282962,linear,0.0001994379999814555,12695.0
-49.6,13.947823300628105,linear,0.00020280599710531533,0.0
-49.6,14.434454006047146,linear,0.0004299299980630167,0.0
-51.3,15.085505323207293,linear,0.0009726529970066622,16114.0
-47.900000000000006,15.558966563346969,linear,0.0005894829955650494,0.0
-49.6,15.56932159748552,linear,0.0009452960002818145,11414.0
-49.6,15.570145923713406,linear,0.000970982997387182,9766.0
-44.49999999999999,15.566730434993085,linear,0.0004962099992553703,0.0
-47.900000000000006,16.074786866052182,linear,0.0004923209999105893,0.0
-53.0,16.395014729079413,linear,0.00047743799950694665,0.0
-49.6,15.883661194883507,linear,0.0006891610028105788,9094.0
-44.49999999999999,15.885431917835511,linear,0.00053247700270731,8667.0
-39.40000000000001,16.393255464415006,linear,0.00025127700064331293,0.0
-39.40000000000001,16.913305865349827,linear,0.0003610150015447289,0.0
-41.10000000000001,17.742641540112484,linear,0.0003750389951164834,0.0
-29.200000000000003,18.872441305462043,linear,0.0003708429940161295,0.0
-34.300000000000004,20.85888859172517,linear,0.00033899499976541847,19470.0
-32.6,21.836048365054253,linear,0.0004786909994436428,52551.0
-30.9,22.482850150547627,linear,0.0003874340036418289,0.0
-20.700000000000003,23.307845114872023,linear,0.0004104879990336485,23804.0
-2.000000000000001,25.288052865442758,linear,0.0004975389965693466,39917.0
-5.400000000000008,27.984022043984513,linear,0.00040210800216300413,0.0
-15.599999999999998,30.774731208832346,linear,0.00044925000111106783,0.0
-7.100000000000004,32.35774014162879,linear,0.00040834299579728395,22583.0
-13.900000000000002,34.63536136753526,linear,0.00030544999754056334,16723.0
-10.500000000000004,35.260062194961705,linear,0.0005031449982197955,26490.0
11.599999999999996,34.44812598282068,linear,0.00045570800284622237,0.0
16.700000000000006,36.1711810330127,linear,0.0005076849993201904,24658.0
26.9,39.31718999288466,linear,0.00048564199823886156,21362.0
26.9,42.625711306919676,linear,0.0004778359943884425,28259.0
18.399999999999995,46.548941344367975,linear,0.00028715599910356104,21301.0
47.30000000000001,49.26294049761071,linear,0.0002994879978359677,0.0
55.8,52.76061067864544,linear,0.0006300390014075674,0.0
66.0,56.58156567242646,linear,0.0003182380023645237,19409.0
60.900000000000006,60.37812947228186,linear,0.0003094460043939762,0.0
52.399999999999984,63.64465874233889,linear,0.0003121479967376217,0.0
54.099999999999994,66.82965014461244,linear,0.000499356996442657,39978.0
72.79999999999998,67.46082319043617,linear,0.00037178599450271577,0.0
72.79999999999998,69.1472870138773,linear,0.000294325000140816,0.0
96.6,69.84115704813641,linear,0.00031373900128528476,0.0
94.9,73.35198134947547,linear,0.0003211619987268932,32288.0
117.0,77.46103654929874,linear,0.0003197189944330603,0.0
113.6,83.53840019172657,linear,0.0003433010060689412,0.0
130.59999999999997,87.47704756203315,linear,0.00028483999631134793,0.0
156.10000000000002,93.03941707043997,linear,0.00025968599948100746,0.0
157.8,98.86199630988253,linear,0.00026809400151250884,0.0
174.79999999999998,104.91841351641557,linear,0.0007347020000452176,5432.0
139.09999999999997,110.51925384516494,linear,0.0003176340032950975,0.0
164.59999999999997,112.85113589106555,linear,0.00034826000046450645,0.0
162.9,116.09825709462106,linear,0.0003829709967249073,0.0
241.1,116.79275549415905,linear,0.00020451000455068424,9033.0
212.2,125.02305740749414,linear,0.0007896210008766502,8911.0
234.29999999999998,128.69581551022586,linear,0.0006614750018343329,0.0
276.79999999999995,137.80395588352366,linear,0.0006042419990990311,8301.0
242.8,148.7424399381142,linear,0.0007178329979069531,9094.0
251.29999999999998,156.27632872900114,linear,0.0003320070027257316,29114.0
256.4,157.2446311661227,linear,0.0008658440056024119,6531.0
217.3,161.48860651700645,linear,0.0008223559998441488,4151.0
229.2,159.68906443946307,linear,0.0006962019979255274,5738.0
247.9,155.13055177039593,linear,0.000607708003371954,7934.0
205.4,155.69994877585077,linear,0.000545514005352743,0.0
207.1,151.18756401058053,linear,0.0006442109952331521,5982.0
190.1,146.42874030157864,linear,0.0005541940045077354,0.0
213.9,143.75563982346517,linear,0.00080701700062491,7508.0
236.0,142.32125733335803,linear,0.0006494539993582293,7263.0
210.5,141.3518383116431,linear,0.0006001709989504889,9644.0
210.5,141.79267165008844,linear,0.0007622970006195828,9461.0
186.7,142.08464698111703,linear,0.0007148709992179647,6104.0
208.8,141.65043003450702,linear,0.000576303995330818,9034.0
225.8,141.16944633153867,linear,0.0005865299972356297,8789.0
161.19999999999996,140.32373342299292,linear,0.000499806999869179,0.0
178.2,135.4096850147828,linear,0.0004723370002466254,11719.0
179.9,132.27225830359887,linear,0.0005499160033650696,0.0
174.79999999999998,131.6384546988476,linear,0.00034286000300198793,0.0
169.7,128.35094759673424,linear,0.000463696000224445,9765.0
183.3,123.0186208144733,linear,0.0005472850025398657,0.0
152.70000000000002,125.15465893468009,linear,0.0003688649958348833,6287.0
181.6,122.63074265408538,linear,0.00023080499522620812,0.0
159.49999999999997,122.83938955570991,linear,0.00042912499338854104,9033.0
152.70000000000002,121.35984498543255,linear,0.00023878800129750744,0.0
162.9,119.64971445242857,linear,0.0001957300046342425,0.0
162.9,117.75072000195352,linear,0.00026458899810677394,0.0
154.39999999999998,118.71776655351086,linear,0.00038735999987693503,6470.0
139.09999999999997,116.10649821178143,linear,0.00030020600388525054,0.0
135.69999999999996,114.08934466476596,linear,0.00030782700196141377,0.0
137.39999999999998,112.408434923435,linear,0.0006326209986582398,8240.0
140.79999999999995,109.96619487883271,linear,0.0007597719959449023,7996.0
157.8,107.87452651405388,linear,0.0004878589970758185,5615.0
164.59999999999997,108.28276561777423,linear,0.000803203001851216,9827.0
120.39999999999998,110.78584617557016,linear,0.0007011239940766245,6897.0
145.89999999999998,109.17682571464724,linear,0.0006193729932419956,7019.0
174.79999999999998,109.98841033579568,linear,0.0005789960050606169,6470.0
169.7,113.37924578431334,linear,0.000596163998125121,13245.0
173.1,114.55148783411774,linear,0.0006362789936247282,8423.0
178.2,115.41292318982296,linear,0.0006801439958508126,7202.0
125.49999999999997,120.9451994577813,linear,0.0006939800005056895,6531.0
133.99999999999997,118.7862519043735,linear,0.0005440890017780475,6530.0
137.39999999999998,114.80948925575699,linear,0.0004384669955470599,6165.0
159.49999999999997,111.74259463869548,linear,0.0005323579971445724,3479.0
139.09999999999997,110.52002507234626,linear,0.0004710889988928102,0.0
156.10000000000002,106.80354306651688,linear,0.0005643159965984523,10071.0
132.29999999999998,109.74348400360297,linear,0.0006457359995692968,4456.0
149.29999999999998,109.52731951644324,linear,0.0003786589950323105,10681.0
173.1,110.65593735103394,linear,0.0006630230054724962,8118.0
147.59999999999997,112.09737074804887,linear,0.00070783200499136,6287.0
147.59999999999997,112.85126320453628,linear,0.0006613849982386455,7995.0
162.9,112.01096016327527,linear,0.0005153340025572106,9583.0
152.70000000000002,114.9770689481575,linear,0.0005075910012237728,8545.0
154.39999999999998,115.27258321295709,linear,0.000612471005297266,7263.0
162.9,113.49418606097582,linear,0.0003475359990261495,0.0
151.00000000000003,114.9924745200661,linear,0.0007792180040269159,8423.0
108.5,115.27716458124983,linear,0.0006531559993163683,6775.0
171.4,109.9054480930783,linear,0.0006945189961697906,7324.0
149.29999999999998,111.83082281356909,linear,0.0006887970012030564,0.0
161.19999999999996,111.38197799761448,linear,0.0006233749954844825,5433.0
173.1,111.22915362894403,linear,0.0008311950005008839,6775.0
232.59999999999997,113.45510116502244,linear,0.00077635700290557,7446.0
152.70000000000002,125.50534381844955,linear,0.0006101359977037646,0.0
186.7,123.57525683216993,linear,0.0006345680012600496,9217.0
164.59999999999997,127.10327654255937,linear,0.0004793960033566691,0.0
185.0,127.40675897526157,linear,0.000214785999560263,0.0
179.9,128.51194075703071,linear,0.00020267000218154863,0.0
174.79999999999998,123.57222484325719,linear,0.00037266900471877307,0.0
183.3,125.62457484222831,linear,0.0006038909996277653,7873.0
179.9,125.34177020466734,linear,0.000571059004869312,0.0
156.10000000000002,126.79051356788817,linear,0.0005796580007881857,0.0
205.4,123.93800429326596,linear,0.0007164460039348342,0.0
205.4,126.51099969899617,linear,0.0005685939977411181,5615.0
195.2,129.53086057789486,linear,0.0006097190052969381,6897.0
215.6,130.63766568563244,linear,0.0007624620047863573,9034.0
186.7,134.13192505346572,linear,0.0005509440015885048,0.0
236.0,136.94939933957107,linear,0.000775599000917282,9583.0
213.9,139.99512478132831,linear,0.000605961999099236,5615.0
246.2,140.84048528188393,linear,0.0006131190020823851,6470.0
188.4,145.7717840788641,linear,0.0007850299953133799,10010.0
198.6,143.05840926025596,linear,0.0006252829989534803,10315.0
242.8,144.06653437843767,linear,0.00082986599591095,5920.0
280.2,144.91708570836667,linear,0.0005916520021855831,6531.0
178.2,151.45199027950935,linear,0.0006174410009407438,5127.0
256.4,144.71646177771368,linear,0.0006141449994174764,7630.0
249.59999999999997,151.28766445184817,linear,0.0005932089989073575,6775.0
276.79999999999995,156.25769192586745,linear,0.00021783600095659494,28870.0
161.19999999999996,159.55638626813243,linear,0.0006083959960960783,4212.0
232.59999999999997,147.91545942038817,linear,0.0006966419969103299,3663.0
280.2,153.06267915363432,linear,0.0006593669968424365,4944.0
247.9,155.65985436306417,linear,0.0006269860023166984,5432.0
268.3,155.4502797527127,linear,0.00048321400390705094,5982.0
207.1,154.7636226163306,linear,0.0006774979992769659,5493.0
258.1,158.90902273503374,linear,0.0006045530026312917,5798.0
230.9,161.35822170235562,linear,0.0006613040022784844,6287.0
278.5,156.67805350699706,linear,0.0007033229994704016,5554.0
239.39999999999998,159.69997482372014,linear,0.0007575589988846332,4150.0
280.2,156.95409182533876,linear,0.0006683280007564463,4212.0
236.0,163.9654212275976,linear,0.0006155380033305846,6286.0
215.6,161.80365245859815,linear,0.0005266740045044571,0.0
207.1,160.12861339359767,linear,0.0004762559983646497,0.0
234.29999999999998,153.2622970227478,linear,0.000557755003683269,5005.0
234.29999999999998,152.81062858985467,linear,0.0005401309972512536,6469.0
263.2,148.51653050485197,linear,0.0006437849951907992,3540.0
239.39999999999998,151.2438907924042,linear,0.0007506980036851019,6714.0
236.0,153.5053743078191,linear,0.0005798140045953915,5493.0
198.6,156.18429713794077,linear,0.0006230619983398356,4822.0
202.0,152.62747386215514,linear,0.0006421450016205199,5005.0
220.7,149.44193472611474,linear,0.0005924299985053949,7813.0
258.1,145.4704610437024,linear,0.0006450319997384213,5677.0
234.29999999999998,147.43391861098394,linear,0.0005480539985001087,9643.0
247.9,147.30100850271032,linear,0.0006471359956776723,0.0
253.0,152.01778786269372,linear,0.0005837569988216273,7263.0
215.6,156.92656572104667,linear,0.0005517280005733483,4700.0
266.59999999999997,156.2776500202571,linear,0.000691904999257531,4761.0
331.20000000000005,157.22113521153645,linear,0.0007626259975950234,13061.0
195.2,166.8148908574049,linear,0.0005121700014569797,4638.0
207.1,161.41348011131151,linear,0.0007633349960087799,5859.0
317.6000000000001,156.82673044041016,linear,0.0009290309972129762,4211.0
208.8,166.95361129194345,linear,0.0006995090006967075,2747.0
200.3,161.19030982290002,linear,0.001163290005933959,7385.0
181.6,148.5503359282356,linear,0.000834849000966642,10621.0
229.2,147.15293955478094,linear,0.0009283580002374947,0.0
198.6,149.28463050959323,linear,0.0005704390059690922,6836.0
193.5,137.9917575239635,linear,0.0007058359988150187,3418.0
166.29999999999995,136.45625568815663,linear,0.0006014030004735105,5127.0
181.6,133.11421078614705,linear,0.0006564629948115908,5493.0
152.70000000000002,133.06421854765685,linear,0.000704256999597419,6531.0
156.10000000000002,125.70040453247766,linear,0.0005583770034718327,6592.0
190.1,121.59062784526033,linear,0.0006111210022936575,0.0
152.70000000000002,121.42021572382478,linear,0.0006918479994055815,7019.0
152.70000000000002,120.03844211989276,linear,0.000650499998300802,3601.0
144.19999999999996,117.22639306431458,linear,0.0004868299947702326,7690.0
145.89999999999998,116.37909000708132,linear,0.0006530339960590936,5859.0
220.7,115.35615888120971,linear,0.0008328620024258271,6226.0
132.29999999999998,118.59216837790696,linear,0.0005749560004915111,5860.0
152.70000000000002,116.47708610111677,linear,0.00025038400053745136,0.0
76.19999999999999,116.38043211150344,linear,0.0008579810019000433,5188.0
105.1,109.63917670462602,linear,0.0006929090013727546,6286.0
106.79999999999998,105.6036892826494,linear,0.0002484009964973666,7691.0
84.69999999999999,94.85447745545898,linear,0.0004575600032694638,0.0
135.69999999999996,90.2013198028742,linear,0.0007054819943732582,5493.0
103.4,88.78879295537972,linear,0.0005979720008326694,3723.0
101.69999999999999,91.35134327791012,linear,0.0005258730016066693,7630.0
47.30000000000001,90.95317403707567,linear,0.0006249110010685399,7141.0
83.0,85.08403597937448,linear,0.0007294919996638782,8361.0
81.29999999999998,84.88517174477957,linear,0.0009369069957756437,4516.0
96.6,79.77601664511208,linear,0.0008106160021270625,4700.0
77.9,79.17728724348748,linear,0.0007750549993943423,6653.0
72.79999999999998,76.91979156563443,linear,0.0006003509988659061,4821.0
89.79999999999998,79.26861427147362,linear,0.0007860019977670163,6226.0
59.19999999999999,79.97122342159669,linear,0.0009043250029208139,5677.0
84.69999999999999,77.76553508151032,linear,0.0007522119994973764,6103.0
15.000000000000004,76.67419765691699,linear,0.0007146389980334789,7324.0
67.69999999999999,70.46246127277345,linear,0.0007826959990779869,2258.0
72.79999999999998,70.00264492745515,linear,0.0005669239981216379,0.0
52.399999999999984,68.53063318511862,linear,0.0005946519959252328,6409.0
55.8,67.79127361244306,linear,0.000640614001895301,3906.0
42.20000000000002,65.0677351077971,linear,0.0006627260008826852,4394.0
33.70000000000001,67.57605774974587,linear,0.0006013640013406985,5188.0
72.79999999999998,64.25821509038047,linear,0.0006087360015953891,6470.0
45.60000000000001,64.40037143984152,linear,0.0008361229993170127,3601.0
54.099999999999994,63.72825550297777,linear,0.0002522879949538037,9888.0
71.1,63.554986886465684,linear,0.0006364440050674602,4517.0
57.5,66.40786900970666,linear,0.0006467839994002134,5737.0
50.7,68.63204669463275,linear,0.0007295310060726479,3418.0
40.49999999999999,66.49306059623389,linear,0.0006425019964808598,0.0
25.20000000000001,65.946312808359,linear,0.0003736770013347268,0.0
33.70000000000001,63.0872338021001,linear,0.0005637920039589517,5127.0
67.69999999999999,59.51989354424982,linear,0.0007170720055000857,4272.0
35.4,60.6406195040976,linear,0.000598370999796316,5676.0
18.399999999999995,59.140555097348255,linear,0.0004966540000168607,0.0
4.799999999999997,56.91566205940328,linear,0.0006394660013029352,5066.0
8.200000000000005,54.87160330266175,linear,0.0006946520006749779,6470.0
6.500000000000001,52.37959653422336,linear,0.0005235159987933002,5859.0
28.599999999999984,46.55452498186534,linear,0.0005092740029795095,7447.0
20.099999999999998,45.99572073277172,linear,0.0007030820052023046,7263.0
9.899999999999991,46.18695169055462,linear,0.0007136189960874617,6104.0
6.500000000000001,46.61862053257805,linear,0.0006411970025510527,4882.0
-3.7000000000000046,46.42516164509015,linear,0.0005845630003022961,4822.0
-0.29999999999999727,45.38282619376565,linear,0.0007490729985875078,4150.0
-10.500000000000004,42.61622724094022,linear,0.0005761349966633134,0.0
-13.900000000000002,39.66792495865389,linear,0.0006486089987447485,4761.0
4.799999999999997,37.36030699666481,linear,0.0006483250035671517,4028.0
-39.40000000000001,37.2673321050543,linear,0.0006602280045626685,5920.0
-25.800000000000004,33.7273030632287,linear,0.0004834830033360049,0.0
-22.399999999999995,31.25574141408334,linear,0.0005728030009777285,7019.0
-7.100000000000004,30.159279983084,linear,0.0006100500031607226,7874.0
-3.7000000000000046,30.851729472960805,linear,0.00036196500150253996,8911.0
-7.100000000000004,30.12650976867541,linear,0.000628567002422642,6775.0
-3.7000000000000046,33.199678415446854,linear,0.0006263760005822405,5921.0
-0.29999999999999727,35.317233444343856,linear,0.0006831979990238324,6104.0
-27.5,37.43608769808985,linear,0.0006422929945983924,8973.0
-12.200000000000006,35.39021576749657,linear,0.0006248309946386144,7386.0
-27.5,34.57935190926338,linear,0.0004982989994459786,3906.0
-10.500000000000004,32.59940192135859,linear,0.0005863389960722998,4334.0
-8.800000000000008,31.9741088633525,linear,0.0006179479969432577,0.0
-25.800000000000004,31.228671378617225,linear,0.0008653300028527156,17151.0
-36.0,31.31893273457699,linear,0.0004405729996506125,6592.0
-39.40000000000001,28.98602197973102,linear,0.0005740510023315437,7690.0
-15.599999999999998,27.796583816346825,linear,0.0006271879974519834,5005.0
-15.599999999999998,27.383731744715522,linear,0.0007151969984988682,0.0
-37.7,26.798098624129032,linear,0.0007188020026660524,7752.0
-59.8,25.59131430062639,linear,0.000629185997240711,8362.0
-42.8,23.193809978096684,linear,0.000762797993957065,16785.0
-46.2,22.859258026730597,linear,0.0006805250013712794,7873.0
-39.40000000000001,19.951675485990666,linear,0.0005980439964332618,14038.0
-42.8,17.713108244363372,linear,0.0005095079977763817,5738.0
-51.3,17.249414785963467,linear,0.0004596900034812279,8118.0
-39.40000000000001,18.00874148180319,linear,0.0006920999949215911,0.0
-44.49999999999999,18.36274778112215,linear,0.0004942140003549866,0.0
-51.3,18.524338616747386,linear,0.0005494130018632859,7324.0
-41.10000000000001,17.354280505953884,linear,0.00047531699965475127,10925.0
-44.49999999999999,17.548232167438332,linear,0.0008666749999974854,6836.0
-44.49999999999999,18.19540232780628,linear,0.0004963649989804253,7874.0
-46.2,17.705575414740498,linear,0.0006275630003074184,5738.0
-42.8,17.54387611202502,linear,0.0006891230004839599,4211.0
-12.200000000000006,18.355687906776687,linear,0.0005471410040627234,0.0
-51.3,21.24101766179157,linear,0.0005797250050818548,8240.0
-46.2,20.51335435070242,linear,0.0006908659997861832,0.0
-53.0,20.291857637658037,linear,0.0006075240016798489,9094.0
-51.3,19.623554494502883,linear,0.0006776360023650341,9033.0
-54.7,18.77032147170357,linear,0.0005524890002561733,0.0
-51.3,14.733275475984158,linear,0.0004923410015180707,0.0
-53.0,14.733156989513285,linear,0.0006871660007163882,0.0
-53.0,14.089993860501268,linear,0.0005119439956615679,7324.0
-54.7,14.084813377972742,linear,0.0004318489955039695,0.0
-54.7,13.756819800843038,linear,0.0005610969965346158,4944.0
-49.6,13.749878211193728,linear,0.0006989980029175058,7507.0
-56.4,13.932409955344637,linear,0.000656099000480026,10742.0
-54.7,13.593116789808592,linear,0.0007660749979550019,12573.0
-59.8,13.424468023181612,linear,0.000842171000840608,9033.0
-44.49999999999999,12.921597904682185,linear,0.0007659160037292168,8301.0
-54.7,13.936647625174421,linear,0.0007392180050374009,9155.0
-56.4,13.450125891282342,linear,0.0008230399980675429,7995.0
-53.0,13.42187297400172,linear,0.0005863810001756065,7019.0
-37.7,13.598531999273114,linear,0.000661703001242131,0.0
-53.0,15.759390057946723,linear,0.0006805099983466789,6226.0
-54.7,14.932861444499395,linear,0.000943482002185192,4578.0
-51.3,14.897903708736525,linear,0.0006910899974172935,6470.0
-54.7,15.391268281906253,linear,0.0008658709994051605,8606.0
-56.4,15.20744449922455,linear,0.000685850995068904,8179.0
-51.3,13.420115753568396,linear,0.0006039189975126646,0.0
-46.2,13.59923783903011,linear,0.0006409060006262735,6592.0
-44.49999999999999,14.43775878167149,linear,0.000734116998501122,9826.0
-41.10000000000001,15.10856794035346,linear,0.0006780940020689741,6653.0
-29.200000000000003,16.427839096159484,linear,0.0008517940004821867,11169.0
-34.300000000000004,19.07556861899398,linear,0.0010412420015200041,10803.0
-30.9,20.703771936108332,linear,0.0008179520009434782,8179.0
-36.0,22.168621266245633,linear,0.0008414109979639761,8789.0
-37.7,22.96772956645183,linear,0.0006556279986398295,5310.0
-25.800000000000004,23.26465978273488,linear,0.000876217003678903,8484.0
-13.900000000000002,23.634079427337323,linear,0.00041796099685598165,6348.0
-20.700000000000003,25.649586467015475,linear,0.000767865996749606,8545.0
-19.000000000000007,26.63131983526244,linear,0.0005674550047842786,9522.0
-32.6,28.25304907325575,linear,0.0007275389943970367,0.0
-12.200000000000006,28.684393952915418,linear,0.0007037179966573603,8728.0
-5.400000000000008,30.018852838463452,linear,0.0006326160000753589,6225.0
-10.500000000000004,30.9046825868377,linear,0.0006357460006256588,6104.0
6.500000000000001,31.87511227821621,linear,0.00019345599866937846,0.0
8.200000000000005,34.38043301283611,linear,0.0007859170000301674,9949.0
31.999999999999993,38.30567200157786,linear,0.0005013490008423105,7385.0
28.599999999999984,42.61783662129021,linear,0.0006779500035918318,19409.0
21.8,45.914137314550445,linear,0.000828680997074116,0.0
64.29999999999998,48.95811820649209,linear,0.0006751629989594221,0.0
62.599999999999994,54.62665089821991,linear,0.0007814780037733726,9277.0
60.900000000000006,59.88963297845188,linear,0.0008149999994202517,7019.0
50.7,62.650661797980646,linear,0.000720994001312647,5249.0
43.9,64.73421765233796,linear,0.0008575140018365346,9033.0
43.9,66.7615323184561,linear,0.0007674369990127161,7812.0
94.9,64.79651444274579,linear,0.0005904909994569607,8544.0
106.79999999999998,68.07079637100553,linear,0.0004692959992098622,0.0
122.10000000000001,72.62032341637362,linear,0.00033680699561955407,0.0
91.5,79.5412321212322,linear,0.0006735729984939098,8423.0
151.00000000000003,84.02125377156793,linear,0.00025933900178642944,23987.0
140.79999999999995,94.37093400960178,linear,0.00025185700360452756,24597.0
185.0,98.8365984504535,linear,0.0006990080000832677,3601.0
156.10000000000002,106.44326502656324,linear,0.0009711710008559749,5005.0
222.4,109.7169811370229,linear,0.0007567279972136021,8117.0
142.49999999999997,122.36389106428935,linear,0.0006140879995655268,7813.0
151.00000000000003,121.41171623045767,linear,0.0003205839966540225,0.0
152.70000000000002,122.21198347212633,linear,0.0006418799966922961,9765.0
230.9,119.17265400973862,linear,0.0005046430014772341,6469.0
278.5,126.5448020228682,linear,0.0005225770000834018,7019.0
225.8,132.32386880909385,linear,0.0005542630024137907,5554.0
256.4,140.19980867578366,linear,0.0005548749977606349,9704.0
314.2,150.29150968075558,linear,0.0006015949984430335,7019.0
237.69999999999996,165.93823959414055,linear,0.0005099940026411787,6958.0
360.1,166.38579167708556,linear,0.0006163189973449335,6836.0
266.59999999999997,174.5315699308474,linear,0.0006733899936079979,6592.0
275.1,178.32177391704437,linear,0.0005641919997287914,7202.0
266.59999999999997,179.89437597891214,linear,0.000598285005253274,7080.0
225.8,175.40361587172714,linear,0.0006205820027389564,8423.0
254.69999999999996,173.97611247811574,linear,0.0009220710053341463,15991.0
91.5,164.00206707142925,linear,0.0006307239964371547,0.0
256.4,146.71068576798797,linear,0.0005574430033448152,4638.0
217.3,145.18365778165057,linear,0.0006541460024891421,8301.0
196.9,140.69900274388823,linear,0.0005442920009954832,5616.0
188.4,137.75137280515244,linear,0.0005825610060128383,0.0
164.59999999999997,131.50218218263274,linear,0.0006934429984539747,6164.0
212.2,138.22871236518088,linear,0.0006302690017037094,0.0
173.1,134.15775657430635,linear,0.0005460739994305186,5432.0
203.7,129.9046487467537,linear,0.0006167660030769184,6531.0
145.89999999999998,130.5940166104998,linear,0.0008416690034209751,6836.0
132.29999999999998,126.40709355078437,linear,0.0007298330019693822,3357.0
191.8,123.10115317976854,linear,0.0007158640000852756,5615.0
176.5,121.37140191468802,linear,0.0008602309972047806,5982.0
213.9,121.73057094031478,linear,0.0005932730055064894,4212.0
168.0,122.86840042118799,linear,0.0006286510033532977,2563.0
145.89999999999998,124.9114813994702,linear,0.0005821130034746602,0.0
198.6,125.98163868000505,linear,0.0007333850007853471,3845.0
130.59999999999997,126.79030009857838,linear,0.0007382080002571456,0.0
137.39999999999998,122.22263904076003,linear,0.000736328998755198,9766.0
164.59999999999997,114.8334673779025,linear,0.0008440710007562302,6287.0
176.5,114.64062489128713,linear,0.0007638640017830767,7446.0
145.89999999999998,117.61221587282941,linear,0.0006238260029931553,5737.0
111.9,112.55301831754187,linear,0.0008420989979640581,7873.0
147.59999999999997,110.57413370068339,linear,0.00019762000010814518,15014.0
149.29999999999998,111.58028804481995,linear,0.0006347680027829483,6591.0
164.59999999999997,110.18075532782221,linear,0.0007065869940561242,6286.0
174.79999999999998,109.13056699464055,linear,0.0007751629964332096,6347.0
178.2,111.99953411156652,linear,0.0005131180005264468,0.0
168.0,118.34265440077145,linear,0.0005590560031123459,0.0
127.2,120.26484414532622,linear,0.0006796520028728992,3418.0
147.59999999999997,117.96855552890533,linear,0.0006623389999731444,5982.0
200.3,116.32048519696747,linear,0.0006451389999710955,4761.0
164.59999999999997,118.98540168243682,linear,0.0005344839955796488,0.0
137.39999999999998,117.6736119957341,linear,0.0007911909997346811,3906.0
229.2,114.61853263970526,linear,0.0004265349998604506,0.0
147.59999999999997,124.63259284275256,linear,0.0006455780021497048,5066.0
135.69999999999996,124.4740962212558,linear,0.0008189700020011514,10986.0
147.59999999999997,118.12032445356135,linear,0.0007356479982263409,7812.0
171.4,116.53915873449118,linear,0.0007281440048245713,8300.0
181.6,119.80700225210916,linear,0.0006059610022930428,5494.0
174.79999999999998,115.41813009033217,linear,0.0006092809999245219,3235.0
127.2,118.0311216629141,linear,0.0006470459993579425,6470.0
149.29999999999998,117.0232739277069,linear,0.000605918001383543,0.0
123.79999999999998,117.1438199496612,linear,0.0006448610001825728,4334.0
149.29999999999998,112.53027729242427,linear,0.0007361549942288548,7080.0
179.9,109.48366576579177,linear,0.00039757599734002724,16907.0
139.09999999999997,110.1805905847021,linear,0.0005335879977792501,9338.0
174.79999999999998,111.21434204745151,linear,0.0003417270054342225,7812.0
151.00000000000003,113.726355922224,linear,0.0007201150001492351,10010.0
178.2,116.2917572967638,linear,0.0006160730044939555,5493.0
176.5,119.07515714716334,linear,0.0005670989994541742,6775.0
198.6,118.84060432980867,linear,0.0006707080028718337,6958.0
179.9,124.5747894605588,linear,0.0007685740056331269,7629.0
169.7,125.06613014100938,linear,0.0006212210064404644,8484.0
157.8,126.75471820515347,linear,0.0005693830025848001,7263.0
142.49999999999997,124.7408810938246,linear,0.0006470020016422495,0.0
190.1,121.38481236043332,linear,0.0005627220016322099,10132.0
147.59999999999997,120.7277477532485,linear,0.0005600439981208183,8728.0
115.29999999999998,117.59137500794347,linear,0.0006254999971133657,8484.0
127.2,112.19597490717243,linear,0.0007444030052283779,8972.0
152.70000000000002,109.25937156251176,linear,0.0008411480012000538,10559.0
179.9,110.30045625209183,linear,0.0007130049998522736,4455.0
120.39999999999998,109.51518060256558,linear,0.0005070789993624203,8057.0
198.6,106.78904573066947,linear,0.0006309149976004846,0.0
147.59999999999997,114.90864621296721,linear,0.0006591690034838393,5798.0
217.3,116.81229650238775,linear,0.0002411010063951835,9766.0
215.6,123.11262186636134,linear,0.0006506820063805208,7446.0
156.10000000000002,126.72633902466309,linear,0.00021158599702175707,0.0
159.49999999999997,129.84963850153983,linear,0.0005409320001490414,7996.0
208.8,126.0516519308974,linear,0.0006013309975969605,5920.0
120.39999999999998,132.01964658447173,linear,0.0005699809989891946,7446.0
242.8,122.5308478722179,linear,0.0006387370012816973,7019.0
230.9,125.45141961316952,linear,0.0006501569951069541,9888.0
168.0,132.8131633895037,linear,0.0005913920031161979,7812.0
232.59999999999997,133.32973876763842,linear,0.0005588969943346456,6592.0
202.0,135.8020067871133,linear,0.0006556599983014166,10071.0
207.1,143.50921771841774,linear,0.000649622998025734,10803.0
266.59999999999997,140.06008324243058,linear,0.0006751010005245917,5433.0
264.9,143.7636957535127,linear,0.0006963249979889952,3846.0
208.8,153.0874789856233,linear,0.0005744020018028095,10192.0
327.79999999999995,150.63906934775702,linear,0.0007100360016920604,11536.0
259.8,162.98566434090813,linear,0.000739803996111732,5737.0
348.19999999999993,167.96836563007824,linear,0.000494348001666367,0.0
276.79999999999995,175.95816569575211,linear,0.0006055949997971766,6775.0
154.39999999999998,177.0811934454324,linear,0.0006117430020822212,8422.0
144.19999999999996,171.17380142399531,linear,0.00026886200066655874,26733.0
275.1,153.38450943025848,linear,0.0004918760023429058,6714.0
239.39999999999998,155.19932438285394,linear,0.0005617490023723803,7568.0
246.2,144.99335191351645,linear,0.0004422939964570105,8789.0
244.49999999999997,142.1429192901029,linear,0.0005958350011496805,5798.0
321.00000000000006,150.78759985318774,linear,0.0005589350039372221,12390.0
198.6,167.84559662694815,linear,0.0006352829950628802,5433.0
247.9,160.27982095123267,linear,0.0006179070041980594,8789.0
239.39999999999998,161.01487371070215,linear,0.0005149880016688257,0.0
215.6,160.43466160448727,linear,0.0005132939986651763,0.0
236.0,157.48715118072326,linear,0.000512696999066975,6713.0
286.99999999999994,149.50037070464634,linear,0.00044550999882631004,0.0
253.0,158.13381881047724,linear,0.0006617289982386865,7386.0
241.1,158.61323912711018,linear,0.000506251999468077,0.0
181.6,158.6904152946385,linear,0.00042617500002961606,20691.0
290.3999999999999,155.18011741114532,linear,0.0005400230002123863,0.0
246.2,160.60022267530925,linear,0.0005501819978235289,8484.0
222.4,156.79161550498765,linear,0.0006518439986393787,9155.0
225.8,153.70141075607546,linear,0.00043894700502278283,0.0
244.49999999999997,152.26261418911514,linear,0.0003914599947165698,0.0
229.2,158.24472073706758,linear,0.00022474899742519483,0.0
256.4,152.41468255677282,linear,0.0003953709965571761,0.0
246.2,153.48125387464142,linear,0.0005634729968733154,7141.0
224.1,155.77499489091244,linear,0.0005537639954127371,14526.0
295.5,155.49430623451016,linear,0.0006972819974180311,0.0
174.79999999999998,160.60075680567007,linear,0.000710352003807202,13488.0
178.2,155.08137615916192,linear,0.0005136870022397488,0.0
207.1,147.37459460071426,linear,0.0005558400007430464,0.0
207.1,143.7629807623338,linear,0.0003752289994736202,8362.0
176.5,142.11922093571977,linear,0.000724391000403557,7080.0
232.59999999999997,130.74312363620254,linear,0.0005520690028788522,5676.0
159.49999999999997,136.41013158842722,linear,0.00035910799488192424,0.0
212.2,134.44432345215515,linear,0.0005484390057972632,7996.0
210.5,134.97187292139077,linear,0.0004982899990864098,0.0
198.6,135.4290099024645,linear,0.0004871789933531545,9582.0
188.4,137.44119797773763,linear,0.0005543340012081899,0.0
193.5,133.22538758370743,linear,0.0006947779984329827,7019.0
161.19999999999996,136.42346609948876,linear,0.000330814000335522,0.0
159.49999999999997,131.43859165338395,linear,0.00024029400083236396,12268.0
154.39999999999998,126.49724921658056,linear,0.00019659600366139784,17151.0
173.1,122.25464110757592,linear,0.0002023759952862747,29602.0
164.59999999999997,120.84026120530723,linear,0.0003616089961724356,0.0
122.10000000000001,118.11436559542813,linear,0.00028485800430644304,0.0
176.5,114.20549677330601,linear,0.0006745069986209273,8118.0
176.5,115.94516113297996,linear,0.00033208799868589267,0.0
145.89999999999998,118.15087651463847,linear,0.0002658700032043271,23681.0
86.4,115.44742702014562,linear,0.000828595002531074,6897.0
135.69999999999996,107.73304648851314,linear,0.0008876020001480356,7690.0
110.19999999999999,109.03331815758627,linear,0.0006048540017218329,7935.0
152.70000000000002,102.69457892113567,linear,0.0006394619995262474,7812.0
110.19999999999999,100.54646614340528,linear,0.0006278180007939227,7690.0
93.19999999999999,97.1255303855937,linear,0.00047997400542953983,10254.0
123.79999999999998,97.58004809274078,linear,0.0005736520033678971,7507.0
113.6,96.54113394021839,linear,0.0006372849966282956,7996.0
115.29999999999998,96.84795712486091,linear,0.0006542099945363589,7995.0
137.39999999999998,93.29680664287307,linear,0.0004995439958292991,9949.0
88.1,96.0000880136771,linear,0.0006629259951296262,0.0
117.0,95.35035616358387,linear,0.0005512039933819324,0.0
79.6,94.71294899028217,linear,0.0004963559986208566,5126.0
100.0,91.38197265292307,linear,0.00019612499454524368,22888.0
101.69999999999999,89.89108821494217,linear,0.0002891219992307015,10437.0
105.1,86.57124662198198,linear,0.00044441200589062646,12329.0
60.900000000000006,88.18425508605503,linear,0.00044276200060267,10681.0
96.6,82.70272752585,linear,0.00022529999841935933,0.0
62.599999999999994,84.34648273996407,linear,0.00022353600070346147,0.0
40.49999999999999,80.71562393616043,linear,0.0004596719954861328,0.0
66.0,74.7063660579593,linear,0.000500189999002032,4822.0
66.0,71.05442235569932,linear,0.0007172059995355085,6530.0
59.19999999999999,71.55684381005096,linear,0.000766605997341685,5005.0
38.800000000000004,67.98733969534248,linear,0.00041518300713505596,0.0
74.5,65.64595554418067,linear,0.0006113849958637729,0.0
50.7,68.95981329993396,linear,0.0006057389982743189,4334.0
40.49999999999999,67.48260767511958,linear,0.0005766020040027797,0.0
50.7,64.96442433277257,linear,0.0004952460003551096,0.0
31.999999999999993,64.18735506290494,linear,0.00046476699935738,4394.0
60.900000000000006,63.45371305837802,linear,0.0007856099982745945,5615.0
71.1,62.24079890172353,linear,0.0006187679973663762,5310.0
38.800000000000004,64.29856052445174,linear,0.0005360220020520501,6409.0
16.700000000000006,64.03162919105175,linear,0.0006171970017021522,4456.0
21.8,60.652954479811605,linear,0.000645045998680871,7446.0
-13.900000000000002,59.62006408499544,linear,0.0005903540004510432,12084.0
30.300000000000004,52.332173834918486,linear,0.0006932230025995523,6531.0
30.300000000000004,48.543784352376186,linear,0.0006826509998063557,7446.0
25.20000000000001,47.84166001768549,linear,0.0007268810004461557,5737.0
3.099999999999994,48.632123763049876,linear,0.0004886280003120191,5860.0
8.200000000000005,46.790557373567275,linear,0.0005380550064728595,6958.0
16.700000000000006,48.834235466605776,linear,0.00024087299971142784,0.0
37.1,47.572400894448045,linear,0.000804414004960563,6165.0
15.000000000000004,48.31780728400182,linear,0.0006818449983256869,4577.0
25.20000000000001,47.327096975098854,linear,0.0005748600015067495,2319.0
-2.000000000000001,49.42934323911519,linear,0.0006805719967815094,4700.0
-20.700000000000003,48.36842594610924,linear,0.0006560760011780076,3967.0
-10.500000000000004,44.64586813883408,linear,0.0005126079995534383,5554.0
4.799999999999997,40.10997583985323,linear,0.000345761000062339,0.0
3.099999999999994,39.19731019589217,linear,0.0004521349983406253,0.0
-15.599999999999998,37.13433156897215,linear,0.0006806870005675592,2503.0
-5.400000000000008,35.78220962810537,linear,0.0005821660015499219,6348.0
-13.900000000000002,37.234960004414766,linear,0.0006020239961799234,0.0
6.500000000000001,36.884037256302825,linear,0.0006411670037778094,4151.0
-2.000000000000001,37.10350477751785,linear,0.0006837050023023039,5676.0
-2.000000000000001,36.645577514250924,linear,0.0005307579995132983,5249.0
-10.500000000000004,37.92000496874548,linear,0.0006370780029101297,6103.0
-17.3,37.410548518234684,linear,0.0005676250002579764,2747.0
-24.1,37.02278261073708,linear,0.0005953529980615713,5738.0
-13.900000000000002,34.06424542146473,linear,0.0002499920010450296,15808.0
-25.800000000000004,32.94727530961904,linear,0.00019801099551841617,0.0
-17.3,30.65589910760344,linear,0.00019619299564510584,0.0
-20.700000000000003,30.018020940635406,linear,0.00041833399882307276,0.0
-29.200000000000003,29.704626200167244,linear,0.0005655150016536936,19471.0
-7.100000000000004,29.168912180263217,linear,0.00045852599578211084,4821.0
-22.399999999999995,29.89327306262115,linear,0.0006023360037943348,5859.0
-32.6,30.20032593299989,linear,0.0005916719965171069,5005.0
-37.7,28.67226022067528,linear,0.0005498579994309694,4944.0
-41.10000000000001,27.015007169526516,linear,0.0004581620014505461,6348.0
-32.6,25.8305010574415,linear,0.0006764889985788614,8606.0
-34.300000000000004,23.42813758177723,linear,0.0005774550008936785,5860.0
-32.6,22.310452216117984,linear,0.0006342240012600087,0.0
-58.1,22.31832669997275,linear,0.0005607629937003367,7020.0
-42.8,20.28210979379217,linear,0.0005768230039393529,4639.0
-61.5,20.11335389809457,linear,0.0006519359958474524,11292.0
-46.2,17.31288358863691,linear,0.0006015949984430335,4822.0
-47.900000000000006,16.188244468829318,linear,0.0007182749977800995,6103.0
-56.4,14.77458325876071,linear,0.0005493100034072995,8423.0
-39.40000000000001,14.888027459906512,linear,0.0002776100009214133,0.0
-46.2,15.27591922370047,linear,0.00023566999880131334,0.0
-25.800000000000004,16.735017822834568,linear,0.00028369999927235767,12940.0
-32.6,18.74827495070277,linear,0.0003571880006347783,0.0
-53.0,20.2389047238738,linear,0.00027693399897543713,7935.0
-39.40000000000001,20.461099890264347,linear,0.00021509500220417976,0.0
-49.6,20.475234983930342,linear,0.000544350994459819,4456.0
-41.10000000000001,20.11984158062165,linear,0.0005484160064952448,0.0
-51.3,18.671559411728555,linear,0.00045795299956807867,8545.0
-58.1,16.88341830256888,linear,0.0006207679980434477,9582.0
-53.0,16.336528708098513,linear,0.0005039390016463585,6958.0
-54.7,15.049387638790508,linear,0.00023058000078890473,0.0
-49.6,14.556517397679075,linear,0.0005332549990271218,10742.0
-53.0,13.7678806747386,linear,0.0005063569988124073,0.0
-63.2,13.61041341359645,linear,0.0008288499957416207,9460.0
-49.6,13.073997440622867,linear,0.0007004420040175319,8789.0
-49.6,13.428827965282348,linear,0.0004260829955455847,7324.0
-53.0,13.93912449054547,linear,0.000616561999777332,6592.0
-61.5,13.605112602140691,linear,0.0002096169992000796,0.0
-46.2,12.765063537745506,linear,0.000378586002625525,7507.0
-47.900000000000006,14.415520288978506,linear,0.0006766359947505407,9033.0
-30.9,14.60299594626557,linear,0.0005147280025994405,11718.0
-46.2,16.45349083156702,linear,0.0004491599975153804,13245.0
-47.900000000000006,17.093475747462477,linear,0.0007085549950716086,7935.0
-54.7,18.342964877906688,linear,0.0006500529998447746,4333.0
-54.7,17.50352075777845,linear,0.00047054099559318274,6775.0
-54.7,16.821176981092147,linear,0.0006076830031815916,7508.0
-58.1,14.55839689038337,linear,0.000607679998211097,9338.0
-47.900000000000006,13.408823837649589,linear,0.000623649000772275,7324.0
-39.40000000000001,13.445065535906359,linear,0.0006258389985305257,7569.0
-47.900000000000006,14.960404231786187,linear,0.0005594549948000349,0.0
-47.900000000000006,15.598495849796636,linear,0.0006592770005227067,4761.0
-29.200000000000003,16.23600748434645,linear,0.0005467759983730502,7568.0
-42.8,19.058396109933447,linear,0.0005067689999123104,6042.0
-41.10000000000001,19.527379224163546,linear,0.0006262730021262541,7934.0
-17.3,19.352128477888073,linear,0.0007123960021999665,3052.0
-41.10000000000001,22.36928930538731,linear,0.0007363370023085736,0.0
-34.300000000000004,22.9646727358875,linear,0.0005694499996025115,3479.0
-17.3,22.466719305444826,linear,0.0007370210005319677,5554.0
-8.800000000000008,24.98007129020802,linear,0.0006172599969431758,0.0
-3.7000000000000046,28.111958255383286,linear,0.0004875129961874336,0.0
3.099999999999994,29.47380795660315,linear,0.0006586240051547065,3906.0
-17.3,33.732797285283645,linear,0.0006411700014723465,2930.0
-10.500000000000004,35.28440150566361,linear,0.0006727840009261854,7019.0
13.3,35.90968219739595,linear,0.0005634199987980537,0.0
-0.29999999999999727,38.11797890567358,linear,0.0006765380021533929,7080.0
38.800000000000004,38.43619170298157,linear,0.0006608539988519624,9094.0
26.9,41.9860797053184,linear,0.0005604609978036024,5493.0
25.20000000000001,46.247317305127176,linear,0.0006408659974113107,5066.0
47.30000000000001,49.61068987203119,linear,0.0006075640048948117,6897.0
31.999999999999993,52.95466936831316,linear,0.0006570369951077737,6836.0
66.0,55.99690441548913,linear,0.0006453660025727004,6104.0
38.800000000000004,58.70274360928036,linear,0.0007928490013000555,0.0
66.0,59.8160813991126,linear,0.00039617600123165175,0.0
72.79999999999998,63.74082136200984,linear,0.0004528150020632893,6287.0
52.399999999999984,66.27676146884747,linear,0.0004166919970884919,0.0
83.0,68.13621517458526,linear,0.0006886839983053505,8667.0
98.29999999999998,69.85914629355725,linear,0.0007385149947367609,5920.0
118.69999999999999,75.6430279608709,linear,0.0007247860048664734,5432.0
122.10000000000001,80.78427992500387,linear,0.00045381100062513724,6042.0
122.10000000000001,85.57849118753586,linear,0.0006790390034439042,8239.0
120.39999999999998,92.22677726454772,linear,0.00045911300549050793,0.0
156.10000000000002,95.78565916839513,linear,0.0006038040010025725,7690.0
161.19999999999996,101.42100456291742,linear,0.0006817879984737374,6470.0
202.0,105.57618121123289,linear,0.0005690370016964152,8545.0
161.19999999999996,113.3802250578154,linear,0.0005650940001942217,7995.0
164.59999999999997,117.06337686146733,linear,0.0004994359987904318,0.0
205.4,121.18820947462648,linear,0.0006118389937910251,5127.0
183.3,126.05391200604483,linear,0.0007444770017173141,7019.0
176.5,128.13132650629208,linear,0.0006147449967102148,5677.0
247.9,125.66385045447416,linear,0.0005842640021000989,4578.0
280.2,134.19961332798204,linear,0.000586259993724525,0.0
281.9,145.48240349267132,linear,0.0005794079988845624,4639.0
234.29999999999998,152.90039350698314,linear,0.0005835959964315407,3418.0
208.8,157.625675471256,linear,0.00024284500250359997,0.0
270.0,160.45849113895048,linear,0.00020244599727448076,0.0
246.2,162.7057766671671,linear,0.00020283699996070936,30823.0
215.6,159.4876001310738,linear,0.0002137830015271902,0.0
